-- MySQL dump 10.13  Distrib 8.0.31, for Win64 (x86_64)
--
-- Host: i8e104.p.ssafy.io    Database: patpatDB
-- ------------------------------------------------------
-- Server version	8.0.32

/*!40101 SET @OLD_CHARACTER_SET_CLIENT=@@CHARACTER_SET_CLIENT */;
/*!40101 SET @OLD_CHARACTER_SET_RESULTS=@@CHARACTER_SET_RESULTS */;
/*!40101 SET @OLD_COLLATION_CONNECTION=@@COLLATION_CONNECTION */;
/*!50503 SET NAMES utf8 */;
/*!40103 SET @OLD_TIME_ZONE=@@TIME_ZONE */;
/*!40103 SET TIME_ZONE='+00:00' */;
/*!40014 SET @OLD_UNIQUE_CHECKS=@@UNIQUE_CHECKS, UNIQUE_CHECKS=0 */;
/*!40014 SET @OLD_FOREIGN_KEY_CHECKS=@@FOREIGN_KEY_CHECKS, FOREIGN_KEY_CHECKS=0 */;
/*!40101 SET @OLD_SQL_MODE=@@SQL_MODE, SQL_MODE='NO_AUTO_VALUE_ON_ZERO' */;
/*!40111 SET @OLD_SQL_NOTES=@@SQL_NOTES, SQL_NOTES=0 */;

--
-- Table structure for table `alarm`
--

DROP TABLE IF EXISTS `alarm`;
/*!40101 SET @saved_cs_client     = @@character_set_client */;
/*!50503 SET character_set_client = utf8mb4 */;
CREATE TABLE `alarm` (
  `alarm_id` bigint NOT NULL AUTO_INCREMENT,
  `check_read` bit(1) DEFAULT NULL,
  `msg_code` int DEFAULT NULL,
  `regist_date` datetime(6) DEFAULT NULL,
  `user_id` bigint DEFAULT NULL,
  `missing_id` bigint DEFAULT NULL,
  `shelter_id` bigint DEFAULT NULL,
  `sp_dog_id` bigint DEFAULT NULL,
  PRIMARY KEY (`alarm_id`),
  KEY `FKd6g1gp6sn8nt3ku8y2mgu41vs` (`user_id`),
  CONSTRAINT `FKd6g1gp6sn8nt3ku8y2mgu41vs` FOREIGN KEY (`user_id`) REFERENCES `user` (`user_id`)
) ENGINE=InnoDB AUTO_INCREMENT=5781 DEFAULT CHARSET=utf8mb4 COLLATE=utf8mb4_0900_ai_ci;
/*!40101 SET character_set_client = @saved_cs_client */;

--
-- Dumping data for table `alarm`
--

LOCK TABLES `alarm` WRITE;
/*!40000 ALTER TABLE `alarm` DISABLE KEYS */;
INSERT INTO `alarm` VALUES (5739,_binary '\0',3,'2023-02-17 10:29:00.547219',416,NULL,NULL,5060),(5742,_binary '\0',3,'2023-02-17 10:29:01.023486',416,NULL,NULL,5090),(5745,_binary '\0',3,'2023-02-17 10:29:01.420397',416,NULL,NULL,5120),(5752,_binary '\0',3,'2023-02-17 10:31:32.334636',416,NULL,NULL,5150),(5754,_binary '',3,'2023-02-17 10:41:50.447680',13,NULL,NULL,5938),(5755,_binary '\0',3,'2023-02-17 10:41:50.456505',416,NULL,NULL,5938),(5756,_binary '',3,'2023-02-17 10:41:50.501891',13,NULL,NULL,5943),(5759,_binary '',3,'2023-02-17 10:43:27.476179',13,NULL,NULL,5969),(5761,_binary '\0',1,'2023-02-17 10:44:49.036664',416,NULL,397,NULL),(5762,_binary '\0',4,'2023-02-17 10:45:09.864338',416,NULL,NULL,NULL),(5763,_binary '\0',8,'2023-02-17 10:45:12.310676',416,NULL,NULL,NULL),(5765,_binary '\0',1,'2023-02-17 10:55:05.384660',416,NULL,397,NULL),(5766,_binary '\0',4,'2023-02-17 10:55:27.020810',416,NULL,NULL,NULL),(5767,_binary '\0',8,'2023-02-17 10:56:07.970416',416,NULL,NULL,NULL),(5769,_binary '',1,'2023-02-17 10:59:01.354642',3,NULL,391,NULL),(5770,_binary '\0',4,'2023-02-17 10:59:25.106910',421,NULL,NULL,NULL),(5771,_binary '',8,'2023-02-17 10:59:27.682237',421,NULL,NULL,NULL);
/*!40000 ALTER TABLE `alarm` ENABLE KEYS */;
UNLOCK TABLES;

--
-- Table structure for table `authority`
--

DROP TABLE IF EXISTS `authority`;
/*!40101 SET @saved_cs_client     = @@character_set_client */;
/*!50503 SET character_set_client = utf8mb4 */;
CREATE TABLE `authority` (
  `authority_name` varchar(50) NOT NULL,
  PRIMARY KEY (`authority_name`)
) ENGINE=InnoDB DEFAULT CHARSET=utf8mb4 COLLATE=utf8mb4_0900_ai_ci;
/*!40101 SET character_set_client = @saved_cs_client */;

--
-- Dumping data for table `authority`
--

LOCK TABLES `authority` WRITE;
/*!40000 ALTER TABLE `authority` DISABLE KEYS */;
INSERT INTO `authority` VALUES ('ROLE_ADMIN'),('ROLE_USER');
/*!40000 ALTER TABLE `authority` ENABLE KEYS */;
UNLOCK TABLES;

--
-- Table structure for table `board`
--

DROP TABLE IF EXISTS `board`;
/*!40101 SET @saved_cs_client     = @@character_set_client */;
/*!50503 SET character_set_client = utf8mb4 */;
CREATE TABLE `board` (
  `board_id` bigint NOT NULL AUTO_INCREMENT,
  `title` varchar(255) DEFAULT NULL,
  `count` int DEFAULT '0',
  `date_time` datetime(6) NOT NULL,
  `user_id` bigint NOT NULL,
  `content` varchar(4000) DEFAULT NULL,
  `board_code` int DEFAULT NULL,
  PRIMARY KEY (`board_id`),
  KEY `FKfyf1fchnby6hndhlfaidier1r` (`user_id`),
  CONSTRAINT `FKfyf1fchnby6hndhlfaidier1r` FOREIGN KEY (`user_id`) REFERENCES `user` (`user_id`)
) ENGINE=InnoDB AUTO_INCREMENT=428 DEFAULT CHARSET=utf8mb4 COLLATE=utf8mb4_0900_ai_ci;
/*!40101 SET character_set_client = @saved_cs_client */;

--
-- Dumping data for table `board`
--

LOCK TABLES `board` WRITE;
/*!40000 ALTER TABLE `board` DISABLE KEYS */;
INSERT INTO `board` VALUES (370,'말티즈 \'토리\' 입양 후기 ',5,'2023-02-16 21:12:52.003906',418,'<p>사람을 엄청 좋아하고 순하고 착한 우리 토리!&nbsp;</p><p>이사한 집에서 아주 잘 지내고 있어요!!!&nbsp;</p><p>이제는 새 이름인 보리로 지내면서 살도 많이 찌고 행복하게 잘 지내고 있습니다.&nbsp;</p><p>너무너무 귀여워서 동네방네 자랑하고 다니고 있어요ㅎㅎ</p>',0),(371,'요크셔테리어 \'탄이\' 입양 후기',1,'2023-02-16 21:14:50.802106',418,'<p>작년 10월말일에 와서 현재까지 저희랑 잘 지내고 있습니다.&nbsp;</p><p>제가 애견미용 준비생이라 탄이 예쁘게 미용도 해주고 있어요❤❤❤&nbsp;</p><p>처음 왔을때는 몸무게가 3.4kg이였는데 현재는 4.8kg까지 찌면서 행복하게 잘 지내고 있습니당</p>',0),(372,'믹스견 \'모카\' 입양후기',2,'2023-02-16 21:16:53.018062',418,'<p>우리 모카 데려온지도 벌써 많은 시간이 흘렀네요..&nbsp;</p><p>여전히 너무너무 사랑스러운 아이라 행복하게 해주려고 많이 노력하고 있어요.&nbsp;</p><p>사진은 화나보이지만 기분이 아주 좋은 상태랍니다^^ 너무 귀엽죠?&nbsp;</p><p>우리 아들 항상 행복하자?</p>',0),(373,'비숑프리제 \'솜이\' 입양후기',1,'2023-02-16 21:21:52.088798',418,'<p>인천 부평점에서 첫눈에 보자마자 데려온 아가 솜이에요!!</p><p>처음에는 낯을 많이 가려서 걱정했는데 요즘은 거의 자기가 안방주인입니다ㅎㅎ</p><p>이제는 잘뛰어 놀고 잘자고 잘먹고 그럽니다. 살도 많이 쪘어요!!</p><p>매일매일 행복한 하루를 보내게 하려고 하고 있습니다. 앞으로도 예쁘게 잘 키울게요?</p>',0),(374,'말티즈 \'해피\', 푸들 \'두부\' 입양후기',0,'2023-02-16 21:25:08.859120',418,'<p>우리 두부랑 해피가 저희 집에 온지 벌써 1달이 훌쩍 넘었어요~~</p><p>아주아주 잠깐은 말썽이지만, 집안에 늘 웃음을 주고 행복하게 잘 살고 있어요~</p><p>같이 상주하는 개가족과 함께 사진도 찍고 왔답니다?</p><p>포즈를 어찌나 잘 잡고 어찌나 얌전하던제 모델시켜야 하는거 아닌가봐요?</p>',0),(376,'말티즈 \'에셀이\' 입양 후기',0,'2023-02-16 21:30:49.184242',418,'<p>너무 귀엽고 착한 에셀이 그 이름 그대로 부르고 있어요.</p><p>중성화 수술할 때 탈장이 되었다고 해서 탈장수술도 같이 했습니다.</p><p>현재는 수술 후 잘 회복해서 편하게 생활하고 있어요.</p><p>&nbsp;</p><p>저희 집 복덩어리 에셀이 만나게 해주셔서 감사합니다.</p>',0),(377,'치와와 \'까망이\' 입양 후기',0,'2023-02-16 21:32:41.964145',418,'<p>초반엔 입질이 조금 심해서 걱정이 많았는데 함께한지 40일 정도 지나니 입질도 멈췄네요!!</p><p>오랜 가족같이 항상 함께하며 서로 아껴주고 있습니다. 큰 눈망울을 보고 있으면 쌓인 피로가 싹 풀리는 느낌이에요ㅎㅎ</p>',0),(378,'푸들 \'코코\' 입양후기',1,'2023-02-16 21:34:11.616321',418,'<p>작년 11월에 수원점에서 입양하구 3개월 되가네요.</p><p>코코 올해 5살 되구 첨엔 7.2kg 이었는데 꾸준히 살이 쪄서 지금은 9~10kgs 정도 나가서</p><p>식사 조절중요?</p><p>엄청 얌전하구 영리하구 재택근무중인데 일할땐 넘나 얌전해요</p><p>&nbsp;</p><p>교육도 따로 하지 않는데 넘나 잘 지내요</p><p>코코가 저한테 오게 해주셔서 정말 감사해요</p>',0),(379,'시바견 \'탱이\' 입양후기',0,'2023-02-16 21:36:25.686020',418,'<p>부산점에서 입양한 전 탱이 현 자이입니다ㅎㅎ</p><p>처음에는 낯가리는가 싶더니 금방 적응해서 여기저기 잘 뛰놀고 다니고 있어요!</p><p>식탐이 많아서 밥을 금방 줬는데도 계속 밥달라고 밥그릇만 쳐다보고 있습니다..</p><p>자이야 우리 오래오래 행복하게 잘 살자❤❤❤❤❤</p>',0),(380,'포메라니안 \'로이\' 입양후기',0,'2023-02-16 21:38:59.047473',418,'<p>우리 아가 로이 입양 후기에요</p><p>애교도 넘 많고 산책을 무지하게 좋아해서 요즘 운동 &nbsp;지대로 하는 중입니다?</p><p>친화력이 넘 좋아서 벌써 모르는 동네 갱얼쥐들이 없을 정도에요,,ㅎㅎ</p>',0),(381,'믹스견 \'멜랑이\' 입양후기',1,'2023-02-16 21:41:44.515885',418,'<p>부산점에서 입양한 믹스댕댕이 멜랑이에요~</p><p>최근에 몸만한 당근 인형을 새로 사줬는데 요즘 이것만 갖고 노네요~~</p><p>하루가 다르게 커가는데 며칠 새 또 커진 것 같아서 얼마나 예쁘게 클지 기대가 됩니다^^</p><p>멜랑아 우리 오래오래 함께 잘 살아보자!!</p>',0),(382,'파피용 \'뻐니\' 입양후기',0,'2023-02-16 21:43:47.165417',418,'<p>뻐니 입양후기입니다.</p><p>애교도 많고 틈만나면 배를 까고 만져달라고 졸라요.</p><p>운동 끝내고 올때마다 얘 보면서 힐링합니다. 너무 귀엽네요.</p>',0),(383,'퍼그 \'그리\' 입양후기',2,'2023-02-16 21:48:18.401584',418,'<p>마동석 닮은 전 그리 현 석이 입양후기 입니당~~</p><p>아침에 일어나서 동네 아저씨처럼 앉아있는걸 보면 가끔 놀라긴 하지만,, 그래도 넘 귀여워용?</p><p>&nbsp;</p><p>엄청 똑똑해서 온 당일에는 손도 하고 이제는 코도 할줄 안답니다?</p><p>같이 잘때 코를 엄청 골아서 요즘 침대를 우리 석이한테 내어주고 전 밖에서 자요.. 그래도 귀여우니까 됐어</p>',0),(384,'페키니즈 \'묵이\' 입양후기',1,'2023-02-16 21:51:57.500663',418,'<p>사랑스런 묵이가 벌써 4살이 되었네요</p><p>작년 12월에 저희집 왔구요 넘 행복한 하루하루를 가족과 함께 하고 있어요^^</p><p>&nbsp;</p><p>전 주인분이 출산때문에 보호소에 오게 되었다는 슬픈 사연을 얼마전 알게 되었는데 저희집에서 너무너무 잘 지내고 있으니 전 가족님들 이글 보시면서 힘내세요~</p>',0),(385,'슈나우저 \'마르\' 입양후기',1,'2023-02-16 21:56:21.115291',418,'<p>첫눈에 보자마자 반해버려서 데려온 전 마르 현 슈슈..!</p><p>어떤걸 좋아할지 몰라서 장난감을 왕창 사뒀는데 아주 잘 가지고 놀고 있습니다~~</p><p>특히나 저 길다란 이불을 좋아해서 항상 저기에 엎드려 있어요?</p><p>산책을 너무 좋아해서 매주 30분씩 틈틈히 산책을 시켜주고 있답니다</p>',0),(386,'말티푸 \'캐리\' 입양후기',1,'2023-02-16 21:59:31.137969',418,'<p>봉사활동 하러 갔다가 자꾸만 눈길이 가서 결국 데려온 우리 캐리입니다.</p><p>강아지들에게 정말 무섭다는 홍역에 걸렸던 아이인데 지금은 거뜬히 이겨내고 완치 판정을 받았습니다!! 보호소 관계자분들께도 이 소식을 전해드리니 정말 좋아하셨어요~??</p><p>요즘 외모에 점점 물이 오르는데 봄맞이 새옷 하나 장만해주려구용</p>',0),(387,'믹스견 \'강남이\' 입양후기',2,'2023-02-16 22:02:20.018720',418,'<p>마음의 상처가 컸던 우리 강남이ㅜㅜ</p><p>처음 데려왔을땐 물리기도 하고 도통 마음을 열려고 하지 않아 많이 힘들었는데 요즘 먼저 와서 애교도 부리고 마음을 열어줘서 행복하게 지내고 있어요??</p><p>&nbsp;</p><p>처음에는 뭘 줘도 먹지도 않더니 요즘은 제가 안보는 사이 몰래 간식 훔쳐 먹고 있답니다~</p>',0),(388,'시츄 \'쮸\' 입양후기',1,'2023-02-16 22:05:14.726839',418,'<p>쮸 데려온지 일주일째 입니다.</p><p>아직 아기라 그런지 밥도 많이 먹고 잠도 많이 자네요.</p><p>특히 밥먹을때는 무슨 일주일 굶은애마냥 정신없이 먹어대는데 그 모습 마저도 사랑스럽습니다.</p>',0),(389,'스피츠 \'빼꼼이\' 입양후기',0,'2023-02-16 22:08:01.998904',418,'<p>작년 10월 빼꼼이 데려오고 첫날엔 소변도 카페트에 하구 약간의 말썽이 있었으나,,</p><p>패드에 계속 유도하다보니 지금은 패드에 소변도 잘 눕니다ㅎㅎ</p><p>산책도 좋아하고 목욕도 좋아해서 저는 힘들지만 빼꼼이는 행복하다네요ㅎㅎ..</p><p>너~~무 이쁜 빼꼼이를 저희 품으로 보내 주셔서 감사드립니다!! 예쁘게 키울게요~</p>',0),(390,'닥스훈트 \'다복이\' 입양후기',2,'2023-02-16 22:10:48.042390',418,'<p>이불속을 너~무 좋아하는 우리 다복이!!</p><p>할머니도 아니고 뜨뜻한 곳을 어찌나 좋아하던지 없어져서 찾아보면 항상 이불속에 파뭍혀 있어요ㅎㅎ 매일 저렇게 반겨주는데 그럴때마다 뽀뽀 오백번씩 갈겨줍니다. 귀여워서 미치겠어요.</p><p>&nbsp;</p><p>언니가 매일 아껴줄테니 우리 오래오래 행복하자 다복아?????</p>',0),(391,'요크셔테리어 \'제리\' 입양후기',1,'2023-02-16 22:13:32.112789',418,'<p>지난 달 29일 입양한 동생입니다.&nbsp;</p><p>겁이 많다고 들어서... 입양 첫 날엔 안 건드리고 지켜보기만 할 생각이었는데, 집에 데리고 오자마자 여기저기 탐색하더니, 두 발로 점프하고 난리도 아니었습니다ㅎㅎ</p><p>지난 주 월요일부터 매일 20~30분씩 산책시키고 있는데, 힘이 장사예요. 60kg대에 달하는 저를 끌고 갈 정도거든요.&nbsp;</p><p>&nbsp;</p>',0),(392,'보스턴테리어 \'루나\' 입양후기',2,'2023-02-16 22:16:14.848087',418,'<p>루나가 저에게온지 7개월이 되었네요!</p><p>앞으로 한달에한번 어쩌다 한번 올라오는 사진 기다리시지 마시구 인스타그램 게시물로 편하게 자주 봐주셨으면 좋겠어서 글 남기게되었습니다 !&nbsp;</p><p>인스타그램으로 보시는게 불편하실수도 있겠지만 앞으로 계속 잘지내는 과정을 보여드리고 싶어서 이해 부탁드릴게요!&nbsp;</p>',0),(393,'프렌치불독 \'레오\' 입양후기',2,'2023-02-16 22:20:50.149782',418,'<p>2주전에 보호소 방문했다가 너무 귀여운 아이가 있길래 바로 입양했어요. 첫날 귀를 너무 심하게 긁길래 병원에 바로 데려갔더니 접종이 안되어있는 상태라네요. 귀 상태는 말 할 것도 없었고 지루성 피부염도 있는데다가 심장사상충도 있다더라구요. 현재 귀와 피부는 다 나은 상태고 좀 전에 심장사상충 주사 맞히고 입원시키고 오는 길입니다. 누구를 탓하고자 쓴 글은 아니지만 애기들 정말 기본적인 검사같은건 해주셨으면 좋겠어요.</p>',0),(394,'말티즈 \'코코\' 입양후기',1,'2023-02-16 22:23:23.580033',418,'<p>코코가 피부병때문에ㅜ좀 고생한거 빼고는완치되어 가는중이에요^^</p><p>살도 제법 1키로정도 찌고요 엄청 잘 지내구있어용❤️❤️❤️</p><p>요즘 얘덕분에 힘든 하루하루 버티고 있습니당~</p><p>행복을 선물해주셔서 감사해요~</p>',0),(395,'포메라니안 \'토비\' 입양후기',0,'2023-02-16 22:27:03.892161',418,'<p>지금맞아야할예방접종 다잘맞고있고 잘지내고있어요 ㅎㅎ&nbsp;</p><p>똥오줌을자꾸 자기맘대로싸서 퇴근할때마다 오늘은 어디쌌을까 기대하면서 갑니다.</p><p>벌써 해탈했어요..귀여우니 용서하죠뭐..&nbsp;</p><p>앉아 손 이런거도 안해요.. 멍청한척하는건지.. 너무귀엽..네요..ㅜ</p><p>안아프구 잘자라면 그걸로 된거죠.. 그쵸..?</p><p>&nbsp;</p>',0),(396,'믹스견 \'비니\' 입양후기',1,'2023-02-16 22:28:18.448507',418,'<p>바니에서 두부로 변신?</p><p>이불덕후여서 하루종일 제일 폭신한곳 찾아다님요ㅋㅋ</p><p>24시간중 간식먹는시간 산책하는시간 배변하는시간 외에는 잠만자는 잠만보??</p><p>6살의 고된하루를 살아가는 할아부지?</p>',0),(397,'코카스파니엘 \'별이\' 입양후기',4,'2023-02-16 22:30:42.875310',418,'<p>별이는 처음 집올때 무서워했고 데리고 온날부터 병원 vip로 등극하긴했지만</p><p>지금은 아주 집안을 장난감으로 생각하는 천방지축아가씨가 되었어요?</p><p>매일 이렇게 이쁘게 의젓하게 웃어주니 고생이 다 날아가네요</p><p>여전히 귓병치료는 잘 하고있으며, 수술부위 또한 잘 아물고있습니다.</p><p>저랑 놀아주시진 않고 그냥 옆에 가만히 앉아주시네요ㅋㅋ</p>',0),(398,'시츄 \'복실이\' 입양후기',6,'2023-02-16 22:32:10.220954',418,'<p>&nbsp;6살 막내 복실이가 울집에 온지 벌써 9개월째..</p><p>피부병에 ,귓병까지 처음엔 유기견 티가 났었는데 지금은 공주가 되어 잘 지내고 있읍니다.</p><p>지금 현재 모습인데요. 처음 집에 왔을때보다 너무 예뻐져서 왜 이제 데리고 왔나 후회하고 있어요.</p>',0),(399,'퍼그 \'꼬미\' 입양후기',3,'2023-02-16 22:33:50.772286',418,'<p>원래 이름은 꼬미~ 였는데 입양하고 모카로 했습니다~~</p><p>모카 진짜 너무너무 귀엽고 잘지내고 있어요~ㅎㅎ</p><p>혀내밀고 기절한듯이 자는걸 볼때마다 깜짝 놀라긴 하지만 요즘은 좀 익숙해졌어요~</p>',0),(400,'말티즈 \'가을이\' 입양후기',12,'2023-02-16 22:38:01.308429',418,'<p>우리집 해피바이러스 ‘가을이’ 입양후기입니다~</p><p>처음 봤을때는 꼬질이가 따로 없더니 지금은 완전 꽃나라 곤듀님이에요??</p><p>가을에 근처 공원에서 꽃축제 할때 데려갔었는데 꽃이랑 어찌나 잘어울리던지 찍은 사진마다 인생샷이었어요!!</p><p>&nbsp;</p><p>너무 천사같고 예쁜 가을이를 저희 품에 안겨주셔서 정말 감사합니다!!</p>',0),(401,'[인천 중구] 배변패드 중형(50매) 무료나눔 합니다!!',2,'2023-02-16 22:39:38.597229',13,'<p>저희 반려견 뽀삐 배변패드를 사러 애견샵에 갔는데 소형을 사야하는데</p><p>뜯어보니 중형이더라구요ㅜ&nbsp;</p><p>펫펫 이용자분들께 무료나눔 해드리려고 합니다!</p><p>&nbsp;</p><p><strong>010-8888-7777</strong> 연락주세요!!</p>',2),(402,'[부산 강서구] 사료 무료 나눔드려요~',0,'2023-02-16 22:41:25.833358',13,'<p>지인에게 받은 사료인데 저희집 진순이는 먹질 않네요ㅜㅠ</p><p><strong>010-5533-6677 </strong>연락주세요</p>',2),(403,'[부산 진구] 강아지 용품 무료나눔 해드립니다.',0,'2023-02-16 22:42:29.799533',13,'<p>직접 가져가셔야 합니다!</p><p><strong>010-9988-7788</strong></p><p>연락주세요~</p>',2),(404,'[경기 포천시] 강아지 구강 청결 티슈 무료 나눔!',1,'2023-02-16 22:44:02.087803',13,'<p>다른 치약 사용중이라</p><p>구강청결 티슈 무료 나눔해드려요</p><p>&nbsp;</p><p><strong>010-7777-7777 </strong>연락주세요</p>',2),(405,'[서울 관악구] xs사이즈 하네스+리드줄 무료나눔 합니다',1,'2023-02-16 22:45:03.266120',418,'<p>저희 톰이가 아기때 쓰던 물건인데 금방금방 커버려서 이제는 사용을 못하게된 하네스랑 리드줄 무료나눔 합니다!! 아기강아지들은 금방금방 크기 때문에 하네스 굳이 사서 사용하지 마시구 나눔으로 가져가세요! 필요하신분들은 010-1111-2222로 편하게 연락주셔요</p>',2),(406,'[경북 포항시] 강아지 간식퍼즐 무료 나눔합니다~',0,'2023-02-16 22:45:57.136310',13,'<p>대단한건 아니지만..</p><p><strong>010-2222-3333</strong> 연락주세요!</p>',2),(407,'[대구 수성구] 강아지 계단 무료나눔합니다',1,'2023-02-16 22:46:51.767989',418,'<p>겉감은 극세사고 안에 스폰지 꽤 단단합니다. 필요하신분은 010-3333-4444로 연락주세요.</p>',2),(408,'[부산 수영구] 배변판 무료 나눔',1,'2023-02-16 22:48:56.586274',13,'<p>배변판을 바꿨는데 전에 쓰던 물건 무료나눔 해드려요!</p><p><strong>010-8888-8888</strong></p><p>연락주세요!</p>',2),(409,'[서울 용산구] 강아지 휠체어 무료나눔합니다.',1,'2023-02-16 22:49:01.132791',418,'<p>안녕하세요, 노견 강아지를 키우다가 그친구가 떠나서 올립니다.<br>딩동펫 반려동물 4륜 휠체어 xxs사이즈입니다.</p><p>&nbsp;</p><p>연락처 : 010-5555-6666</p>',2),(410,'[부산 남구] 강아지 기저귀 무료나눔 해드려요~',2,'2023-02-16 22:50:06.083369',13,'<p>유아용 기저귀 입니다.</p><p><strong>010-9999-7777</strong></p><p>연락주세요!</p>',2),(411,'[울산 남구] 딩동펫 강아지 캠핑 침낭 무료나눔 합니다???',5,'2023-02-16 22:51:55.313022',418,'<p>한번도 사용 안했습니다 ~~<br>애견 캠핑침낭 저렴하게 가져가세요!!!<br>안쪽에는 극세사 밖에는 방수재질로 되어있습니다.<br>캠핑안가시더라도 밖에서 키우는 애완견들에게 너무 좋은 제품입니다</p>',2),(412,'[인천 부평구] 강아지 옷 무료 나눔해드립니당!',4,'2023-02-16 22:52:21.241090',13,'<p>왼쪽 강아지가 입고 있는 하트 니트 무료 나눔해드려요~</p><p>010-4343-3222</p><p><strong>연락주세요!~</strong></p>',2),(416,' 우리가 몰랐던 강아지정보!',2,'2023-02-16 23:07:12.855615',13,'<p><strong>1. 강아지들은 땀을 발바닥을 통해 흘리는 사실</strong></p><p>무더운 여름에도 강아지들을 보며 느꼈었지만 저렇게 털로 덮여있는데로 왜 땀이 나지 않는걸까? 궁금했었는데&nbsp;</p><p>사실은 땀을 흘리지 않는 게 아니고 땀샘이 발바닥에 있기 때문이라고 합니다.</p><p>때때로 원인을 알 수 없는 짠 냄새가 느껴질때가 있는데 땀샘이 발바닥에 있어서 그런다고합니다.</p><p><br>&nbsp;</p><p><strong>2. 강아지들도 단어를 배울 수 있다는 사실</strong></p><p>일반적으로 강아지들은 영리한 종족이라고 알려져 있는 만큼&nbsp;</p><p>아이들 만큼이나 많은 양의 단어를 배울 수 있다고 합니다.</p><p>200~500개 정도의 단어를 배우고 이를 기억할 수 있을 뿐 아니라 기초 수학도 배울 수 있다고 합니다.</p><p>엄청 놀라운 사실이죠?</p><p><br>&nbsp;</p><p><strong>3. 강아지는 뛰어난 청력을 가지고 있다는 사실</strong></p><p>강아지들은 비가 오는 날 나가고 싶지 않아 하는 게 대부분입니다.&nbsp;</p><p>젖거나 무서워서 나가고 싶지 않아 하는 것이 아니고&nbsp;</p><p>빗소리는 뛰어난 청력을 가진 강아지들의 심기를 불편하게 하기 때문입니다.</p><p>빗소리는 강아지들에게 다른 소리들까지 증폭시키는 소음과 같은 작용을 하기 때문에&nbsp;</p><p>청각이 민감하게 반응하여 신경이 많이 쓰인다고 합니다.</p>',1),(417,'강아지의 참을성 기르기, 기다려 훈련!',0,'2023-02-16 23:21:47.711060',13,'<p><strong>1. 줄을 이용한 훈련 방법</strong></p><p>&nbsp;</p><p>(1) 줄을 짧게 잡고 강아지 눈을 쳐다보면서 손바닥을 강아지 얼굴에 가져다대고 “기다려”를 말한다.</p><p>(2) 잘하면 칭찬과 간식을 동반하여 계속 “기다려” 구령을 가르치고, 이 구령에 익숙해지면 줄을 조금 길게 잡고 기다려를 한 다음 줄을 잡고 움직인다.</p><p>(3 강아지가 줄과 함께 따라 움직일 때 “기다려”를 외치고 움직이지 않을 경우 칭찬과 간식을 동반한 후 시선을 맞춰줍니다</p><p>(4) 위와 같은 방법으로 점점 견주와의 거리를 늘리면서 반복적으로 “기다려 훈련”을 간식 보상 방식으로 가르친 뒤 훈련이 끝나면 움직여도 된다는 단어를 말해주는 것도 잊지 마세요!</p><p>&nbsp;</p><p><strong>2. 손을 이용한 훈련 방법</strong></p><p>&nbsp;</p><p>(1) 강아지가 움직이려 할 때 강아지의 진행을 막듯이 오른쪽 손바닥을 펴서 강아지 얼굴 쪽을 막는 동작을 취한다.</p><p>(2) 이 때, “기다려” 라고 말하며 강하고 단호한 어감으로 명령어를 말해준 뒤 아이가 멈추면 간식 보상을 해주고 줄을 이용한 훈련 방법처럼 점차 거리를 벌려가며 훈련을 진행한다.</p><p>(3) 손을 이용한 방법의 경우 아이들이 “기다려”라는 단어보다 손바닥을 보았을 때 멈추는 것으로 인식 할 수 있기 때문에 어느 정도 훈련이 진행되면 손바닥은 보여주지 않고 “기다려”라는 단어를 익힐 수 있도록 도와줘야 합니다</p><p><br>&nbsp;</p>',1),(418,'천재견으로 가는 첫 걸음, \"손\" 훈련법',0,'2023-02-16 23:22:34.553438',13,'<p>첫 훈련시에 가장 중요한 건 바로</p><p>반려견의 호기심을 이끌어 내는 것이라고 해요.</p><p>&nbsp;</p><p>강아지가 좋아하는 음식을 손에 쥐고 냄새를 맡게 기다려 준 후,</p><p>손가락 사이가 벌어지도록 가볍게 주먹을 쥐게 되면</p><p>강아지들은 이 간식을 먹기 위해 앉기, 엎드리기, 달려들기 등 여러 행동들을 보이게 되는데요.</p><p>손을 주는 행동 외에는 모두 무시해주셔야 합니다!</p><p>&nbsp;</p><p>&nbsp;</p><p>강아지는 주먹 안에 있는 간식을 빼내기 위해 이리저리 노력하다가</p><p>마치 긁듯이, 땅을 파듯이 손을 건드리게 되는데요.</p><p>이때는 주저하지 않고</p><p>\'옳지!\' 하며 손을 펴 간식을 주세요.</p><p>&nbsp;</p><p>&nbsp;</p><p>이러한 과정을 계속 반복하게 되면 강아지들은&nbsp;</p><p>\'손을 긁으면 먹을 것을 준다\' 라는 것을 파악하게 되고,</p><p>이후부터는 손을 올리는 일이 자연스러워 진다고 해요.</p><p>&nbsp;</p><p>손바닥 위에 간식을 올려놓고 보여주게 되면 그 &nbsp;위에도 손을 올리는 등</p><p>점점 자연스러운 행동을 보일 거에요.</p><p>&nbsp;</p><p><strong>완벽한 행동에 가까워질 때에 꼭 보상을 해주세요!</strong></p>',1),(419,'우리 강아지 천재 소리 듣게 만드는 \'가져와 훈련\'',0,'2023-02-16 23:23:10.227797',13,'<p>일단 준비해주셔야 할 것은 강아지가 좋아하는 간식과 클리커</p><p>그리고 강아지가 좋아하는 장난감과 목줄이랍니다!</p><p>클리커가 없다고 훈련 시작 못하는 것 아닌가, 걱정하시는 분들도 계실텐데요!</p><p>클리커 대신 사랑 가득한 칭찬으로 대신하면 되니 너무 걱정하지 않으셔도 된답니다.</p><p>&nbsp;</p><p>일단 가져와 훈련이 필요한 이유에는 많은 이유가 있겠지만&nbsp;</p><p>그 중에서 대표적인 이유는 우리 아이와 놀아주다가 던져준 물건 가져오지 않고</p><p>저 멀찍히 떨어져있는 걸 강아지와 견주가 함께 바라보고 있을 때가 종종 있죠.</p><p>그런 순간들이 있을 때 이 가져와 훈련을 빛을 발한답니다 :)</p><p>이런 순간에 \'가져와\' 한마디로 우리 아이가 신나게 장난감을 물고 오는 장면!&nbsp;</p><p>꿈꾸셨다면 지금부터 차근차근 아래와 같은 훈련 진행을 따라해보세요.</p><p>&nbsp;</p><p><strong>첫번째 훈련은 아이에게 목줄을 채운 다음 가장 재미있게 가지고 노는 장난감을</strong></p><p><strong>짧은 거리에 던져주신 뒤 강아지가 장난감을 물었을 때 목줄을 이용해</strong></p><p><strong>자연스럽게 보호자 쪽으로 오도록 유도한 다음 장난감을 놓게 만들고</strong></p><p><strong>칭찬과 보상을 해주시면 됩니다!</strong></p><p>&nbsp;</p><p>이러한 훈련을 반복적으로 진행해주면서 아이가 물건을 가져다줌으로써</p><p>자신이 보상을 받게 된다라는 생각을 할 수 있도록 해주시는 게 포인트랍니다.</p><p>훈련에 대해 아이가 흥미와 관심이 높아질수록 훈련의 성과는 높아지기 때문에</p><p>아이가 물건을 가지고 왔을 때는 충분히 칭찬해주고, 가장 좋아하는 간식도 꼭! 주셔야 한답니다.</p>',1),(420,'강아지가 스스로 집에 들어가는 \'하우스 훈련법\'',2,'2023-02-16 23:23:55.875586',13,'<p>오늘은 소형견, 대형견 구분없이 실생활에서 정말 유용한 훈련법을 가지고 왔는데요!</p><p>기다려, 앉아, 손과 같이 꼭 필요한 훈련 중에 하나가 되고 있는 \'하우스 훈련법\' 이랍니다!</p><p>이 훈련은 강아지를 무서워하는 사람이 집에 방문했을 때</p><p>다견가정에서 밥을 따로 배식하는 경우</p><p>보호자가 집을 외출했을 때 집안응 엉망으로 만드는 반려견의 경우 등&nbsp;</p><p>정말 다양한 순간에 사용되는 훈련법인데요!</p><p>&nbsp;</p><p>강아지가 스스로 집으로 들어가</p><p>견주의 행동과 상관없이 집안에서 기다리는 하우스 훈련법 어떻게 하는지</p><p>차근차근 알아볼까요?</p><p>&nbsp;</p><p>처음에 이 하우스 훈련법을 익히기 위해서는</p><p>강아지가 하우스 근처에만 가도 보상을 해주고, 냄새만 맡아도 보상을 해주는 것으로 시작하면</p><p>아이는 점점 이 집과 보상을 연관지어 행동을 더 과감하게 진행하게 되는데요.</p><p>앞발을 집어넣거나 몸의 일부분만 넣게 되면서 점점 하우스와 친밀해지게 됩니다.&nbsp;</p><p>&nbsp;</p><p>처음부터 바로 집에 들어가 있기를 기다리시면 안되고</p><p>단계별로 천천히 기다려주는 게 중요한데요..</p><p>아이가 하우스와 익숙해지는 건 성격마다 다르기 때문에 하우스에 아예 관심이 없는 아이들도 있어요.</p><p>이런 경우에는 간식을 하우스 안에 던져주면서 관심을 갖도록 유도해주는 게 중요하답니다.</p><p>&nbsp;</p><p>만약 우리 반려견은 간식을 넣어줘도 완전히 몸을 집어 넣지 않아요~ 라는 경우라면</p><p>집 크기에 맞는 방석이나 매트를 넣으신 후 매트와 집 사이에 간식을 넣어주면</p><p>아이가 자연스럽게 하우스 안으로 완벽히 들어가기&nbsp;된다고 하니</p><p>이 부분 기억해두셨다가, 완전히 들어가지 않을 때 해보면 좋겠죠?</p><p>&nbsp;</p><p>몸이 완전히 들어가지 않는다고 해서</p><p>보호자가 힘을 주어 엉덩이나 뒷발에 힘을 줘서 넣게 되면</p><p>아이별로 다르긴 하지만 화들짝 놀라 더 이상 하우스에 관심을 갖지 않는 경우가 있다고 하니</p><p>자연스럽게 하우스에 관심을 가질 수 있도록 하는 게 중요해요!</p>',1),(421,' 강아지훈련 전 알아야 할 것!',4,'2023-02-16 23:24:36.747444',13,'<p><strong>음식vs사료</strong></p><p>반려견이 귀여운 눈으로 바라보더라도 원하는 것을 모두 들어줘서는 안 됩니다,</p><p>특히 반려인이 음식, 식사를 하고 있을 때에</p><p>그 초롱초롱하고 귀여운 눈에 굴복하지 않는 것이 중요한데요.</p><p>&nbsp;</p><p>사람이 먹는 음식을 주는 것보다는&nbsp;</p><p><strong>강아지가 건강하게 자랄 수 있는 모든 영양분이 들어있는</strong></p><p><strong>사료를 제공하는 것이 현명</strong>합니다.</p><p>&nbsp;</p><p>반려견을 키운다면 모두 알고 있는 초콜릿 역시,</p><p>강아지한테 매우 해롭다는 것을 명심해주세요!</p><p>&nbsp;</p><p><strong>편안함과 안전성</strong></p><p>반려견은 소리, 사람, 경험과 같은 주위의 새로운 것에 아직 익숙하지 않을 수 있습니다.</p><p>그렇기 때문에 반려동물 주변에 정상적인 것과</p><p>그렇지 않은 것을 구별해낼 수 있는 능력을 키워주는 것이 좋은데요.</p><p>&nbsp;</p><p><strong>반려견에게 새로운 상황이나 사람을 마주쳤을 때</strong></p><p><strong>조용히 주인 곁에 앉아 있는 것을 훈련시킨다면 두 가지에 도움</strong>이 됩니다.</p><p>&nbsp;</p><p>첫째, 반려견이 편안한 자세를 유지하여</p><p>새로운 상황과의 부정적인 연관을 피해 다른 사람이나 다른 반려견을 공격하지 않습니다.</p><p>&nbsp;</p><p>둘째, 반려동물이 무섭고 두려움, 불편함을 느끼게 된 경우</p><p>마음이 평온해지고 편해질 때까지</p><p>주인 곁에 가까이 앉으면 된다는 것을 알게 될 것 입니다.</p><p><strong>함께 걷기</strong></p><p>반려견과 함께 산책을 할 때에는 목줄을 사용하는 것이 가장 이상적입니다.</p><p>그러나 목줄을 사용하지 않고 자유롭게 걸을 수 있게 한다면</p><p>더 이상 주인의 말을 듣지 않아도 된다는 뜻으로 인식시켜서는 안 됩니다.</p><p>&nbsp;</p><p>목줄을 벗을 때마다 앉아서 기다려야한다는 것을 가르쳐야 하는데요.</p><p>반려견이 목줄을 벗기고 기다리라는 명령을 하였는데도 말을 듣지 않는다면</p><p>목줄을 잡아 당겨 강제로 앉게 해야 합니다.</p><p>&nbsp;</p><p><strong>반려견을 훈련시킬 때에 가장 중요한 것은 반복하는 것</strong>입니다.</p><p>주변 환경에 익숙해지도록 강아지를 자주 산책시켜주고</p><p>사소한 훈련을 할 때도 혼자 끝까지 할 수 있을 때까지 반복해서 강아지훈련을 하는 것이 중요합니다.</p><p>&nbsp;</p><p>기초를 강화하기 위해 일관된 방식으로 훈련하는 것이 매우 중요하다는 점! 꼭 기억해주세요 :)</p><p>&nbsp;</p><p><strong>보상 사용하기</strong></p><p><strong>강아지 훈련을 할 때에는 건강한 사료나 간식을 준비하여</strong></p><p><strong>보상으로 주는 것을 잊지 말아야 합니다.</strong></p><p>&nbsp;</p><p>반려견은 가르친 행동에 보상이 주어짐을 기억하기 때문에</p><p>보상을 주면서 강아지훈련을 하게 된다면</p><p>그 보상을 받기 위해 훈련에 더 적극적으로 임할 것입니다.</p><p>&nbsp;</p><p><strong>강아지속도에 맞춰 훈련하기</strong></p><p>반려견이 불편해할 정도로 빠른 속도로 훈련을 시키는 것은 좋지 않습니다.</p><p>강아지가 기본적인 것을 습득할 충분한 시간을 주는 것이 좋으며</p><p>강아지가 편안해 하는 영역을 지나치게 해서는 안됩니다.</p><p>&nbsp;</p><p><strong>짧은 시간에 모든 것을 배우길 원하기보다는</strong></p><p><strong>긍정적인 격려와 적절한 보상을 통해</strong></p><p><strong>충분한 시간을 두고 반려견을 훈련시키는 것이 중요</strong>합니다.</p><p>&nbsp;</p><p>지금까지 전해드린 강아지훈련 전 &nbsp;꼭 필요한 부분에 대해 전해드렸는데요.</p><p>많은 도움이 되셨나요?</p>',1),(422,'우리 강아지가 짖을 때는 이렇게!',0,'2023-02-16 23:29:00.814280',13,'<p>우리는 귀여운 강아지들을 보며 행복을 느끼곤 합니다.</p><p>작고 앙증맞으며 애교 또한 넘치니 안 예쁠 수가 없겠죠?</p><p>그렇지만 이러한 작은 강아지들도 한번 짖기 시작하면</p><p>굉장히 큰 소음의 원인까지 될 만큼 심한 경우가 있는데요!</p><p><br>&nbsp;</p><p><strong>여러분의 반려동물의 짖음, 어느 정도인가요?</strong></p><p>사실 초기에 교육을 잘 시키고 사회성 또한 조심스레 길러주면</p><p><strong>우리 반려동물들은 쉽게 교정될 수 있는 부분이 바로 짖음</strong> 입니다.</p><p><br>&nbsp;</p><p>경계심이 심하거나 사회성이 부족하거나 기다림 등의 부족으로</p><p>자신이 바라는 것을 얻기 위해 혹은 위협을 받는다고 느끼는 등</p><p>상황판단의 오류로 많은 짖음이 생깁니다.</p><p>&nbsp;</p><p>자, 그렇다면 가장 흔한 고민이 되고 있는</p><p><strong>새끼 강아지 짖음 훈련 법</strong>을 말씀드리겠습니다</p><p>&nbsp;</p><p><strong>1. 강아지 짖음 훈련을 할 때</strong></p><p>우선 앉아, 엎드려, 기다려 훈련을 확실하게 가르쳐 놓는 것이 좋습니다.</p><p>흥분하면서 짖을 때는 흥분을 바로 가라 앉힐 수 있도록</p><p>위에 말씀드린 교육을 시켜주면 차분하게 짖음 방지 훈련을 진행할 수 있습니다.</p><p>이전에 소개해드린 예절교육을 참고하시면 더욱 좋을 것 같습니다!</p><p><br>&nbsp;</p><p><strong>2. 무엇인가를 요구할 때, 간식을 달라거나, 놀아달라고 짖을 때</strong></p><p>반려견에게 관심을 주지않고 일단은 무시하는게 가장 좋습니다.</p><p>강아지 짖을 때 훈련법으로는 많은 도움이 됩니다</p><p>그리고 짖지 않을 때 관심을 보여주면서 행동 교정을 해야한답니다.</p><p>또한 새끼 강아지 짖음은 보통 관심을 끌기 위해서 나타나는 경우가 많기때문에</p><p>평상시에 강아지 짖음을 방지하기 위해서는 사료를 바닥에 뿌려서 그걸 찾아 먹게 해주고</p><p>스스로 에너지를 소비할 수 있도록 해주는게 좋답니다.</p><p><br>&nbsp;</p><p>그래야지 독립심도 키워지고 에너지소비를 함으로써</p><p>미리 문제행동을 예방할 수 있답니다.</p><p>( 혹여 이유없이 낑낑 거리거나 짖음이 지속될 시엔 꼭 아이들의 건강을 체크 해보셔야 합니다 )</p><p><br>&nbsp;</p><p><strong>3. 경계심이 많고 사회성이 부족할 때&nbsp;</strong></p><p>사회성이 부족해서 경계심이 많아져서 낯선사람이나 손님, 현관문앞에서 나는 소리,</p><p>산책을하다가 지나가는 사람이나 다른 강아지, 동물 등등에 대해서</p><p>강아지 짖음이 나타나는 경우에는 리더쉽트레이닝이 필요하답니다.</p><p>&nbsp;</p><p>보통 사회성이 부족하다고 해도 보호자님을 견주로 인식했다면</p><p>짖음과 공격성이 나타나지 않는답니다.</p><p>그 이유는 안정적인 보호자가 자기를 지켜줄 수 있을 거라는 믿음이 있기 때문이랍니다.</p><p><br>&nbsp;</p><p>보통 정확한 자기 주인으로 인식 못하는 경우에는</p><p>짖음이 지속적으로 나타나기 때문에 훈련이 꼭 필요합니다.</p><p>처음 반려동물을 데려오게 되었을 때</p><p>이것 저것 모든 것을 알고 시작할 수는 없습니다.</p><p>처음부터 다 잘 하고 잘 알 수는 없으니까요,</p><p><br>&nbsp;</p><p>그렇지만 우리는 꾸준한 학습을 통하여</p><p>나에게 자신의 생을 맡긴 우리 반려동물에게 좋은 생을 선물해줘야 합니다.</p><p><br>&nbsp;</p>',1),(423,'제발 내 말 좀 들어줘! \"안돼!\" 훈련법',0,'2023-02-16 23:29:44.835791',13,'<p>어린 강아지일수록, 교육이 아직 잘 되지 않은 아이일수록</p><p>통제가 되지 않아 주인의 말과 원하는 것과 다른 방향으로 나아가</p><p>어쩌면 큰 사고까지로도 이어질 수 있는 경우들이 생각보다 많습니다.</p><p>미리 방지하고 교육을 하기 위해서는 평소와 다른&nbsp;주인의 단호한 의사 표현이 가장 중요합니다.</p><p>&nbsp;</p><p>제법 무서운 표정을 지으며 단호하고 낮고 짧게”안돼”라는 명령과 함께</p><p>주인이 원하는 행동으로 유도하고 올바르게 따라올 경우 그에 따른 적절한 보상으로</p><p>아이와의 교감과 통제력을 함께 키워내야 합니다.</p><p>&nbsp;</p><p>“<strong>안돼</strong>!”라는 명령어는 이름과 같이 붙이지 않고 사용을 해야</p><p>강아지가 자신의 이름과 혼동이 되지 않습니다.</p><p>만약 이름과 지속적으로 같이 부르게 된다면</p><p>강아지들은 자신의 이름으로 인식할 수 있어서 “안돼”라는 훈련에</p><p>큰 오류가 될 수 있다는 점! 참고해주세요 :)</p><p>&nbsp;</p><p>올바르고 예쁜 행동을 했을 때는 그에 따른 적당한 보상과 칭찬을 함께,</p><p>올바르지 못한 행동을 했을 때는 그에 따른 적절한 훈육을 통하여</p><p>함께하는 반려견이 더욱 안전하고 올바른 삶이 될 수 있도록 리드해주세요!</p><p>&nbsp;</p><p>반복하여 단호함과 명령에 따른 올바른 행동이 어려울 경우</p><p>견주님들께서 서운함과 속상한 감정을 느끼실 수 있지만</p><p>절대 머리 주위를 함부로 혹은 강하게 때리거나</p><p>지속적인 스트레스로 강요할 경우,</p><p>함께하는 반려동물에게 큰 상처가 될 수 있기 때문에</p><p>확실하지만 너무 급하지 않게</p><p>아이의 성격과 습득 능력에 맞추어 호흡을 맞춰 주신다면</p><p>더욱 행복하고 건강한 반려생활과 좋은 훈련 성과가 나타나실 겁니다!</p><p>&nbsp;</p><p>우리 모두 함께하는 반려동물을 사랑하는 마음으로</p><p>올바른 길을 걸을 수 있도록 리드해주는 것은 어떨까요?</p><p>좋은 결과와 함께 행복한 반려생활이 되시길 바라곘습니다.</p><p>감사합니다 :)</p>',1),(424,'반려동물예절교육! 참 잘했어요!',3,'2023-02-16 23:30:33.088152',13,'<p>어떠한 모든 관계 속에서 예의 및 예절이 없다면</p><p>어떠한 상황에서도 굉장히 불리하죠 !</p><p>사람도 반려동물도 모두 해당하는 사항이라고 생각합니다.</p><p>그렇다면 말이 쉽게 통하지 않는&nbsp;<strong>반려동물의 예절!&nbsp;</strong>어떻게 하는 것이 좋을까요?</p><p><br>&nbsp;</p><p>교감과 적절한 교육 및 훈련이 안되어 있는 상황에서는 쉽게 자신의 마음대로 우리 반려동물을 컨트롤할 수 없습니다.</p><p>내 말을 듣지 않아서 미워하고 혼내고 버릇없다고 느껴 강아지를 스파르타식 예절교육 시킨다면</p><p>더욱 반항을 하고 원치 않는 방향으로 흘러가기 마련입니다.</p><p>때문에 강아지에게도 올바른 예절교육이 필요합니다.</p><p><br>&nbsp;</p><p>사람과 함께 살아야 하고 이웃 개들과도 만나야 하니까요!</p><p>사람도 그렇듯 강아지도 말썽꾸러기가 있습니다.</p><p>아무리 가르쳐도 고쳐지지 않을 때 시골의 \'반려견 훈련소\'에 입소시키기도 합니다.</p><p>개과천선해서 돌아오기도 하지만 주눅 들어 오는 경우도 있습니다.</p><p>&nbsp;</p><p>최근 강아지 예절교육의 대세는 스파르타식보다는<strong>&nbsp;일명 “아테네식”</strong>이라고 합니다.</p><p>어떤 한 말썽꾸러기 강아지가 있습니다.</p><p>엘리베이터에서 으르렁대 이웃을 놀라게 하며, 산책을 나가도 말썽입니다.</p><p>다른 강아지는 낯선 사람을 반갑게 맞고 이웃 개와도 인사를 주고받는데</p><p>말썽꾸러기 강아지는 멍멍 짖거나 뒤로 숨는다 도대체 왜일까요?</p><p><br>&nbsp;</p><p>이것은 예절교육을 제대로 받지 않았기 때문인데요,</p><p><strong>개도 사회적 존재이기 때문에 적절한 사회한 교육이 필요</strong>합니다.</p><p>먼저 집안 가족과 평화롭게 살아야 반려동물에게도 좋은 영향을 줍니다.</p><p>밖에서는 자신을 쓰다듬는 낯선 사람을 대해야 하고 호기심을 갖고 접근하는 다른 개도 만나야 합니다.</p><p><br>&nbsp;</p><p>하지만 집안에서 말썽을 일으키는 개는 밖에서도 문제를 일으키기 마련인데요,</p><p><strong>예절교육은 기본 지시를 따르는 것부터 시작</strong>합니다.</p><p>이름에 반응하기, 앉기, 엎드리기, 기다리기 등으로 예절 및 훈련을 시키죠!</p><p>개에게 재주를 부리라는 게 아니라 필요할 때 개를 부르고 딴 짓을 할 때 주의를 집중시키기 위해서 입니다.</p><p>개가 사회생활을 하는데 필요한 기본 능력인 셈이라고 생각합니다 :)</p><p>&nbsp;</p><p>이런 교육은 집에서 약간의 간식을 주면서 가능합니다,</p><p>헤어드라이기를 켰을 때 자동차를 타고 갈 때 등</p><p>다양한 환경에서도 놀라지 않고 적응할 수 있도록 가르쳐야 합니다.</p><p>가장 좋은 시기는 3주 뒤부터 12주까지다 6개월이 넘으면호기심이 줄어들기 때문에 당연히 학습능력이 떨어질 수밖에 없습니다.</p><p><br>&nbsp;</p><p>최근에는 개를 길들이는 도구로 초크체인이 유행하고 있습니다.</p><p>사람이 초크체인을 잡아당기면 개는 목에 짧은 질식감을 느끼면서 행동을 멈추게 됩니다.</p><p>자주 짖는 개에게는 짖음 장지 목걸이도 사용됩니다.</p><p>전기자극기 스프레이 등을 개에 목에 매다는 방식인데 개가 짖을 때 미세한 전류가 흐르거나 불쾌한 향기가 나서 짖는 것을 막는 방법입니다.</p><p>이러한 도구는 심리적 기제 가운데 부정적 강화에 기대어 있습니다.</p><p><br>&nbsp;</p><p>개에게 불쾌한 결과를 회피하게 함으로써 바람직한 행동을 유도하는 원리인데요!</p><p>초크체인이 부정적 강화에 기대어 있다면, 클리커는 긍정적강화를 이용하는 대표적인 도구라고 합니다</p><p>사람이 손에 쥐고 누르면 딸깍 소리가 나는 간단한 도구입니다.</p><p>&nbsp;</p><p>강아지는 사람의 언어를 잘 알아들을 수 없는데 이를테면 잘했다는 표현도 여러 가지이며</p><p>똑 같은 문장도 억양이 다를 수 있습니다.</p><p>그래서 개가 잘했을 때 언어적 표현대신 클리커를 눌러 딸깍 소리를 내는 겁니다</p><p>딸깍 소리는 간결한 \'보상신호\'이고 간식은 보상물이라고 생각하시면 보다 쉬울 것 같습니다.</p><p>&nbsp;</p><p>딸깍소리로 인해 강아지는 사람의 뜻을 간명하게 받아들이고 자신의 행동이 예의 바른 것임을 깨닫게 됩니다.</p><p>클리커는 개의 행동이 성공하는 동시에 눌러져야 합니다.</p><p>잠시 말씀 드렸듯이 사실 가장 좋은 방법이라면 우리 반려동물이 아이일 적에</p><p>맛있는 간식으로 유인하여 기다리게 하고 앉게 하고 엎드리게 하며</p><p><strong>“기다리면 보상이 있구나”라고 생각을 스스로 할 수 있도록 이끌어내 주는 것이 가장 좋은 방법</strong>인데요!</p><p><br>&nbsp;</p><p>이렇게 교육을 함으로써 우리 반려동물과 주인은 서로간의 친밀감과 유대감을 형성할 수 있고</p><p>이로 서로 믿고 의지할 수 있는 단계까지 나아갈 수 있으며</p><p>적당한 산책과 놀이 등을 통해 좋은 사회경험들을 심어준다면 예절 및 각종 문제들이 해소될 수 있습니다.</p><p>기술이 발달되어 조금 더 편리하게 반려동물을 다룰 수 있게 되었지만 마음으로 이끌 수 있다면 더욱 좋지 않을까요?<br>&nbsp;</p>',1),(425,'우리 집 강아지를 멋지게 해줄 빗질 훈련!',0,'2023-02-16 23:31:32.143769',13,'<p>빗질을 자주 해주어야 하는 이유는</p><p>엉킨 털들을 정리하기 위해서 이기도 하며</p><p>강아지 스스로가 엉킨 털들을 긁다 보면 발과 엉켜 부상을 당하거나</p><p>강하게 긁어 피부에 상처가 생기는 경우도 있다고 합니다.</p><p><br>또한 나중에 미용을 하는 경우에도 밀리지 않아 털이 한번에 뜯겨 나가거나</p><p>피부에 안좋은 영향을 끼칠 수 있기 때문에</p><p>수시로 빗질과 관리를 해주는 것이 좋습니다.</p><p>&nbsp;</p><p>그러나 우리 강아지들은 처음부터 날카로운 빗을 들이밀면</p><p>무서움이나 경계를 표출해내는 경우들이 많습니다.</p><p>그렇다면, 어떻게 해줘야 수월하게 부드러운 털을 유지하고</p><p>예쁜 미용까지 완성시킬 수 있을까요?</p><p>&nbsp;</p><p>뭐든 훈련의 가장 첫번째는 <strong>천천히</strong> 입니다.</p><p>천천히 다가가지 않고 급하게 혹은 강제적으로 활용될 경우</p><p>굉장히 안좋은 기억으로 남아 심한 경우 짖거나 무는 경우까지 생길 수 있어요.</p><p>이를 방지하기 위해서는 천천히 다가가 주어야 합니다.</p><p>&nbsp;</p><p>우리 강아지들이 가장 좋아하는 또 가장 잘 따르는 방법은</p><p><strong>간식을 이용하는 방법</strong>이죠!</p><p>우선 사용할 빗의 냄새를 맞게 한 후 간식을 내어 줍니다.</p><p>혹은 빗 근처에서 간식을 주면서 천천히 다가올 수 있도록 처음부터 신경을 써주면</p><p>앞으로 편리하고 수월하게 털관리를 해줄 수 있습니다.</p><p>&nbsp;</p><p>아이가 경계심을 갖지 않도록 천천히 해주시는 게 제일 중요합니다!</p><p>&nbsp;</p><p>또한 어느정도 친해진 것 같고 빗질도 어느정도 잘 한다고 해도</p><p>귀뒤, 다리, 배 등 비교적 예민한 부위는 다시 물거나 도망가려고 할 수 있습니다.</p><p>이럴 경우에는 무시하고 계속 빗질을 할 경우 되려 안좋은 기억이 될 수 있기 때문에</p><p>잠시 멈추고 얌전히 있는 부위부터 다시 시작하거나</p><p>간식을 통한 보상을 이용하여 다시 친해질 수 있도록 해주는 것이 좋습니다.</p><p>&nbsp;</p><p>미용 전문가분들도 늘 하는 말이 있는데요!</p><p>아무리 친해졌다고 생각해도 또다시 예민해하거나 무는 경우가 있다고 합니다.</p><p>&nbsp;</p><p>손에 간식을 쥔 채로 미용사의 몸 쪽으로 유도한 후</p><p>간식을 먹는 동안 빗질을 하는 방법과</p><p>기다리게 한 후에 천천히 다가가는 방법도 있다고 하니 참고하시면 좋을 것 같습니다!</p>',1),(426,' 강아지 엎드려훈련, 어렵지 않아요',1,'2023-02-16 23:32:13.050844',13,'<p><strong>‘앉아’를 배웠다면 그다음은 ‘엎드려’를 배웁니다.&nbsp;</strong></p><p>강아지에게 \"엎드려\"는 어쩌면 가장 어려운 명령일 수 있지만</p><p>의외로 가르치는 방법은 쉽습니다.</p><p>&nbsp;</p><p>모든 훈련은 빠르게, 급하게가 아닌 천천히 눈높이를 맞춰 교육해주는 것이 좋은데요.</p><p>\'엎드려\'는 강아지가 집이나 밖의 바닥에서 안정적인 자세를 유지하기를 원할 때 자주 쓰이는 방법입니다.&nbsp;</p><p>&nbsp;</p><p>우선 \"앉아\" 자세를 취하게 합니다.</p><p>강제로가 아닌 평상시처럼 편하게 대해주시는게 중요합니다.</p><p>‘앉아’를 배운 강아지는 주인이 간식을 쥐고 있으면 바로 앉을 수 있습니다.&nbsp;</p><p>이때 <strong>간식을 쥔 손을 머리 위가 아닌 바닥으로 옮겨줍니다.&nbsp;</strong></p><p><br>&nbsp;</p><p>강아지가 바닥으로 내려간 <strong>간식의 냄새를 맡기 위해 손을 따라 앞다리를 펴고 바닥에 엎드리면&nbsp;</strong></p><p><strong>주인이 \"엎드려\"라는 구령을 하면서 간식을 주세요.</strong></p><p>처음에는 음식물을 넣어줄 때만 하게 되지만 점차 구령을 알게 되면 \"엎드려\"라는 말로도 자세를 취하게 됩니다.</p><p>자세가 잘 취해지지 않는다면 목걸이를 붙잡고 바닥으로 내리면서 엎드려 자세를 만들어줍니다.</p><p><br>&nbsp;</p><p>강아지 가장 좋아하는 간식을 손에 집어 코끝에 닿을 듯 말 듯 가져다줍니다.</p><p>이 때, <strong>간식을 주지 않고 거리 조정을 잘하여 향기를 &nbsp;맡게 하는 것이 중요</strong>합니다.</p><p>그 상태로 천천히 손을 바닥에 수직으로 내려놓습니다.</p><p>그러면 강아지 코가 간식 냄새를 맡고 속도에 맞추어 아래로 내려오고, 그 때 강아지의 가슴이 바닥에 붙기 때문에&nbsp;</p><p>고개를 따라 숙이기 시작하면 \"엎드려\"라고 말해주는 방법도 있습니다.</p><p>&nbsp;</p><p>엎드린 자세는 강아지들에게는 복종의 의미를 뜻하기 때문에</p><p>&nbsp;지배성향이 강한 녀석들은 절대 엎드리려고 하지 않고 심지어는 주인에게 으르렁거릴 수도 있습니다.</p><p>그러나 개들에게 가장 편한 기다리는 자세가 될 수 있고&nbsp;</p><p>주인의 입지를 확실히 세워줄 수 있는 중요한 복종 명령어입니다</p><p><br>&nbsp;</p><p><strong>일반적인 반려견 교육은 짧게 자주 하는 것이 핵심</strong>입니다.&nbsp;</p><p>반려견들의 집중력이 그렇게 높지 않기 때문이죠.</p><p>&nbsp;다른 교육도 마찬가지로 엎드려 교육 역시 이와 같이 진행해주되 한가지 더 기억해야 할 것이 있습니다.&nbsp;</p><p>바로 <strong>장소를 자주 바꿔가면서 진행한다는 점</strong>입니다.&nbsp;</p><p>반려견이 집에서 ‘엎드려’를 잘 한다면 공원과 같이 다른 사람들이 많이 지나다니는 곳에서도 시도해 보세요.&nbsp;</p><p><br>&nbsp;</p><p>이 교육까지 성공한다면 반려견은 다소 산만하거나&nbsp;</p><p>사람이 많은 곳에서도 안정적으로 자세를 유지할 수 있을 것입니다.&nbsp;</p><p>사람도 그렇듯 한 번에 성공하는 경우는 많지 않습니다.</p><p><strong>반복적인 훈련이 가장 중요하며, 강요하지는 말고 꾸준히 칭찬해주며 훈련</strong>해주세요</p><p><br>&nbsp;</p>',1),(427,'[부산 대연동] 강아지 장난감 무료 나눔 합니다. 종류 많아요',3,'2023-02-17 00:41:42.146774',416,'<p>세트로 샀는데, 몇 개 나눔합니다.</p>',2);
/*!40000 ALTER TABLE `board` ENABLE KEYS */;
UNLOCK TABLES;

--
-- Table structure for table `board_image`
--

DROP TABLE IF EXISTS `board_image`;
/*!40101 SET @saved_cs_client     = @@character_set_client */;
/*!50503 SET character_set_client = utf8mb4 */;
CREATE TABLE `board_image` (
  `board_id` bigint NOT NULL,
  `image_id` bigint NOT NULL,
  UNIQUE KEY `UK_l0yq34hli4mkwv7vgkf90t7am` (`image_id`),
  KEY `FKp567mlnww479xgirmd98kcqnp` (`board_id`),
  CONSTRAINT `FK27rfqpc9pf352xv9fhr4vklci` FOREIGN KEY (`image_id`) REFERENCES `image` (`image_id`),
  CONSTRAINT `FKp567mlnww479xgirmd98kcqnp` FOREIGN KEY (`board_id`) REFERENCES `board` (`board_id`)
) ENGINE=InnoDB DEFAULT CHARSET=utf8mb4 COLLATE=utf8mb4_0900_ai_ci;
/*!40101 SET character_set_client = @saved_cs_client */;

--
-- Dumping data for table `board_image`
--

LOCK TABLES `board_image` WRITE;
/*!40000 ALTER TABLE `board_image` DISABLE KEYS */;
INSERT INTO `board_image` VALUES (370,1809),(370,1810),(370,1811),(371,1812),(371,1813),(372,1814),(373,1815),(373,1816),(373,1817),(374,1818),(376,1821),(377,1822),(378,1823),(379,1824),(379,1825),(380,1826),(380,1827),(381,1828),(381,1829),(382,1830),(382,1831),(382,1832),(383,1833),(383,1834),(383,1835),(384,1836),(384,1837),(384,1838),(385,1839),(385,1840),(385,1841),(386,1842),(386,1843),(387,1844),(387,1845),(387,1846),(388,1847),(388,1848),(389,1849),(390,1850),(391,1853),(391,1854),(392,1858),(392,1859),(392,1860),(393,1865),(393,1866),(394,1869),(394,1870),(395,1871),(396,1872),(397,1874),(397,1875),(398,1876),(399,1877),(399,1878),(400,1881),(400,1882),(401,1883),(402,1886),(403,1887),(404,1888),(405,1891),(405,1892),(406,1893),(407,1894),(408,1895),(409,1896),(410,1897),(411,1898),(412,1899),(416,1907),(417,1908),(418,1909),(419,1910),(420,1911),(421,1912),(422,1913),(423,1914),(424,1915),(426,1916),(427,1929);
/*!40000 ALTER TABLE `board_image` ENABLE KEYS */;
UNLOCK TABLES;

--
-- Table structure for table `breed`
--

DROP TABLE IF EXISTS `breed`;
/*!40101 SET @saved_cs_client     = @@character_set_client */;
/*!50503 SET character_set_client = utf8mb4 */;
CREATE TABLE `breed` (
  `breed_id` bigint NOT NULL AUTO_INCREMENT,
  `adopt_count` int DEFAULT NULL,
  `description` varchar(1000) DEFAULT NULL,
  `name` varchar(255) DEFAULT NULL,
  `title` varchar(255) DEFAULT NULL,
  `image_id` bigint DEFAULT NULL,
  PRIMARY KEY (`breed_id`),
  KEY `FKhie1jimt9gp3hg4sykb4lpbo9` (`image_id`),
  CONSTRAINT `FKhie1jimt9gp3hg4sykb4lpbo9` FOREIGN KEY (`image_id`) REFERENCES `image` (`image_id`)
) ENGINE=InnoDB AUTO_INCREMENT=33 DEFAULT CHARSET=utf8mb4 COLLATE=utf8mb4_0900_ai_ci;
/*!40101 SET character_set_client = @saved_cs_client */;

--
-- Dumping data for table `breed`
--

LOCK TABLES `breed` WRITE;
/*!40000 ALTER TABLE `breed` DISABLE KEYS */;
INSERT INTO `breed` VALUES (1,0,'<span>진돗개</span>는 특유의 높은 활동량을 가지고 있고 자립심이 강해 아파트보다 <span>울타리가 있는 마당</span>이 있는 집에서 키우는 것이 이상적입니다. 보호자에 대한 충성심과 애정이 강해 <span>유대감</span>을 쌓기 좋습니다. <span>가족에 대한 강한 보호본능</span>으로 인해 가족에게 위협적으로 보이는 사람과 사물에 무조건적인 적대감을 표출할 수 있지만 적절한 훈련과 사회성을 길러준다면 가정의 어린아이들과 가족을 보호해야 할 대상으로 인식해 <span>든든한 보디가드</span>가 되어줄 수 있습니다.','진돗개','#주인바라기 #똑똑이 #깔끔쟁이',351),(2,0,'<span>시츄</span>는 순하고 덜 짖는 성격이라 <span>아파트나 연립주택</span>에서 키울 때 좋습니다. 겁이 많아 위험한 것을 시도조차 하지 않고 몸 편한 것을 좋아해 게으름뱅이로 쉽게 오해 받기도 합니다. 먹성이 수준급이라 <span>비만</span>에 걸리지 않도록 보호자의 관심과 주의가 필요합니다. 특유의 <span>귀차니즘 + 황소고집 + 자존심</span>으로 인해 자신의 습성을 강제로 바꾸려 들면 오히려 반감을 가질 수 있습니다. 일반적인 강아지들과 달리 낯선 이에 대한 경계심이 없어 으르렁거리거나 입질하는 경우가 드물며 오히려 꼬리치며 애교를 부리기도 합니다. 한번 <span>열 받으면 물불 안 가리는 성격</span>으로 엉뚱한 상황에서 뜬금없이 강한 공격성을 표출할 수 있으니 주의가 필요합니다.','시츄','#온순 그자체 #먹보 #귀차니즘',352),(3,0,'<span>코카스파니엘</span>은 사람, 동물에 대한 경계심이 낮고 친화력이 높아 낯선 사람이나 어린아이, 다른 동물들과도 잘 어울립니다. <span>\'뇌까지 근육\'</span>이라는 말이 나올 정도로 <span>활달함</span>이 지나친데다 관심을 좋아해 말썽을 자주 피우지만 지구력이 조금 떨어져 자주 놀아주거나 산책을 시켜주면 말썽이 덜해집니다. <span>지능이 높고</span> 보호자와 함께 하는 것을 좋아하는 특성 덕분에 이해하기 어려운 난해한 명령이 아니라면 <span>훈련에 적극적으로 참여</span>합니다.','코카스파니엘','#에너자이저 #발랄견 #뇌까지 근육',353),(4,0,'<span>시베리안 허스키</span>는 썰매견 출신으로 힘과 체력이 정말 좋고 힘이 넘치는 만큼 쾌활합니다. 사람을 매우 좋아하고 보호자와 잘 놀며 보호자의 감정까지 잘 파악해 애교도 잘 부리는 <span>마음이 넓고 감수성이 풍부</span>합니다. 친화력이 매우 좋아 사람들뿐만 아니라 다른 개들과도 잘 어울리는 <span>인싸의 기질</span>을 타고났습니다. 썰매를 몰고 자유롭게 뛰어다니던 개이기 때문에 좁은 곳에 있으면 답답함을 느끼고 큰 스트레스를 받을 수 있어 <span>큰 생활공간에서 주기적으로 신체활동이 필수적</span>입니다. 만약 혼자 오래 내버려 둔다면 땅을 파고 무언가를 씹어 댈 수 있으며, 혹은 이웃들에게 <span>\'울부짖음 콘서트\'</span>를 선사할 수 있으니 지속적인 관심과 활동이 필요합니다.','시베리안 허스키','#견계의 차은우 #장난꾸러기 #인싸',354),(5,0,'<span>비글</span>은 <span>상냥하고 친절한 성격</span>으로 어린아이가 있는 가정 또는 <span>다른 강아지와 함께 생활하는 가정</span>에서 키우기 적합합니다. 다만 영역 의식이 거의 없고, 낯선 사람들에 대한 경계심이 얇기 때문에 침입자를 마주쳐도 꼬리를 흔들며 반길 수 있기 때문에 경비견으로는 적합하지 않습니다. 매우 영리하기 때문에 <span>보호자의 지시를 신속하게 이해</span>하여 <span>수준 높은 교육</span>까지 손쉽게 해낼 수 있습니다. 하지만 총명함 때문에 보호자가 제대로 리더십을 취하지 않으면 순식간에 <span>상하 관계가 역전</span>되어 버리니 주의가 필요합니다.','비글','#친화력 갑 #호기심 천국 #친절한 비글씨',355),(6,0,'<span>슈나우저</span>는 경비견 출신으로 자신보다 덩치가 큰 강아지들에게도 덤벼들 만큼 <span>용맹한 성격</span>을 가지고 있습니다. 다소 심드렁한 표정과 달리 <span>매우 활달</span>하며 몸이 튼튼해 <span>잔병치레도 적은 편</span>입니다. <span>쾌활</span>하고 사람을 무척 좋아하며 애교도 많아 아이들과도 잘 지냅니다. 다만 가슴 깊이 <span>호랑이의 심장</span>을 지니고 있어 산책하다가 지나가는 강아지들에게 물불 안가리고 달려들기도 하여 사회화 훈련이 꼭 필요합니다.','슈나우저','#왕성한 에너지 #타고난 일진 #만능 일꾼',356),(7,0,'<span>시바견</span>은 활발하고 <span>명량하면서도 독립적인 성격</span>을 가지고 있습니다. 야생성이 강하고 낯선 이에 대해 공격적인 모습을 보이기도 하지만 보호자에게는 충성스럽고 가정에서는 살가운 편입니다. <span>귀여운 외모와 달리 근육질 몸</span>을 가지고 있어 아주 민첩하고 활동량이 많아 <span>최소 1~2시간 산책</span>을 통해 에너지를 발산하는 시간이 필요합니다. 경계심과 겁이 많아 어딘가에 갇히거나 붙잡히면 크게 두려움을 느껴 참는 법을 모르는 것이 아닐까 의심이 갈 정도로 심한 <span>엄살쟁이</span>입니다.','시바견','#츤데레 #털뿜뿜 #겁 많은 엄살쟁이',357),(8,0,'<span>푸들</span>은 보더콜리 다음으로 지능이 높은 편으로 훈련을 통해 <span>상황을 파악하고 습득하는 능력</span>이 높아 고난도의 훈련까지 수월하게 배울 수 있습니다. 보호자가 무엇을 좋아하고 싫어하는지 금방 파악하고 보호자가 좋아하는 행동만 하려고 하는 등 어떻게 하면 예쁨 받을 수 있는지 항상 생각하는 편입니다. <span>곱슬거리는 털</span> 덕분에 털 날림이나 <span>털 알레르기 문제에서 비교적 자유로워</span> 초보 보호자가 키우기에 수월합니다. 활발하고 활동량이 많으며 <span>관심 받는 것을 좋아하기 때문</span>에 혼자 두거나 무시하면 헛짖음과 같은 안좋은 습관들이 생길 수 있어 끊임없는 관심과 애정이 필요합니다.','푸들','#천사견 #관심종자 #아이돌 센터',358),(9,0,'<span>프렌치 불독</span>은 어떤 집에서도 행복하게 지낼 수 있어 큰 마당이 없는 <span>도시생활</span>을 하는 보호자들에게도 적합합니다. 짧은 털과 근육질 체형과 달리 <span>애교가 많고 섬세한 편</span>이며, 호기심이 많긴 하지만 과하진 않습니다. 더위를 많이 타며, 얼굴과 코가 납작한 단두종 특성상 숨을 자주 헐떡거리거나 코를 많이 곱니다. 얼굴에 주름이 많고 침을 많이 흘리기 때문에 <span>주름 사이나 입 주위 세균 간염에 각별히 신경</span>을 써주어야 합니다.  먹성이 좋고 게걸스럽게 먹는걸 좋아해 쉽게 <span>비만에 걸리지 않도록 충분한 운동과 산책</span>이 필요합니다.','프렌치 불독','#근육질 #개그맨 #밥밖에 모르는 바보',359),(10,0,'<span>요크셔테리어</span>는 체구가 작기 때문에 <span>작은 빌라나 아파트</span>에서도 키우기 적합합니다. 새로운 환경에 대한 적응력이 좋아 보호자와 함께라면 어딜 가든 불안해 하지 않아 <span>여행할 때 좋은 동반자</span>가 되기도 합니다. 평생 털이 자라나는 장모종이지만 털갈이를 하지 않아 <span>털 빠짐이 적고 털 관리도 쉬운 편</span>에 속합니다. 보호자에 대한 충성심이 굉장히 높아 보호자를 잘 따르지만 낯선 사람에게는 경계가 심할 수 있습니다. 보호자 외에는 잘 따르지 않고 <span>보호자에 대한 소유욕과 질투심</span>이 많아 분리 불안이 나타날 수 있으니 적절한 사회화 훈련이 필요합니다.','요크셔테리어','#예민보스 #요조숙녀 #움직이는 보석',360),(11,0,'<span>보더콜리</span>는 <span>세계에서 가장 머리가 좋은 개</span>로 유명하며 그 명성에 걸맞게 학습 능력이 매우 뛰어납니다. 너무 영리하기 때문에 올바른 교육과 교감이 이루어지지 않으면 떼쓰는 아이처럼 응석을 많이 부리는 영악한 성격이 될 수 있으니 보호자의 관심과 노력, 애정이 뒷받침되어야 합니다. 뛰는 것을 매우 사랑하기 때문에 <span>집 근처 함께 뛸만한 공원이 있는 장소</span>에서 기르는 것이 적합합니다. 만약 체력 활동을 충족시켜주지 못하면 스트레스르르 받아 신경질적인 성격으로 바뀔 수 있으니 오랜 시간 같이 있으면서 <span>활동량을 충분히 채워줄 만큼 시간적 여유가 있는 보호자</span>들에게 적합합니다. <span>천진난만</span>하고 장난기가 못지 않게 애교도 많으며 <span>보호자에게 충실</span>합니다. 보호자에게 많이 의지하는 편이라 <span>항상 애정을 요구</span>하고 관심이 없으면 스트레스를 받기 때문에 지속적인 관심과 애정이 필요합니다.','보더콜리','#천재견 #마라토너 #응석쟁이',361),(12,0,'<span>저먼 셰퍼드</span>는 사랑하는 보호자를 위해 목숨을 버리기도 할 만큼 <span>충성심이 매우 강하고 믿음직</span>스럽습니다. 적응력이 뛰어나 현재 통제하는 사람의 말을 충실하게 듣기 때문에 군견, 경찰견 등으로 자주 쓰입니다. 영리하여 훈련시키기 쉽지만 그만큼 보호자의 리더십을 필요로 합니다. 아이들에게 매우 점잖게 대하고 인내심도 강해 <span>짓궂은 장난도 잘 받아주는 편</span>으로 영유아뿐만 아니라 소형견, 고양이와도 잘 놀아주는 듬직한 면모가 있습니다. 하지만 <span>보호자에게 만큼은 애교가 많은 애교쟁이</span>이니 분리 불안이 생기지 않도록 주의할 필요가 있습니다.','저먼 셰퍼드','#군대체질 #강약약강 #적응력 갑',362),(13,0,'<span>퍼그</span>는 <span>완벽한 실내 반려견</span>으로 비슷한 출신인 시츄나 페키니즈에 비하면 훨씬 활동적이고 호기심도 많지만, <span>헛짖음이나 공격성이 극히 적은 편</span>입니다. 애교가 많고 웬만큼 장난을 쳐도 화내지 않을 정도로 너그러우면서 낯선 사람에게도 공격성을 드러내지 않을 만큼 <span>느긋하고 순한 성격</span>입니다. 식탐이 상상을 초월할 정도로 강하지만 게으른 편이라 비만이 오기 쉽기 때문에 <span>식사량에 있어 특히 주의</span>가 필요합니다. 단두종 특성상 안면 부위가 짧아 더위를 많이 타고 코를 자주 골기도 합니다. 또한 눈이 쉽게 부상당할 위험이 있어 항상 촉촉하고 안전한 관리해주어야 하며 <span>얼굴 주름 사이 세균 번식 위험</span>이 있기 때문에 항상 청결하게 유지 시켜주어야 합니다.','퍼그','#개성만점 #게으름뱅이 #고집불통',363),(14,0,'<span>닥스훈트</span>는 <span>애교가 많고 애기같은 면</span>이 많아 항상 보호자의 몸 어딘가에 자주 붙어있는 편입니다. 단모종 특징으로 추위를 많이 타는데 실내에서 기를 경우 겨울이 되면 아랫목을 찾아 몸을 지지거나 <span>이불에 파고들어 코만 내밀고 자는 모습</span>을 볼 수 있습니다. <span>엄청난 고집</span>과 자기주장이 강하면서 <span>눈치도 빠르고 똑똑</span>하기 때문에 애교에 넘어갔다가는 오히려 조종당할 수 있습니다. 때문에 보호자에게는 애정은 유지하되, 한결같은 모습과 단호함이 필요합니다. 체형 특징상 <span>허리디스크 위험</span>이 항상 있기 때문에 높은곳에서 뛰어내리거나 빠르게 달리는 것을 자제시켜야 합니다. 또한 비만이 될 경우 허리에 심한 무리가 가기 때문에 <span>꾸준한 산책과 운동이 필수</span>입니다.','닥스훈트','#집사 껌딱지 #핫도그 #해피바이러스',364),(15,0,'<span>골든 리트리버</span>는 화난 영상이 신기하다고 화제가 될 정도로 <span>매우 온화하고 얌전한 성격</span>을 가졌습니다. <span>높은 지능</span>과 함께 <span>호기심</span>과 <span>탐구력</span>이 높아 생후 2년까지는 개구쟁이처럼 사고를 치기도 하지만 훈련과 사회화 교육이 잘 이루어졌다면 안내견으로도 쓰일 만큼 <span>사람과의 교감</span>이 아주 잘 되는 편입니다. 사람을 너무 좋아하기 때문에 도둑이 들어도 좋다고 꼬리를 흔드는 경우가 있을 만큼 바보같을 정도로 사람을 좋아합니다. 대체적으로 <span>물을 좋아</span>하고 발에 물갈퀴가 있어 <span>수영을 잘하는 편</span>입니다.','골든 리트리버','#우리 모두 친구 #전생에 부처 #물트리버',365),(16,0,'<span>웰시코기</span>는 하룻강아지 범 무서운 줄 모르는 타입으로 <span>상당히 적극적이고 호기심이 많은 편</span>입니다. 난관에 부딪혀도 스스로 판단하여 해결할 만큼 지능도 높습니다. <span>스킨십</span>을 좋아하고 <span>애교</span>도 많은데다 보호자에 대한 충성심이 높아 애견 초보자에게 적합합니다. <span>감시 능력과 문제 해결 능력이 뛰어나</span> 목축업에 안성맞춤이지만 <span>귀여운 외견</span>에 <span>높은 지능</span>, <span>무난한 성격</span> 덕에 가정에서 기르기도 적합합니다. 낯가림이 없어 지나가던 사람이 아는 척해도 애교를 부리는데 만약 다른 사람의 스킨십을 방치하면 보호자가 자신을 보호하지 못한다고 생각해 서열이 바뀌기 때문에 <span>낯선 이에 대한 스킨십</span>을 막는 것이 좋습니다. 일부러 즐거운 표정이나 불쌍한 표정을 지어 원하는 것을 얻어낼 정도로 지능적이기 때문에 냉정해질 필요가 있습니다. <span>허리디스크 위험</span>이 있어 비만이 되지 않게 각별한 주의가 필요합니다.','웰시코기','#치명적 뒷태 #귀여운 엉덩이 #위풍당당',366),(17,0,NULL,'말티즈',NULL,NULL),(18,0,NULL,'비숑프리제',NULL,NULL),(19,0,NULL,'치와와',NULL,NULL),(20,0,NULL,'파피용',NULL,NULL),(21,0,NULL,'보스턴 테리어',NULL,NULL),(22,0,NULL,'사모예드',NULL,NULL),(23,0,NULL,'말티푸',NULL,NULL),(24,0,NULL,'스피츠',NULL,NULL),(25,0,NULL,'페키니즈',NULL,NULL),(26,0,NULL,'이탈리안 그레이하운드',NULL,NULL),(28,0,NULL,'포메라니안',NULL,NULL),(29,0,NULL,'풍산개',NULL,NULL),(31,0,NULL,'믹스견',NULL,NULL),(32,0,NULL,'미니핀',NULL,NULL);
/*!40000 ALTER TABLE `breed` ENABLE KEYS */;
UNLOCK TABLES;

--
-- Table structure for table `comment`
--

DROP TABLE IF EXISTS `comment`;
/*!40101 SET @saved_cs_client     = @@character_set_client */;
/*!50503 SET character_set_client = utf8mb4 */;
CREATE TABLE `comment` (
  `comment_id` bigint NOT NULL AUTO_INCREMENT,
  `board_id` bigint DEFAULT NULL,
  `content` varchar(255) DEFAULT NULL,
  `reg_time` datetime(6) DEFAULT NULL,
  `user_id` bigint DEFAULT NULL,
  PRIMARY KEY (`comment_id`),
  KEY `FKlij9oor1nav89jeat35s6kbp1` (`board_id`),
  KEY `FK8kcum44fvpupyw6f5baccx25c` (`user_id`),
  CONSTRAINT `FK8kcum44fvpupyw6f5baccx25c` FOREIGN KEY (`user_id`) REFERENCES `user` (`user_id`),
  CONSTRAINT `FKlij9oor1nav89jeat35s6kbp1` FOREIGN KEY (`board_id`) REFERENCES `board` (`board_id`)
) ENGINE=InnoDB AUTO_INCREMENT=755 DEFAULT CHARSET=utf8mb4 COLLATE=utf8mb4_0900_ai_ci;
/*!40101 SET character_set_client = @saved_cs_client */;

--
-- Dumping data for table `comment`
--

LOCK TABLES `comment` WRITE;
/*!40000 ALTER TABLE `comment` DISABLE KEYS */;
/*!40000 ALTER TABLE `comment` ENABLE KEYS */;
UNLOCK TABLES;

--
-- Table structure for table `consulting`
--

DROP TABLE IF EXISTS `consulting`;
/*!40101 SET @saved_cs_client     = @@character_set_client */;
/*!50503 SET character_set_client = utf8mb4 */;
CREATE TABLE `consulting` (
  `consulting_id` bigint NOT NULL AUTO_INCREMENT,
  `consulting_date` date DEFAULT NULL,
  `shelter_id` bigint DEFAULT NULL,
  `consulting_state` int DEFAULT NULL,
  `time_code` int DEFAULT NULL,
  `sp_dog_id` bigint DEFAULT NULL,
  `user_id` bigint DEFAULT NULL,
  `regist_date` datetime DEFAULT NULL,
  PRIMARY KEY (`consulting_id`),
  KEY `FKjg1gponslll390k38qis2dvrx` (`shelter_id`),
  KEY `FKm5e00x7poc3h8gcrqq3d11bvc` (`sp_dog_id`),
  KEY `FK2lxp75hxy7sr5dw6stflu9xr5` (`user_id`),
  CONSTRAINT `FK2lxp75hxy7sr5dw6stflu9xr5` FOREIGN KEY (`user_id`) REFERENCES `user` (`user_id`),
  CONSTRAINT `FKjg1gponslll390k38qis2dvrx` FOREIGN KEY (`shelter_id`) REFERENCES `shelter` (`shelter_id`),
  CONSTRAINT `FKm5e00x7poc3h8gcrqq3d11bvc` FOREIGN KEY (`sp_dog_id`) REFERENCES `shelter_protected_dog` (`sp_dog_id`)
) ENGINE=InnoDB AUTO_INCREMENT=37 DEFAULT CHARSET=utf8mb4 COLLATE=utf8mb4_0900_ai_ci;
/*!40101 SET character_set_client = @saved_cs_client */;

--
-- Dumping data for table `consulting`
--

LOCK TABLES `consulting` WRITE;
/*!40000 ALTER TABLE `consulting` DISABLE KEYS */;
INSERT INTO `consulting` VALUES (31,'2023-02-17',397,5,11,5147,416,'2023-02-17 10:44:49'),(32,'2023-02-17',397,3,11,5149,416,'2023-02-17 10:55:05'),(33,'2023-02-17',391,4,11,5936,421,'2023-02-17 10:59:01'),(34,'2023-02-17',324,5,14,5057,418,'2023-02-17 11:03:58'),(35,'2023-02-17',324,5,14,5058,418,'2023-02-17 11:05:31'),(36,'2023-02-17',324,5,14,5059,418,'2023-02-17 11:06:56');
/*!40000 ALTER TABLE `consulting` ENABLE KEYS */;
UNLOCK TABLES;

--
-- Table structure for table `count`
--

DROP TABLE IF EXISTS `count`;
/*!40101 SET @saved_cs_client     = @@character_set_client */;
/*!50503 SET character_set_client = utf8mb4 */;
CREATE TABLE `count` (
  `count_id` bigint NOT NULL AUTO_INCREMENT,
  `count` bigint DEFAULT NULL,
  PRIMARY KEY (`count_id`)
) ENGINE=InnoDB AUTO_INCREMENT=2 DEFAULT CHARSET=utf8mb4 COLLATE=utf8mb4_0900_ai_ci;
/*!40101 SET character_set_client = @saved_cs_client */;

--
-- Dumping data for table `count`
--

LOCK TABLES `count` WRITE;
/*!40000 ALTER TABLE `count` DISABLE KEYS */;
INSERT INTO `count` VALUES (1,889);
/*!40000 ALTER TABLE `count` ENABLE KEYS */;
UNLOCK TABLES;

--
-- Table structure for table `dog_color`
--

DROP TABLE IF EXISTS `dog_color`;
/*!40101 SET @saved_cs_client     = @@character_set_client */;
/*!50503 SET character_set_client = utf8mb4 */;
CREATE TABLE `dog_color` (
  `color_id` bigint NOT NULL AUTO_INCREMENT,
  `color_code` varchar(255) DEFAULT NULL,
  PRIMARY KEY (`color_id`)
) ENGINE=InnoDB AUTO_INCREMENT=2185 DEFAULT CHARSET=utf8mb4 COLLATE=utf8mb4_0900_ai_ci;
/*!40101 SET character_set_client = @saved_cs_client */;

--
-- Dumping data for table `dog_color`
--

LOCK TABLES `dog_color` WRITE;
/*!40000 ALTER TABLE `dog_color` DISABLE KEYS */;
INSERT INTO `dog_color` VALUES (49,'#000000'),(50,'#000000'),(51,'#000000'),(52,'#000000'),(53,'#000000'),(54,'#000000'),(55,'#000000'),(56,'#000000'),(57,'#000000'),(58,'#000000'),(59,'#000000'),(60,'#000000'),(1140,'#ebe4da'),(1141,'#000000'),(1142,'#000000'),(1143,'#bcb8ae'),(1144,'#ebe5e5'),(1145,'#000000'),(1146,'#98724f'),(1147,'#f3efe1'),(1148,'#000000'),(1149,'#c4a376'),(1150,'#ededed'),(1151,'#000000'),(1152,'#f0ebeb'),(1153,'#000000'),(1154,'#000000'),(1155,'#000000'),(1156,'#000000'),(1157,'#000000'),(1158,'#d3c4a7'),(1159,'#000000'),(1160,'#000000'),(1161,'#fbf8f3'),(1162,'#000000'),(1163,'#000000'),(1164,'#a17747'),(1165,'#000000'),(1166,'#000000'),(1167,'#ceb78b'),(1168,'#4e4c3b'),(1169,'#000000'),(1170,'#ffffff'),(1171,'#000000'),(1172,'#000000'),(1671,'#3c2500'),(1672,'#110200'),(1673,'#000000'),(1970,'#FFFFFF'),(1971,'#FFFFFF'),(1972,'#C8C896'),(1973,'#C8C896'),(1974,'#FFFFFF'),(1975,'#666666'),(1976,'#FFFFFF'),(1977,'#666666'),(1978,'#FFFFFF'),(1979,'#C8C896'),(1980,'#666666'),(1981,'#FFFFFF'),(1982,'#666666'),(1983,'#C8C896'),(1984,'#FFFFFF'),(1985,'#666666'),(1986,'#C8C896'),(1987,'#666666'),(1988,'#C8C896'),(1989,'#FFFFFF'),(1990,'#666666'),(1991,'#666666'),(1992,'#C8C896'),(1993,'#C8C896'),(1994,'#FFFFFF'),(1995,'#C8C896'),(1996,'#FFFFFF'),(1997,'#FFFFFF'),(1998,'#FFFFFF'),(1999,'#666666'),(2000,'#FFFFFF'),(2001,'#666666'),(2002,'#C8C896'),(2003,'#FFFFFF'),(2004,'#C8C896'),(2005,'#FFFFFF'),(2006,'#FFFFFF'),(2007,'#FFFFFF'),(2008,'#000000'),(2009,'#C8C896'),(2010,'#FFFFFF'),(2011,'#666666'),(2012,'#C8C896'),(2013,'#FFFFFF'),(2014,'#666666'),(2015,'#FFFFFF'),(2016,'#000000'),(2017,'#FFFFFF'),(2018,'#666666'),(2019,'#C8C896'),(2020,'#000000'),(2021,'#666666'),(2022,'#C8C896'),(2023,'#FFFFFF'),(2024,'#666666'),(2025,'#C8C896'),(2026,'#666666'),(2027,'#C8C896'),(2028,'#FFFFFF'),(2029,'#666666'),(2030,'#666666'),(2031,'#C8C896'),(2032,'#C8C896'),(2033,'#FFFFFF'),(2034,'#C8C896'),(2035,'#FFFFFF'),(2036,'#FFFFFF'),(2037,'#FFFFFF'),(2038,'#C8C896'),(2039,'#FFFFFF'),(2040,'#666666'),(2041,'#666666'),(2042,'#FFFFFF'),(2043,'#C8C896'),(2044,'#FFFFFF'),(2045,'#FFFFFF'),(2046,'#FFFFFF'),(2047,'#000000'),(2048,'#FFFFFF'),(2049,'#C8C896'),(2050,'#C8C896'),(2051,'#FFFFFF'),(2052,'#FFFFFF'),(2053,'#FFFFFF'),(2054,'#C8C896'),(2055,'#C8C896'),(2056,'#FFFFFF'),(2057,'#666666'),(2058,'#FFFFFF'),(2059,'#666666'),(2060,'#FFFFFF'),(2061,'#C8C896'),(2062,'#FFFFFF'),(2063,'#000000'),(2064,'#666666'),(2065,'#C8C896'),(2066,'#FFFFFF'),(2067,'#666666'),(2068,'#666666'),(2069,'#C8C896'),(2070,'#FFFFFF'),(2071,'#666666'),(2072,'#C8C896'),(2073,'#C8C896'),(2074,'#FFFFFF'),(2075,'#C8C896'),(2076,'#FFFFFF'),(2077,'#FFFFFF'),(2078,'#FFFFFF'),(2079,'#C8C896'),(2080,'#FFFFFF'),(2081,'#C8C896'),(2082,'#FFFFFF'),(2083,'#C8C896'),(2084,'#FFFFFF'),(2085,'#C8C896'),(2086,'#666666'),(2087,'#FFFFFF'),(2088,'#C8C896'),(2089,'#C8C896'),(2090,'#666666'),(2091,'#C8C896'),(2092,'#C8C896'),(2093,'#FFFFFF'),(2094,'#FFFFFF'),(2095,'#C8C896'),(2096,'#3D0A0A'),(2097,'#FFFFFF'),(2098,'#666666'),(2099,'#FFFFFF'),(2100,'#666666'),(2101,'#FFFFFF'),(2102,'#C8C896'),(2103,'#666666'),(2104,'#FFFFFF'),(2105,'#666666'),(2106,'#C8C896'),(2107,'#FFFFFF'),(2108,'#666666'),(2109,'#C8C896'),(2110,'#666666'),(2111,'#C8C896'),(2112,'#FFFFFF'),(2113,'#666666'),(2114,'#666666'),(2115,'#C8C896'),(2116,'#C8C896'),(2117,'#FFFFFF'),(2118,'#C8C896'),(2119,'#FFFFFF'),(2120,'#FFFFFF'),(2121,'#FFFFFF'),(2122,'#666666'),(2123,'#FFFFFF'),(2124,'#666666'),(2125,'#C8C896'),(2126,'#FFFFFF'),(2127,'#C8C896'),(2128,'#FFFFFF'),(2129,'#FFFFFF'),(2130,'#FFFFFF'),(2131,'#000000'),(2132,'#C8C896'),(2133,'#FFFFFF'),(2134,'#FFFFFF'),(2135,'#FFFFFF'),(2136,'#C8C896'),(2137,'#C8C896'),(2138,'#FFFFFF'),(2139,'#666666'),(2140,'#FFFFFF'),(2141,'#666666'),(2142,'#FFFFFF'),(2143,'#C8C896'),(2144,'#FFFFFF'),(2145,'#000000'),(2146,'#666666'),(2147,'#C8C896'),(2148,'#FFFFFF'),(2149,'#666666'),(2150,'#666666'),(2151,'#C8C896'),(2152,'#FFFFFF'),(2153,'#666666'),(2154,'#C8C896'),(2155,'#C8C896'),(2156,'#FFFFFF'),(2157,'#C8C896'),(2158,'#FFFFFF'),(2159,'#FFFFFF'),(2160,'#FFFFFF'),(2161,'#C8C896'),(2162,'#FFFFFF'),(2163,'#C8C896'),(2164,'#FFFFFF'),(2165,'#C8C896'),(2166,'#666666'),(2167,'#FFFFFF'),(2168,'#C8C896'),(2169,'#C8C896'),(2170,'#C8C896'),(2171,'#C8C896'),(2172,'#C8C896'),(2173,'#FFFFFF'),(2174,'#000000'),(2175,'#C8C896'),(2176,'#C8C896'),(2177,'#C8C896'),(2178,'#FFFFFF'),(2179,'#C8C896'),(2180,'#666666'),(2181,'#dfe5e5'),(2182,'#dfe5e5'),(2183,'#f0ece3'),(2184,'#f0ece3');
/*!40000 ALTER TABLE `dog_color` ENABLE KEYS */;
UNLOCK TABLES;

--
-- Table structure for table `gugun_code`
--

DROP TABLE IF EXISTS `gugun_code`;
/*!40101 SET @saved_cs_client     = @@character_set_client */;
/*!50503 SET character_set_client = utf8mb4 */;
CREATE TABLE `gugun_code` (
  `code` varchar(255) NOT NULL,
  `name` varchar(255) DEFAULT NULL,
  `sido_code` varchar(255) DEFAULT NULL
) ENGINE=InnoDB DEFAULT CHARSET=utf8mb4 COLLATE=utf8mb4_0900_ai_ci;
/*!40101 SET character_set_client = @saved_cs_client */;

--
-- Dumping data for table `gugun_code`
--

LOCK TABLES `gugun_code` WRITE;
/*!40000 ALTER TABLE `gugun_code` DISABLE KEYS */;
INSERT INTO `gugun_code` VALUES ('11110','종로구','11'),('11140','중구','11'),('11170','용산구','11'),('11200','성동구','11'),('11215','광진구','11'),('11230','동대문구','11'),('11260','중랑구','11'),('11290','성북구','11'),('11305','강북구','11'),('11320','도봉구','11'),('11350','노원구','11'),('11380','은평구','11'),('11410','서대문구','11'),('11440','마포구','11'),('11470','양천구','11'),('11500','강서구','11'),('11530','구로구','11'),('11545','금천구','11'),('11560','영등포구','11'),('11590','동작구','11'),('11620','관악구','11'),('11650','서초구','11'),('11680','강남구','11'),('11710','송파구','11'),('11740','강동구','11'),('26110','중구','26'),('26140','서구','26'),('26170','동구','26'),('26200','영도구','26'),('26230','부산진구','26'),('26260','동래구','26'),('26290','남구','26'),('26320','북구','26'),('26350','해운대구','26'),('26380','사하구','26'),('26410','금정구','26'),('26440','강서구','26'),('26470','연제구','26'),('26500','수영구','26'),('26530','사상구','26'),('26710','기장군','26'),('27110','중구','27'),('27140','동구','27'),('27170','서구','27'),('27200','남구','27'),('27230','북구','27'),('27260','수성구','27'),('27290','달서구','27'),('27710','달성군','27'),('28110','중구','28'),('28140','동구','28'),('28177','미추홀구','28'),('28185','연수구','28'),('28200','남동구','28'),('28237','부평구','28'),('28245','계양구','28'),('28260','서구','28'),('28710','강화군','28'),('28720','옹진군','28'),('29110','동구','29'),('29140','서구','29'),('29155','남구','29'),('29170','북구','29'),('29200','광산구','29'),('30110','동구','30'),('30140','중구','30'),('30170','서구','30'),('30200','유성구','30'),('30230','대덕구','30'),('31110','중구','31'),('31140','남구','31'),('31170','동구','31'),('31200','북구','31'),('31710','울주군','31'),('36110','조치원읍','36'),('36110','연기면','36'),('36110','부강면','36'),('36110','금남면','36'),('36110','장군면','36'),('36110','연서면','36'),('36110','전의면','36'),('36110','전동면','36'),('36110','소정면','36'),('41111','수원시','41'),('41131','성남시','41'),('41150','의정부시','41'),('41171','안양시','41'),('41190','부천시','41'),('41210','광명시','41'),('41220','평택시','41'),('41250','동두천시','41'),('41271','안산시','41'),('41281','고양시','41'),('41290','과천시','41'),('41310','구리시','41'),('41360','남양주시','41'),('41370','오산시','41'),('41390','시흥시','41'),('41410','군포시','41'),('41430','의왕시','41'),('41450','하남시','41'),('41461','용인시','41'),('41480','파주시','41'),('41500','이천시','41'),('41550','안성시','41'),('41570','김포시','41'),('41590','화성시','41'),('41610','광주시','41'),('41630','양주시','41'),('41650','포천시','41'),('41670','여주시','41'),('41800','연천군','41'),('41820','가평군','41'),('41830','양평군','41'),('42110','춘천시','42'),('42130','원주시','42'),('42150','강릉시','42'),('42170','동해시','42'),('42190','태백시','42'),('42210','속초시','42'),('42230','삼척시','42'),('42720','홍천군','42'),('42730','횡성군','42'),('42750','영월군','42'),('42760','평창군','42'),('42770','정선군','42'),('42780','철원군','42'),('42790','화천군','42'),('42800','양구군','42'),('42810','인제군','42'),('42820','고성군','42'),('42830','양양군','42'),('43111','청주시','43'),('43130','충주시','43'),('43150','제천시','43'),('43720','보은군','43'),('43730','옥천군','43'),('43740','영동군','43'),('43745','증평군','43'),('43750','진천군','43'),('43760','괴산군','43'),('43770','음성군','43'),('43800','단양군','43'),('44131','천안시','44'),('44133','천안시','44'),('44150','공주시','44'),('44180','보령시','44'),('44200','아산시','44'),('44210','서산시','44'),('44230','논산시','44'),('44250','계룡시','44'),('44270','당진시','44'),('44710','금산군','44'),('44760','부여군','44'),('44770','서천군','44'),('44790','청양군','44'),('44800','홍성군','44'),('44810','예산군','44'),('44825','태안군','44'),('45111','전주시','45'),('45130','군산시','45'),('45140','익산시','45'),('45180','정읍시','45'),('45190','남원시','45'),('45210','김제시','45'),('45710','완주군','45'),('45720','진안군','45'),('45730','무주군','45'),('45740','장수군','45'),('45750','임실군','45'),('45770','순창군','45'),('45790','고창군','45'),('45800','부안군','45'),('46110','목포시','46'),('46130','여수시','46'),('46150','순천시','46'),('46170','나주시','46'),('46230','광양시','46'),('46710','담양군','46'),('46720','곡성군','46'),('46730','구례군','46'),('46770','고흥군','46'),('46780','보성군','46'),('46790','화순군','46'),('46800','장흥군','46'),('46810','강진군','46'),('46820','해남군','46'),('46830','영암군','46'),('46840','무안군','46'),('46860','함평군','46'),('46870','영광군','46'),('46880','장성군','46'),('46890','완도군','46'),('46900','진도군','46'),('46910','신안군','46'),('47111','포항시','47'),('47130','경주시','47'),('47150','김천시','47'),('47170','안동시','47'),('47190','구미시','47'),('47210','영주시','47'),('47230','영천시','47'),('47250','상주시','47'),('47280','문경시','47'),('47290','경산시','47'),('47720','군위군','47'),('47730','의성군','47'),('47750','청송군','47'),('47760','영양군','47'),('47770','영덕군','47'),('47820','청도군','47'),('47830','고령군','47'),('47840','성주군','47'),('47850','칠곡군','47'),('47900','예천군','47'),('47920','봉화군','47'),('47930','울진군','47'),('47940','울릉군','47'),('48121','창원시','48'),('48170','진주시','48'),('48220','통영시','48'),('48240','사천시','48'),('48250','김해시','48'),('48270','밀양시','48'),('48310','거제시','48'),('48330','양산시','48'),('48720','의령군','48'),('48730','함안군','48'),('48740','창녕군','48'),('48820','고성군','48'),('48840','남해군','48'),('48850','하동군','48'),('48860','산청군','48'),('48870','함양군','48'),('48880','거창군','48'),('48890','합천군','48'),('50110','제주시','50'),('50130','서귀포시','50');
/*!40000 ALTER TABLE `gugun_code` ENABLE KEYS */;
UNLOCK TABLES;

--
-- Table structure for table `hibernate_sequence`
--

DROP TABLE IF EXISTS `hibernate_sequence`;
/*!40101 SET @saved_cs_client     = @@character_set_client */;
/*!50503 SET character_set_client = utf8mb4 */;
CREATE TABLE `hibernate_sequence` (
  `next_val` bigint DEFAULT NULL
) ENGINE=InnoDB DEFAULT CHARSET=utf8mb4 COLLATE=utf8mb4_0900_ai_ci;
/*!40101 SET character_set_client = @saved_cs_client */;

--
-- Dumping data for table `hibernate_sequence`
--

LOCK TABLES `hibernate_sequence` WRITE;
/*!40000 ALTER TABLE `hibernate_sequence` DISABLE KEYS */;
INSERT INTO `hibernate_sequence` VALUES (1),(43);
/*!40000 ALTER TABLE `hibernate_sequence` ENABLE KEYS */;
UNLOCK TABLES;

--
-- Table structure for table `image`
--

DROP TABLE IF EXISTS `image`;
/*!40101 SET @saved_cs_client     = @@character_set_client */;
/*!50503 SET character_set_client = utf8mb4 */;
CREATE TABLE `image` (
  `image_id` bigint NOT NULL AUTO_INCREMENT,
  `file_path` varchar(255) DEFAULT NULL,
  `file_size` int NOT NULL,
  `filename` varchar(255) DEFAULT NULL,
  `orig_filename` varchar(255) DEFAULT NULL,
  PRIMARY KEY (`image_id`)
) ENGINE=InnoDB AUTO_INCREMENT=3924 DEFAULT CHARSET=utf8mb4 COLLATE=utf8mb4_0900_ai_ci;
/*!40101 SET character_set_client = @saved_cs_client */;

--
-- Dumping data for table `image`
--

LOCK TABLES `image` WRITE;
/*!40000 ALTER TABLE `image` DISABLE KEYS */;
INSERT INTO `image` VALUES (1,'upload/default/f3403027-e287-458f-a4eb-e53fb0eea0ca.png',89721,'디폴트.png','디폴트.png'),(2,'http://k.kakaocdn.net/dn/oFWxG/btrS3FQy5ve/MKhDvkBazcAXmMGkm73KO0/img_640x640.jpg',0,'kakao','kakao'),(3,'http://k.kakaocdn.net/dn/A5mfm/btrXAjB3NHs/aO5enBdviSU3k8G2cKPDAk/img_640x640.jpg',0,'kakao','kakao'),(4,'upload/default/9133e28d-1114-4b32-9e54-d7e65c6ee147.jpg',3947,'강아지.jpg','강아지.jpg'),(9,'http://k.kakaocdn.net/dn/dye4DG/btrXnvDntA8/211PlRBfQlWK1ELXLmlnH1/img_640x640.jpg',0,'kakao','kakao'),(14,'upload/shelter/29d77fad-7a83-4da8-ac5f-925e8fcc33aa.png',191809,'mbti-logo.png','mbti-logo.png'),(15,'upload/shelter/5d9dd2c1-acf2-46a8-ae47-b7b3f35d3c5f.png',37540,'Image Pasted at 2023-1-9 10-29.png','Image Pasted at 2023-1-9 10-29.png'),(24,'http://k.kakaocdn.net/dn/rWLET/btrMPWo40sz/KPddHL1weKAMajlmY02P5K/img_640x640.jpg',0,'kakao','kakao'),(154,'upload/protect/09418618-0263-4473-9e29-c55321effd7e.png',173472,'image-21.png','image-21.png'),(155,'upload/protect/8bac366b-6995-4631-bd65-66c21d1592c0.jpg',149197,'img.jpg','img.jpg'),(156,'upload/protect/ebb6ae60-124f-4bf0-95e8-50f2e99de11f.png',483841,'image.png','image.png'),(157,'upload/protect/617b9dfd-623b-4b22-99bf-a5198c83df6d.jpg',35541,'다운로드.jpg','다운로드.jpg'),(158,'upload/protect/fdbbb762-1c97-41f5-bf7e-d697a5789d6e.png',173472,'image-21.png','image-21.png'),(159,'upload/protect/8b5779b2-a781-4582-8a2f-f2087894477a.jpg',149197,'img.jpg','img.jpg'),(160,'upload/protect/485aa311-5aee-49f3-a626-4d5161d1f8f9.png',173472,'image-21.png','image-21.png'),(161,'upload/protect/78b86cec-c6cd-44ad-a1c7-f363ea312ae5.jpg',149197,'img.jpg','img.jpg'),(162,'https://phinf.pstatic.net/contact/20201021_223/1603279544524oACO6_PNG/dfd.png',0,'naver','naver'),(163,'upload/protect/1c17ba8f-b9cd-4cf8-867d-5d03ab12399d.png',173472,'image-21.png','image-21.png'),(164,'upload/protect/6bac0e06-8cbf-4ae4-a1fb-cf1a45929e49.jpg',149197,'img.jpg','img.jpg'),(165,'upload/protect/df51ca79-0f90-4934-9099-2026fbede01e.png',173472,'image-21.png','image-21.png'),(166,'upload/protect/1a3d39ee-d247-4609-97bd-05902b6090f7.jpg',149197,'img.jpg','img.jpg'),(167,'upload/protect/c906639a-3acd-4a85-9534-8fa50a4ffe49.png',173472,'image-21.png','image-21.png'),(168,'upload/protect/bd384fd3-2358-4f7e-a938-8466f1cf04b8.jpg',149197,'img.jpg','img.jpg'),(171,'https://ssl.pstatic.net/static/pwe/address/img_profile.png',0,'naver','naver'),(192,'https://lh3.googleusercontent.com/a/AEdFTp7RB9J_7d8bmAgKYMNJQ_GKQiQLtuKe8rCcJ9ms=s96-c',0,'google','google'),(203,'https://lh3.googleusercontent.com/a/AEdFTp5yBcwe2VtHe8B4a82I7cN84tWkG_k1i1B-dthu=s96-c',0,'google','google'),(215,'https://lh3.googleusercontent.com/a/AEdFTp7cBDPJIGF5zNvPW_TtXflcIAJEprfHf-jvY-xy=s96-c',0,'google','google'),(240,'upload/shelter/1ef904a7-e86a-43aa-9fa1-8e50e801c675.jpg',35541,'다운로드.jpg','다운로드.jpg'),(241,'upload/shelter/0cf8c170-830d-47a1-82d1-1ee891d5c33c.png',173472,'image-21.png','image-21.png'),(271,'upload/report/e4dde2db-9d08-4e83-802e-aa2b22c1e652.PNG',6239,'캡처.PNG','캡처.PNG'),(281,'upload/report/e204a2ad-4fb1-4838-94c5-48798dfb3ce9.PNG',6239,'캡처.PNG','캡처.PNG'),(282,'upload/report/780068e3-33e5-43d0-85ed-e4a21747e922.jpg',136759,'WIN_20230118_14_55_38_Pro.jpg','WIN_20230118_14_55_38_Pro.jpg'),(283,'upload/report/c5279fbe-2b94-4c91-a6db-3a0ecc96873c.jpg',127936,'WIN_20230119_08_41_47_Pro.jpg','WIN_20230119_08_41_47_Pro.jpg'),(284,'upload/report/4636e43e-dccb-44d3-b01a-1e99fc687ad4.jpg',131859,'WIN_20230126_08_50_48_Pro.jpg','WIN_20230126_08_50_48_Pro.jpg'),(285,'upload/report/82ecca1f-be28-44ae-8ec8-b80e85686f20.jpg',131859,'WIN_20230126_08_50_48_Pro.jpg','WIN_20230126_08_50_48_Pro.jpg'),(289,'upload/user/d895a528-d603-4aaa-af4e-583868d13f86.png',56212,'ear4.png','ear4.png'),(297,'upload/report/25759cd8-b5e3-4968-841e-dc4198a7bb47.png',24287,'스크린샷_20221118_012852 - 복사본.png','스크린샷_20221118_012852 - 복사본.png'),(298,'upload/report/ad1925db-2ce1-4197-8ea0-a8c2e7e5bddd.png',64681,'스크린샷_20221118_032933 - 복사본.png','스크린샷_20221118_032933 - 복사본.png'),(299,'upload/report/c48d1835-2f19-4add-a4cd-e5198eaf69cd.png',64681,'스크린샷_20221118_032933 - 복사본.png','스크린샷_20221118_032933 - 복사본.png'),(300,'upload/report/0d321d05-a041-481e-a712-ff578f25ef5f.png',24287,'스크린샷_20221118_012852.png','스크린샷_20221118_012852.png'),(301,'upload/report/f67e718a-d8ae-406f-8043-65d910be72bb.png',76843,'스크린샷_20221114_100912.png','스크린샷_20221114_100912.png'),(302,'upload/report/f4489160-f883-40bd-b8fc-3eec36283fc6.png',2255,'스크린샷_20221117_115410.png','스크린샷_20221117_115410.png'),(304,'upload/user/2ee48687-f7a4-4e19-9f35-a7187001b13d.jpg',69388,'20211215_bfc722a5e7c2d2c6d70c87bda6aeaccd.jpg','20211215_bfc722a5e7c2d2c6d70c87bda6aeaccd.jpg'),(305,'upload/user/317f9861-4e2c-42fd-a0c1-bca2b3b6cee2.jpg',316971,'못키.jpg','못키.jpg'),(306,'upload/default/90da172f-90a9-40fc-94ad-71ec899aaace.png',51133,'ENFJ.png','ENFJ.png'),(307,'upload/default/a9410d2b-66f9-4c1e-a1d4-69795c146645.png',47387,'ENFP.png','ENFP.png'),(308,'upload/default/f1a3fef6-f7ef-4a4f-84c2-f5a6c4136a23.png',52406,'ENTJ.png','ENTJ.png'),(309,'upload/default/41b58cf3-0618-421e-a421-a992ae368d39.png',54734,'ENTP.png','ENTP.png'),(310,'upload/default/92ca2243-0539-48bd-bfbd-16c0e51eef03.png',38816,'ESFJ.png','ESFJ.png'),(311,'upload/default/0c06c1d8-6930-4875-81c4-296ec4d87da3.png',43209,'ESFP.png','ESFP.png'),(312,'upload/default/3a596e5a-4e43-4146-9238-abaddcd566ae.png',59154,'ESTJ.png','ESTJ.png'),(313,'upload/default/bcb4031f-e422-4d89-8021-d5f248a40c0a.png',66668,'ESTP.png','ESTP.png'),(314,'upload/default/6f93ff0f-8aff-49c4-8987-0b4996cb220f.png',53050,'INFJ.png','INFJ.png'),(315,'upload/default/f01a826f-32af-468e-a31a-d8882de6203a.png',64022,'INFP.png','INFP.png'),(316,'upload/default/35bbe1ea-4a8f-4ccd-8029-60ac3f341786.png',38634,'INTJ.png','INTJ.png'),(317,'upload/default/2169d71e-6f97-4d3f-885e-02db55a9b580.png',48389,'INTP.png','INTP.png'),(318,'upload/default/6c32e30e-6480-48f0-a02a-565609255e17.png',53471,'ISFJ.png','ISFJ.png'),(319,'upload/default/89209f3f-d3a8-4b1b-8405-ed3a423060f5.png',53858,'ISFP.png','ISFP.png'),(320,'upload/default/20592249-bf85-407f-91c5-82191fd0eb5b.png',54338,'ISTJ.png','ISTJ.png'),(321,'upload/default/92873508-b3b2-4f8b-8d8f-acd71e929951.png',80033,'ISTP.png','ISTP.png'),(322,'upload/shelter/5fab5a20-5bbd-40ed-b36a-2af9c7ff7e34.webp',177344,'170DF8523C7B4D8DB7D429A8137B03EA.webp','170DF8523C7B4D8DB7D429A8137B03EA.webp'),(323,'upload/shelter/bc5e3966-c282-45e7-9118-d0a69dcb42d0.jpg',69388,'20211215_bfc722a5e7c2d2c6d70c87bda6aeaccd.jpg','20211215_bfc722a5e7c2d2c6d70c87bda6aeaccd.jpg'),(324,'upload/shelter/3c6c19e0-ebe3-4da5-8c6f-a7005debba94.jpeg',6792,'다운로드.jpeg','다운로드.jpeg'),(325,'upload/user/e7c914d7-ed29-4b53-bab3-81f63c038964.webp',177344,'170DF8523C7B4D8DB7D429A8137B03EA.webp','170DF8523C7B4D8DB7D429A8137B03EA.webp'),(326,'upload/user/50045f2e-311b-49a1-af85-0ee17ae9bfd6.jpeg',357528,'KakaoTalk_Photo_2023-02-08-21-43-27.jpeg','KakaoTalk_Photo_2023-02-08-21-43-27.jpeg'),(348,'upload/user/c7e03189-761c-4136-bada-6b1e9639e004.png',18524,'로고 (2).png','로고 (2).png'),(349,'upload/user/1b148ea6-72ff-4973-b880-41d42f824555.png',45950,'롯트와일러.png','롯트와일러.png'),(351,'upload/default/25619909-b991-46ae-9676-2c73156f2a4b.jpg',25296,'INFJ.jpg','INFJ.jpg'),(352,'upload/default/7277093c-167a-42d3-b4e1-3a232e976d8c.jpg',66629,'INTJ.jpg','INTJ.jpg'),(353,'upload/default/9050adbf-b67c-4650-bc71-8d0d0f3c3355.jpg',55810,'ISTP.jpg','ISTP.jpg'),(354,'upload/default/cfb1389e-44dd-4023-82c8-ea8ad9e4adf5.jpg',21662,'ISTJ.jpg','ISTJ.jpg'),(355,'upload/default/a1d9dcf9-db44-4adb-9afa-b6e1c983c3d1.jpg',20258,'INTP.jpg','INTP.jpg'),(356,'upload/default/f71c5e35-f0c3-45c9-9ec8-7e83a47624bc.jpg',19650,'ISFJ.jpg','ISFJ.jpg'),(357,'upload/default/85d6f48f-2442-40f6-b86c-813bf8a2a60f.jpg',58033,'ISFP.jpg','ISFP.jpg'),(358,'upload/default/66ca8189-e878-4f39-b797-928490b701d1.jpg',20179,'INFP.jpg','INFP.jpg'),(359,'upload/default/e36161fd-c57b-4518-a7c3-4bacc082a7c5.jpg',19483,'ENTP.jpg','ENTP.jpg'),(360,'upload/default/05f5e6e9-85fe-498e-8df0-dbf8450f0d64.jpg',28142,'ESTP.jpg','ESTP.jpg'),(361,'upload/default/eb6c246e-409f-44bc-a9a9-ee30e495d0d2.jpg',51115,'ESTJ.jpg','ESTJ.jpg'),(362,'upload/default/d07f66cb-ec2f-4c3f-a739-dfc1b09606f4.jpg',47168,'ENTJ.jpg','ENTJ.jpg'),(363,'upload/default/b700dec1-3899-4bdb-88df-28fd1bbb7f60.jpg',16268,'ENFP.jpg','ENFP.jpg'),(364,'upload/default/387862a6-fa2f-4531-8fab-09bb4d70af10.jpg',20600,'ESFJ.jpg','ESFJ.jpg'),(365,'upload/default/b0931e5a-442e-45d2-a864-4304d8a924a4.jpg',17881,'ENFJ.jpg','ENFJ.jpg'),(366,'upload/default/804c7532-d328-4216-9306-e5b568d33fd5.jpg',20625,'ESFP.jpg','ESFP.jpg'),(374,'upload/protect/8bcc6019-d7ec-424f-ba56-15b4eabb9085.jpg',1029155,'5a4b6d49cbcfb7e8397c1b651162d8df.jpg','5a4b6d49cbcfb7e8397c1b651162d8df.jpg'),(375,'upload/protect/db7806eb-27d2-4a5d-aefc-380f16514ac8.jpg',1029155,'5a4b6d49cbcfb7e8397c1b651162d8df.jpg','5a4b6d49cbcfb7e8397c1b651162d8df.jpg'),(376,'upload/protect/f3337434-6ef1-474d-8a5b-c1e2c1e04ea4.jpg',1029155,'5a4b6d49cbcfb7e8397c1b651162d8df.jpg','5a4b6d49cbcfb7e8397c1b651162d8df.jpg'),(377,'upload/protect/9e1cc054-e287-439f-a261-114190446601.jpg',1029155,'5a4b6d49cbcfb7e8397c1b651162d8df.jpg','5a4b6d49cbcfb7e8397c1b651162d8df.jpg'),(378,'upload/protect/2f5b18de-e8cb-4e62-afba-6e74615ac84d.jpg',1029155,'5a4b6d49cbcfb7e8397c1b651162d8df.jpg','5a4b6d49cbcfb7e8397c1b651162d8df.jpg'),(379,'upload/protect/f3a370e2-6ed3-4b29-bd8b-5969c475137e.jpg',1029155,'5a4b6d49cbcfb7e8397c1b651162d8df.jpg','5a4b6d49cbcfb7e8397c1b651162d8df.jpg'),(381,'upload/protect/55aef3c4-eb3d-4c2f-a160-7dc133674c34.jpg',1029155,'5a4b6d49cbcfb7e8397c1b651162d8df.jpg','5a4b6d49cbcfb7e8397c1b651162d8df.jpg'),(383,'https://lh3.googleusercontent.com/a/AEdFTp5yBcwe2VtHe8B4a82I7cN84tWkG_k1i1B-dthu=s96-c',0,'google','google'),(384,'https://lh3.googleusercontent.com/a/AEdFTp4Yay25C_PTaTKAnw5_RGsOBn4ieS-xNgHltyme=s96-c',0,'google','google'),(392,'https://lh3.googleusercontent.com/a/AEdFTp7V_StoIk8N6zN7koIK1iL8TTTw13hrFozqiuvFJg=s96-c',0,'google','google'),(395,'http://k.kakaocdn.net/dn/dpk9l1/btqmGhA2lKL/Oz0wDuJn1YV2DIn92f6DVK/img_640x640.jpg',0,'kakao','kakao'),(396,'upload/board/9dfc9fb4-7435-4143-85cb-2b7912b6e9d9.jpeg',16770,'453E1F1F-8CD6-4E47-9087-2C113C67CC84.jpeg','453E1F1F-8CD6-4E47-9087-2C113C67CC84.jpeg'),(397,'upload/board/4de9d3e1-909e-4657-88ff-aada393af96c.jpeg',16770,'453E1F1F-8CD6-4E47-9087-2C113C67CC84 (1).jpeg','453E1F1F-8CD6-4E47-9087-2C113C67CC84 (1).jpeg'),(398,'upload/board/a5167f3c-280f-4edc-a546-a83a7d1342d6.jpeg',16770,'453E1F1F-8CD6-4E47-9087-2C113C67CC84.jpeg','453E1F1F-8CD6-4E47-9087-2C113C67CC84.jpeg'),(399,'upload/board/1bb5b429-ce68-4e6d-a9b3-ad063858199c.jpeg',16770,'453E1F1F-8CD6-4E47-9087-2C113C67CC84.jpeg','453E1F1F-8CD6-4E47-9087-2C113C67CC84.jpeg'),(400,'upload/board/f16d5e04-c80a-485b-8189-b3e605cc9c2a.jpeg',16770,'453E1F1F-8CD6-4E47-9087-2C113C67CC84 (1).jpeg','453E1F1F-8CD6-4E47-9087-2C113C67CC84 (1).jpeg'),(401,'upload/board/d6267a4b-1e7d-4f46-bf00-70a55c5ab879.jpeg',16770,'453E1F1F-8CD6-4E47-9087-2C113C67CC84.jpeg','453E1F1F-8CD6-4E47-9087-2C113C67CC84.jpeg'),(402,'upload/board/0cd17de0-acab-4525-b59d-b69e322039f4.JPG',155602,'부울경_1반_최창근.JPG','부울경_1반_최창근.JPG'),(403,'upload/board/b537627a-1536-4bde-9b76-5b13cafec423.jpeg',16770,'453E1F1F-8CD6-4E47-9087-2C113C67CC84.jpeg','453E1F1F-8CD6-4E47-9087-2C113C67CC84.jpeg'),(404,'upload/board/ef283700-7619-41c6-8ca9-358f5093780b.jpeg',16770,'453E1F1F-8CD6-4E47-9087-2C113C67CC84.jpeg','453E1F1F-8CD6-4E47-9087-2C113C67CC84.jpeg'),(405,'upload/board/48742fb7-cb99-4145-b7ee-d26a5881384d.jpeg',16770,'453E1F1F-8CD6-4E47-9087-2C113C67CC84 (1).jpeg','453E1F1F-8CD6-4E47-9087-2C113C67CC84 (1).jpeg'),(406,'upload/board/4ba97df0-2981-4965-af29-8f7a81f3a4bc.jpeg',16770,'453E1F1F-8CD6-4E47-9087-2C113C67CC84.jpeg','453E1F1F-8CD6-4E47-9087-2C113C67CC84.jpeg'),(407,'upload/board/9f22957b-718d-47b6-a621-73e05a86fc09.jpeg',16770,'453E1F1F-8CD6-4E47-9087-2C113C67CC84 (1).jpeg','453E1F1F-8CD6-4E47-9087-2C113C67CC84 (1).jpeg'),(408,'upload/board/27892c2e-1f77-44b3-a35c-b2b0358c39c1.jpeg',16770,'453E1F1F-8CD6-4E47-9087-2C113C67CC84.jpeg','453E1F1F-8CD6-4E47-9087-2C113C67CC84.jpeg'),(409,'upload/board/017b29c6-b4df-4f47-a23d-1162a4cb76a7.png',10766,'Group 89.png','Group 89.png'),(410,'upload/board/12070d88-c944-4f93-aaf8-eba11e5ca07b.jpeg',16770,'453E1F1F-8CD6-4E47-9087-2C113C67CC84 (1).jpeg','453E1F1F-8CD6-4E47-9087-2C113C67CC84 (1).jpeg'),(411,'upload/board/dcad9404-b2e8-4060-9e5a-bd9173ad85b4.jpeg',16770,'453E1F1F-8CD6-4E47-9087-2C113C67CC84.jpeg','453E1F1F-8CD6-4E47-9087-2C113C67CC84.jpeg'),(412,'upload/board/7f173e9d-21f4-4531-9285-34f7fb664157.png',10766,'Group 89.png','Group 89.png'),(413,'upload/board/89b3bed5-2104-4485-a699-b82e87510b9c.JPG',155602,'부울경_1반_최창근.JPG','부울경_1반_최창근.JPG'),(414,'upload/board/47916c20-8408-45ca-b77c-8be8059e471e.jpeg',16770,'453E1F1F-8CD6-4E47-9087-2C113C67CC84 (1).jpeg','453E1F1F-8CD6-4E47-9087-2C113C67CC84 (1).jpeg'),(415,'upload/board/2a5c88a9-fc02-4b38-9a70-219d86c11095.jpeg',16770,'453E1F1F-8CD6-4E47-9087-2C113C67CC84.jpeg','453E1F1F-8CD6-4E47-9087-2C113C67CC84.jpeg'),(416,'upload/board/2cb9a7ef-b995-4cb3-80a9-332670fcd5b5.JPG',155602,'부울경_1반_최창근.JPG','부울경_1반_최창근.JPG'),(417,'upload/board/cee172df-b4e8-47b9-893f-9fa5b9a73a0a.png',10766,'Group 89.png','Group 89.png'),(418,'upload/board/ce65f66c-f814-447d-8576-4d691c4762d5.png',2245600,'230117_보안프로그램_보안취약점.png','230117_보안프로그램_보안취약점.png'),(419,'upload/board/cf712a92-0ba9-4f18-af2a-6e316576c9dd.JPG',155602,'부울경_1반_최창근.JPG','부울경_1반_최창근.JPG'),(428,'upload/protect/3b0cc567-729e-4237-8d9c-08864dea5730.PNG',307091,'진도1.PNG','진도1.PNG'),(429,'upload/protect/4aedbf06-e580-45c3-a9e6-b042f44b67df.PNG',383378,'진도2.PNG','진도2.PNG'),(434,'upload/protect/f4329854-08a3-4ad3-a50c-c607747b1cdd.PNG',307091,'진도1.PNG','진도1.PNG'),(435,'upload/protect/23aa6e22-73f5-4805-995b-579efe538b18.PNG',383378,'진도2.PNG','진도2.PNG'),(447,'upload/protect/3bbbec3a-8d2c-4132-a407-883e8389a2eb.PNG',682211,'프렌치불독1.PNG','프렌치불독1.PNG'),(448,'upload/protect/57110ad9-b38f-4dde-b442-31c7329f5895.PNG',772793,'프렌치불독2.PNG','프렌치불독2.PNG'),(449,'upload/protect/ca7dc867-cc36-4207-b6b6-c670edad4541.PNG',934555,'프렌치불독3.PNG','프렌치불독3.PNG'),(450,'upload/protect/71a26871-25b2-4b40-9e61-e33ae0412f69.PNG',682211,'프렌치불독1.PNG','프렌치불독1.PNG'),(451,'upload/protect/aaef0d78-2f85-4fdb-abad-30a40a5c7393.PNG',772793,'프렌치불독2.PNG','프렌치불독2.PNG'),(452,'upload/protect/3ccbc5b8-e963-43be-9c55-8dc3b5e0445f.PNG',934555,'프렌치불독3.PNG','프렌치불독3.PNG'),(453,'upload/protect/f314339d-acb4-4941-8e5a-30ea1afd3fe0.PNG',682211,'프렌치불독1.PNG','프렌치불독1.PNG'),(454,'upload/protect/12548e74-0edc-429b-a8b4-dccd56ed3013.PNG',772793,'프렌치불독2.PNG','프렌치불독2.PNG'),(455,'upload/protect/73754c4a-ea4f-4a87-8dbd-e34460d49adf.PNG',934555,'프렌치불독3.PNG','프렌치불독3.PNG'),(456,'upload/board/c4c448cc-c2c4-4b7f-b0c7-135b442e4269.JPG',155602,'부울경_1반_최창근.JPG','부울경_1반_최창근.JPG'),(457,'upload/board/489ad0c4-7a1b-44b4-b60e-cc0224da3594.JPG',155602,'부울경_1반_최창근.JPG','부울경_1반_최창근.JPG'),(458,'upload/board/84bd406d-b497-4782-8b11-b7d37c5f382b.JPG',155602,'부울경_1반_최창근.JPG','부울경_1반_최창근.JPG'),(459,'upload/board/b6cf970c-84bc-4b72-bcbb-e2bec78fd0af.JPG',155602,'부울경_1반_최창근.JPG','부울경_1반_최창근.JPG'),(478,'upload/user/b90064da-8895-4a10-8bd4-7a3e927789af.png',230286,'17268 (14).png','17268 (14).png'),(479,'upload/user/3586b577-03aa-49bf-be7c-77b1150ea0d7.png',38950,'ear8.png','ear8.png'),(551,'upload/shelter/65a599f6-5889-4b40-bb9a-2472f2d4e9b1.png',243243,'화면 캡처 2023-02-14 215838.png','화면 캡처 2023-02-14 215838.png'),(559,'https://lh3.googleusercontent.com/a/AEdFTp4V0N4RBWYkS-uXjB0WxcnBefAHD7PCh1ZOC2qW=s96-c',0,'google','google'),(560,'upload/shelter/999185f9-33e6-47f9-bca0-e3dcdd91d32b.png',334918,'화면 캡처 2023-02-14 221056.png','화면 캡처 2023-02-14 221056.png'),(573,'https://lh3.googleusercontent.com/a/AEdFTp4lAnmAZ-tF0ViIno3eKBBrzTJRh5mZT_36DhU=s96-c',0,'google','google'),(582,'upload/shelter/92b89d23-90e1-460d-af3d-62ddb89ee5a2.png',321416,'화면 캡처 2023-02-14 232800.png','화면 캡처 2023-02-14 232800.png'),(764,'https://lh3.googleusercontent.com/a/AEdFTp7ySXeS_7UEDFI9vqTj1Q_tDCNZdE7Dy5TTsg7KrA=s96-c',0,'google','google'),(765,'http://k.kakaocdn.net/dn/dpk9l1/btqmGhA2lKL/Oz0wDuJn1YV2DIn92f6DVK/img_640x640.jpg',0,'kakao','kakao'),(839,'upload/user/32d6dab5-6a9f-406c-875a-c3059ec0868b.PNG',657697,'보더콜리멀2.PNG','보더콜리멀2.PNG'),(842,'upload/board/c36452b2-5b26-459b-9939-2b3969075436.jpg',77123,'KakaoTalk_20180720_165306472.jpg','KakaoTalk_20180720_165306472.jpg'),(843,'upload/board/de53013f-779a-43bd-806e-33af313380a9.jpg',63226,'image_8444905671485769655113.jpg','image_8444905671485769655113.jpg'),(846,'https://lh3.googleusercontent.com/a/AEdFTp6eKKyCrurwp9SMshkgEvYXgFGP5bAL5f1kfgGq=s96-c',0,'google','google'),(847,'https://lh3.googleusercontent.com/a/AEdFTp4a9nkjp8o9FcH2VNn4QDikD9-vzH3fx5Zs6KUr=s96-c',0,'google','google'),(859,'upload/shelter/1ea0c840-c674-4e05-b7a2-0625981ada88.jpg',193878,'이미지1.jpg','이미지1.jpg'),(860,'upload/shelter/ff8f93f0-747e-4617-a721-1e4d66fccc42.jpg',70205,'이미지2.jpg','이미지2.jpg'),(861,'upload/shelter/5de8e31c-6469-4115-b3aa-c14cf2fd7014.jpg',125404,'이미지3.jpg','이미지3.jpg'),(1152,'upload/user/1eba24b0-f882-4e88-97ae-4d58564a601d.jpg',67535,'이현.jpg','이현.jpg'),(1211,'upload/board/24037b6c-97a0-4f4c-9135-db70d50114c9.PNG',21232,'jpaservice.PNG','jpaservice.PNG'),(1809,'upload/board/b0807041-15f5-4386-a571-7c6bc91222ad.jpg',247873,'bbaf4eee88c71.jpg','bbaf4eee88c71.jpg'),(1810,'upload/board/4f5601fa-1f58-45a6-8a61-1535f2817b32.jpg',151747,'d448e3893504c.jpg','d448e3893504c.jpg'),(1811,'upload/board/675f2ff0-dada-463c-a8d5-2c1aea0e2c6d.jpg',188320,'이미지2.jpg','이미지2.jpg'),(1812,'upload/board/3eabab0f-be78-4244-9fc9-2becef78d1b7.jpg',312266,'4b3d16037a69a.jpg','4b3d16037a69a.jpg'),(1813,'upload/board/08ca4e16-22d0-45a5-b48f-6205d2427ac4.jpg',176148,'9cae7b229f7cf.jpg','9cae7b229f7cf.jpg'),(1814,'upload/board/c8e80dc5-a77c-4ace-a0a5-ba9c02adc7e8.jpeg',154837,'32f050ddc5d20.jpeg','32f050ddc5d20.jpeg'),(1815,'upload/board/b64f461f-bdbb-4977-8cd7-9100e3ad77ee.jpg',88696,'13eabaed8b6e2.jpg','13eabaed8b6e2.jpg'),(1816,'upload/board/21548809-d5aa-44a6-a391-f6cf6abbd584.jpg',81701,'d359f675f297e.jpg','d359f675f297e.jpg'),(1817,'upload/board/d36aa52d-0fae-4039-9ca9-05955deb0964.jpg',155152,'2acf647018807.jpg','2acf647018807.jpg'),(1818,'upload/board/df6ed870-7f39-456e-b8b8-f42c1fb03925.jpeg',864751,'7e35b72321ef3.jpeg','7e35b72321ef3.jpeg'),(1821,'upload/board/4cda64c9-b65f-4232-aed2-c49c52163c3d.jpg',169344,'6ebda2732710d.jpg','6ebda2732710d.jpg'),(1822,'upload/board/7b246f49-f984-4315-9dd4-770484c7b147.jpg',1200917,'3a3822457a0a6.jpg','3a3822457a0a6.jpg'),(1823,'upload/board/782589d6-747b-4829-a67d-e7d10a5c1fdd.jpg',745283,'6f9e6fe0b7ed9.jpg','6f9e6fe0b7ed9.jpg'),(1824,'upload/board/c7422cbc-ea6a-401a-80ec-bcac6037fcd1.jpg',133243,'f48da1f5e75c4.jpg','f48da1f5e75c4.jpg'),(1825,'upload/board/195f93c2-4525-48b1-9d53-6cbd6d131032.jpg',125305,'ff6ae259c12ae.jpg','ff6ae259c12ae.jpg'),(1826,'upload/board/68bdffe3-62ad-479d-a511-ef84974f6c7f.jpg',525191,'ad8fe73677f3f.jpg','ad8fe73677f3f.jpg'),(1827,'upload/board/e8b83306-8ac9-4fed-99c7-f75ebac16c8d.jpg',419614,'e75e4999ff940.jpg','e75e4999ff940.jpg'),(1828,'upload/board/0eeef5a4-808b-4b4e-a72a-894626ccc99c.jpg',179204,'0bb647139240c.jpg','0bb647139240c.jpg'),(1829,'upload/board/f7519045-6eb2-4628-87b4-f71f5c04628b.jpg',203902,'5eb94ae155789.jpg','5eb94ae155789.jpg'),(1830,'upload/board/9b0a3954-2586-4496-b810-6d8cf01a825e.jpg',346826,'47dca1925b490.jpg','47dca1925b490.jpg'),(1831,'upload/board/7d2a0971-b1d1-4bb4-9bbc-25ac6402721a.jpg',351925,'d3723f69c50d0.jpg','d3723f69c50d0.jpg'),(1832,'upload/board/6caa9522-3917-4e2b-8c1d-5d12f45d3679.jpg',163102,'3385ce1302b49.jpg','3385ce1302b49.jpg'),(1833,'upload/board/15716aa0-d31c-4963-927e-168ba4744253.jpg',88286,'e16a8239272a9.jpg','e16a8239272a9.jpg'),(1834,'upload/board/0f15982a-30b3-4008-89ff-384a5f154441.jpg',82858,'8fb4f38a9d511.jpg','8fb4f38a9d511.jpg'),(1835,'upload/board/0363c6ec-68cd-45b9-a427-4c7b9493cf55.jpg',103616,'ac7c61638c21f.jpg','ac7c61638c21f.jpg'),(1836,'upload/board/997cb53f-64f9-4c39-a326-7d4f513c517c.jpg',447010,'cdd6b40d91a9a.jpg','cdd6b40d91a9a.jpg'),(1837,'upload/board/32c32953-a193-46da-833f-e08bcded4de7.jpg',417229,'f4821fc64c888.jpg','f4821fc64c888.jpg'),(1838,'upload/board/3cfcbd10-5da2-4fe6-8007-0a41fa675a37.jpg',135107,'8f9ba4ca03f8d.jpg','8f9ba4ca03f8d.jpg'),(1839,'upload/board/c7158dca-d797-40ae-839e-17fc14dbd207.jpg',86912,'4962ec45a89c1.jpg','4962ec45a89c1.jpg'),(1840,'upload/board/c8534908-cea0-4d66-b607-6889851d30c8.jpg',130632,'c74e0c26a3dc3.jpg','c74e0c26a3dc3.jpg'),(1841,'upload/board/00c0367a-662e-4958-913d-ce52310d5227.jpg',107568,'eaed883cdb242.jpg','eaed883cdb242.jpg'),(1842,'upload/board/08012bee-f536-4562-9d05-ef3da22a62e5.jpg',138164,'41cd98ff22ece.jpg','41cd98ff22ece.jpg'),(1843,'upload/board/e6ee654e-652c-4f45-8a20-ee6dfad6faef.jpg',118713,'298211265a8ac.jpg','298211265a8ac.jpg'),(1844,'upload/board/47d0a429-648d-4d30-8072-9489ded3f076.jpeg',281324,'94f57af61cdba.jpeg','94f57af61cdba.jpeg'),(1845,'upload/board/c8d58111-024c-4b20-8856-99da19a62136.jpeg',309421,'7ce8403f64453.jpeg','7ce8403f64453.jpeg'),(1846,'upload/board/dd0068c8-239f-4aa2-97f5-3175559247dc.jpeg',170499,'9570da6a46bdd.jpeg','9570da6a46bdd.jpeg'),(1847,'upload/board/6e30f8cd-21de-4a6b-b7da-611d64ed2dc1.jpg',1371519,'dbae8ad011141.jpg','dbae8ad011141.jpg'),(1848,'upload/board/bb80543e-50f5-4baa-bea0-5d1074a682f6.jpg',146432,'860ef4842457e.jpg','860ef4842457e.jpg'),(1849,'upload/board/d6ed9b32-46dc-45ea-af64-132388ee192a.jpg',107397,'ee24dc03aa7b9.jpg','ee24dc03aa7b9.jpg'),(1850,'upload/board/df124e6f-2d9d-471b-b5a6-62bc4404519e.jpg',440751,'29fd23567e3c3.jpg','29fd23567e3c3.jpg'),(1853,'upload/board/b5c17a68-9c2a-427b-bf4b-7cec5c320d10.jpg',271181,'281666615d120.jpg','281666615d120.jpg'),(1854,'upload/board/f1045864-a022-449d-acef-5585fda56636.jpg',559931,'f53ad435eef90.jpg','f53ad435eef90.jpg'),(1858,'upload/board/61ed050b-6fe4-416a-a1f7-c1a3e99f23d2.jpg',170779,'0dccf84cc7eb9.jpg','0dccf84cc7eb9.jpg'),(1859,'upload/board/70d11900-7037-4611-beac-2af5cec78d12.jpg',169679,'9156eafe39ad4.jpg','9156eafe39ad4.jpg'),(1860,'upload/board/634f9cbc-d947-402e-911b-93ab236355a4.jpg',346367,'c57459a3afd66.jpg','c57459a3afd66.jpg'),(1865,'upload/board/2be1cdda-dac5-4023-819a-3d316280c07c.jpeg',1028081,'e5d783945a6eb.jpeg','e5d783945a6eb.jpeg'),(1866,'upload/board/3c52860c-fa7f-4177-869e-5c72d4038bd8.jpeg',78372,'474463937f325.jpeg','474463937f325.jpeg'),(1869,'upload/board/6f36f7d1-3113-4d93-9a49-5963dcdbade8.jpeg',191609,'9993b356385fc.jpeg','9993b356385fc.jpeg'),(1870,'upload/board/67070da5-4505-455f-a09b-d50814fb38d4.jpeg',509221,'0262729d0fa98.jpeg','0262729d0fa98.jpeg'),(1871,'upload/board/0fe85054-d939-4dad-b697-4b7f9796c89d.jpg',100146,'1b22b1978582c.jpg','1b22b1978582c.jpg'),(1872,'upload/board/bf845abc-2b52-4958-9ab6-66b23ca7d68d.jpg',50920,'9f13244861be8.jpg','9f13244861be8.jpg'),(1874,'upload/board/18377dc1-6d92-409e-9f07-47f311c00746.jpg',75106,'716f9e5e716e8.jpg','716f9e5e716e8.jpg'),(1875,'upload/board/49e45c64-a5c3-42d1-b3e9-2f8ecc9168d4.jpg',93185,'bd2ef256a02c2.jpg','bd2ef256a02c2.jpg'),(1876,'upload/board/9c6b1662-c756-44d1-be31-d73034023375.jpg',72147,'199252c4fdc79.jpg','199252c4fdc79.jpg'),(1877,'upload/board/8ff4e3ab-d27c-4215-8cba-5409e1ecb78c.jpeg',387099,'3ef51dcc78f87.jpeg','3ef51dcc78f87.jpeg'),(1878,'upload/board/7f4b6bad-4644-40eb-aa78-3b7da3aeca94.jpeg',88274,'6a7e1528c0f73.jpeg','6a7e1528c0f73.jpeg'),(1881,'upload/board/b785cfa4-4701-48ef-85ab-9097b2bb53f2.jpg',362760,'KakaoTalk_20230216_223517013.jpg','KakaoTalk_20230216_223517013.jpg'),(1882,'upload/board/99a6f56a-3785-4ac7-ad0f-1acc4009d027.jpg',567307,'KakaoTalk_20230216_223517013_01.jpg','KakaoTalk_20230216_223517013_01.jpg'),(1883,'upload/board/ac637d07-ee67-48b4-9c08-85ff21ebfbae.png',284332,'화면 캡처 2023-02-16 223743.png','화면 캡처 2023-02-16 223743.png'),(1886,'upload/board/4c1107e0-d669-407f-9bd8-7f62eef5e050.png',755161,'화면 캡처 2023-02-16 224014.png','화면 캡처 2023-02-16 224014.png'),(1887,'upload/board/afc67550-b194-44f5-8bda-02895f7f2300.png',229450,'화면 캡처 2023-02-16 224157.png','화면 캡처 2023-02-16 224157.png'),(1888,'upload/board/bff56991-ecfd-415a-9578-cbbdfdbbbe98.png',462998,'화면 캡처 2023-02-16 224256.png','화면 캡처 2023-02-16 224256.png'),(1891,'upload/board/914acad6-654b-4cab-a1be-ce252fcdd0f4.png',345690,'화면 캡처 2023-02-16 224216.png','화면 캡처 2023-02-16 224216.png'),(1892,'upload/board/d16849bf-9ea3-4d36-9624-81f5a2a1f100.png',434837,'화면 캡처 2023-02-16 224233.png','화면 캡처 2023-02-16 224233.png'),(1893,'upload/board/80a3d623-f5b9-446e-b770-331de5e5a7cf.png',456842,'화면 캡처 2023-02-16 224515.png','화면 캡처 2023-02-16 224515.png'),(1894,'upload/board/b9077aab-9346-4e52-85e0-4338e3d7ecc6.jfif',471445,'5322fa1ceac9facb6996a64a2d8312ed4b25ef20d94461ee6c1beb35b3bfc40f.jfif','5322fa1ceac9facb6996a64a2d8312ed4b25ef20d94461ee6c1beb35b3bfc40f.jfif'),(1895,'upload/board/30876148-f808-4185-a9f4-c647e70a5580.png',202876,'화면 캡처 2023-02-16 224708.png','화면 캡처 2023-02-16 224708.png'),(1896,'upload/board/2fa47956-4644-4cf9-879b-f2b43604492d.png',235395,'화면 캡처 2023-02-16 224741.png','화면 캡처 2023-02-16 224741.png'),(1897,'upload/board/51728529-2e7c-4def-809c-61254cbd5893.png',178914,'화면 캡처 2023-02-16 224928.png','화면 캡처 2023-02-16 224928.png'),(1898,'upload/board/b1e245d0-0e8d-4d26-a98d-1bf82b1c5bcd.png',613483,'화면 캡처 2023-02-16 225050.png','화면 캡처 2023-02-16 225050.png'),(1899,'upload/board/2ea7e8d3-43be-40bf-b422-d1f4a4130abd.png',231333,'화면 캡처 2023-02-16 225123.png','화면 캡처 2023-02-16 225123.png'),(1901,'upload/report/0053a685-2d95-4f47-bd5c-8a538c86ef8d.jpg',69388,'20211215_bfc722a5e7c2d2c6d70c87bda6aeaccd.jpg','20211215_bfc722a5e7c2d2c6d70c87bda6aeaccd.jpg'),(1902,'upload/report/0a542188-1e94-4595-9eff-08638e8fce34.jpeg',6792,'다운로드.jpeg','다운로드.jpeg'),(1907,'upload/board/efe572c9-74f1-40b3-9194-a4e6fe8a6d2b.png',190504,'화면 캡처 2023-02-14 231834.png','화면 캡처 2023-02-14 231834.png'),(1908,'upload/board/2de3002f-5eab-4dc6-8b7e-3a9be0feff93.png',342389,'화면 캡처 2023-02-14 221942.png','화면 캡처 2023-02-14 221942.png'),(1909,'upload/board/addd7f88-b290-45e7-aa1f-8eda3cd87f89.png',150103,'화면 캡처 2023-02-14 231944.png','화면 캡처 2023-02-14 231944.png'),(1910,'upload/board/5e3c573c-d55c-4235-a250-8425293b6f9b.png',375156,'화면 캡처 2023-02-14 231913.png','화면 캡처 2023-02-14 231913.png'),(1911,'upload/board/6836e656-e310-4916-88e5-005622768e93.png',469760,'화면 캡처 2023-02-16 232331.png','화면 캡처 2023-02-16 232331.png'),(1912,'upload/board/bf76b7b0-074c-4a4d-8804-8a09eb2cd58a.png',507223,'화면 캡처 2023-02-14 222254.png','화면 캡처 2023-02-14 222254.png'),(1913,'upload/board/22ba8074-4c91-4117-a01d-e1598da32a1c.png',234252,'화면 캡처 2023-02-14 231925.png','화면 캡처 2023-02-14 231925.png'),(1914,'upload/board/e24c8e09-c848-4f43-8902-9dc24cab3198.jpg',131938,'jack-russel-g5b43dd3f1_640.jpg','jack-russel-g5b43dd3f1_640.jpg'),(1915,'upload/board/8b2d0a3e-8a45-4721-8be1-eb102f6e87c8.jpg',81469,'bichon-g8fbe27bbd_640.jpg','bichon-g8fbe27bbd_640.jpg'),(1916,'upload/board/95c7feb5-8787-4497-b6f5-070e55b6f6a9.jpg',96368,'poodle-gffdd558af_640.jpg','poodle-gffdd558af_640.jpg'),(1917,'upload/report/dc2a79c9-8cdd-4588-9b55-ff3de9d6768b.jpg',589751,'KakaoTalk_20230216_233510932.jpg','KakaoTalk_20230216_233510932.jpg'),(1918,'upload/report/b6ec3b46-c9cf-46e7-bd3e-adbfcadd54ae.jpg',2059309,'KakaoTalk_20230216_233511693.jpg','KakaoTalk_20230216_233511693.jpg'),(1919,'upload/report/71a64704-1a8a-49c3-abfc-c16aec2245c3.png',505133,'화면 캡처 2023-02-14 222140.png','화면 캡처 2023-02-14 222140.png'),(1920,'upload/report/9060f582-9da3-4e4f-970f-4980c4ad1a5d.png',307276,'화면 캡처 2023-02-14 222222.png','화면 캡처 2023-02-14 222222.png'),(1921,'upload/report/260ad022-8618-42b5-b6c4-6bf0a93c9c5a.jpg',134058,'IMG_2087-scaled-e1634883900174-1024x739.jpg','IMG_2087-scaled-e1634883900174-1024x739.jpg'),(1922,'upload/report/9e7af31e-da3c-4d92-b3fa-3fc7deff77ce.png',656227,'화면 캡처 2023-02-14 222026.png','화면 캡처 2023-02-14 222026.png'),(1923,'upload/report/e3dd96d4-92ff-4050-aac6-36dd07457ea3.png',244769,'화면 캡처 2023-02-14 231817.png','화면 캡처 2023-02-14 231817.png'),(1924,'upload/report/7f027f81-9a99-49de-9c28-a783bef73587.png',380822,'화면 캡처 2023-02-14 231857.png','화면 캡처 2023-02-14 231857.png'),(1925,'upload/report/258f17d5-5927-439e-86f4-b4f6d8cb44ac.png',367620,'화면 캡처 2023-02-14 231956.png','화면 캡처 2023-02-14 231956.png'),(1926,'upload/report/e0101ad4-c7d2-4653-a412-883c4c259fe7.png',442728,'화면 캡처 2023-02-14 231746.png','화면 캡처 2023-02-14 231746.png'),(1927,'upload/report/a048a9ec-2d24-446c-b7a4-292666a40338.png',373558,'화면 캡처 2023-02-14 232014.png','화면 캡처 2023-02-14 232014.png'),(1928,'upload/report/867b1397-f6f5-4fec-9d4f-0662e59d2f8d.jpg',63648,'is28ot276n9j4y013r04.jpg','is28ot276n9j4y013r04.jpg'),(1929,'upload/board/3d6b2dbd-d6b8-4a9a-ae2b-f4e1029f17e3.jpg',70920,'eba06be92d18a373de57a7e9694b1fa3bce61fb9.jpg','eba06be92d18a373de57a7e9694b1fa3bce61fb9.jpg'),(1930,'upload/shelter/764c0d1b-fcce-4fdc-baa7-dbddc09c5eb0.jfif',41925,'common (1).jfif','common (1).jfif'),(3006,'upload/report/24a19f55-a123-40a8-9c7d-45bfe991fe4d.jpeg',2769926,'B2AFC5BD-30DD-418B-B149-4F57CE466A2B.jpeg','B2AFC5BD-30DD-418B-B149-4F57CE466A2B.jpeg'),(3007,'https://lh3.googleusercontent.com/a/AEdFTp6JNaFVBsgSwN2fL0n6jEOv9G850l7gEDGQSUlrZQ=s96-c',0,'google','google'),(3284,'upload/protect/b748130f-ebfa-4cc8-99a6-579b4a8a4a41.png',398160,'Sheet1','Sheet13816'),(3583,'upload/protect/b27613a2-68af-4413-9b27-926023dbb4df.png',138457,'Sheet1','Sheet1815'),(3584,'upload/protect/928e37ff-193f-4cf4-9d58-4d550fa20bd1.png',186081,'Sheet1','Sheet1816'),(3585,'upload/protect/cdcb4a69-738f-463e-a208-d7326249bee8.png',177269,'Sheet1','Sheet13815'),(3586,'upload/protect/b2d11947-ff6b-4e50-bd43-f50de41911e6.png',163519,'Sheet1','Sheet13816'),(3587,'upload/protect/e64e4afe-24dc-44b1-a956-9a99c9834a2d.png',167878,'Sheet1','Sheet13817'),(3588,'upload/protect/cd57830e-ab8e-47ba-ba79-f53795493771.png',185596,'Sheet1','Sheet16815'),(3589,'upload/protect/a5603c2e-f30e-4144-87a9-de5b84632800.png',157527,'Sheet1','Sheet16816'),(3590,'upload/protect/d21176ac-9b38-4b0b-8271-799b56f8dce2.png',194224,'Sheet1','Sheet16817'),(3591,'upload/protect/9cd7f04a-44ea-42f2-8b27-4c017730fbf4.png',277439,'Sheet1','Sheet1915'),(3592,'upload/protect/d331934b-cbf7-4bca-b871-1e91b73d635d.png',197648,'Sheet1','Sheet1916'),(3593,'upload/protect/1365ca51-5dd9-4126-bd11-7d8a8f3f24db.png',206501,'Sheet1','Sheet1917'),(3594,'upload/protect/7f839cb7-b5bc-4a29-89cc-b5682d9f3cad.png',262055,'Sheet1','Sheet16915'),(3595,'upload/protect/e0c9a7dd-cf4a-43e9-aa20-08a1696b9ec5.png',285333,'Sheet1','Sheet16916'),(3596,'upload/protect/cc3641b8-3a19-4a44-b777-86b4c15029fd.png',271016,'Sheet1','Sheet16917'),(3597,'upload/protect/300c7e8f-89e1-44fe-b57e-5a5d21de427e.png',261307,'Sheet1','Sheet13915'),(3598,'upload/protect/c8003d07-42c5-440c-990e-76c3122aa190.png',290378,'Sheet1','Sheet13916'),(3599,'upload/protect/e9406987-aee9-40a7-a875-59170913b843.png',272643,'Sheet1','Sheet13917'),(3600,'upload/protect/7adbfdcb-c4e9-46ad-a02e-2496488a2d2a.png',566435,'Sheet1','Sheet11015'),(3601,'upload/protect/f6f22987-153c-43b9-b0e4-92cb6790d135.png',505633,'Sheet1','Sheet11016'),(3602,'upload/protect/52d29fde-38c9-4630-8d77-bdf423975841.png',480624,'Sheet1','Sheet11017'),(3603,'upload/protect/8e9c67b0-a312-4dd4-abff-f4b85412d5a2.png',347051,'Sheet1','Sheet17015'),(3604,'upload/protect/4a0668ea-b53a-467b-9ee2-c17c38be9c86.png',456583,'Sheet1','Sheet17016'),(3605,'upload/protect/a9403344-2bee-4e20-a9b2-29830d3a3d03.png',371559,'Sheet1','Sheet17017'),(3606,'upload/protect/24f28d35-3667-47fc-a7d6-bb46aa69ae58.png',257833,'Sheet1','Sheet14015'),(3607,'upload/protect/5d631cbd-7bfe-4657-847c-4f3e160e00bf.png',259017,'Sheet1','Sheet14016'),(3608,'upload/protect/1d3bb34e-26aa-41ca-ae27-cd8fd59b00b8.png',230312,'Sheet1','Sheet14017'),(3609,'upload/protect/d4ba40a0-bb98-4629-9781-8acff07b5237.png',443340,'Sheet1','Sheet11115'),(3610,'upload/protect/6db9b92c-88b0-45c7-b393-892d5d276d2c.png',498124,'Sheet1','Sheet11116'),(3611,'upload/protect/155593b2-d149-45b5-b8ae-fde79702e569.png',228479,'Sheet1','Sheet11117'),(3612,'upload/protect/7be4505c-2b9c-4588-9b60-8d4e665784b0.png',167791,'Sheet1','Sheet14115'),(3613,'upload/protect/786f3c16-6611-477a-ac3a-12d9f610897d.png',179782,'Sheet1','Sheet14116'),(3614,'upload/protect/cf21cd50-0a33-4641-b5f3-efd494cfaac8.png',143618,'Sheet1','Sheet14117'),(3615,'upload/protect/0f75c203-5d4b-4035-be3d-ba46154fc418.png',327740,'Sheet1','Sheet17115'),(3616,'upload/protect/62985cdc-e5cf-4b5e-bf5d-f4367b573234.png',335133,'Sheet1','Sheet17116'),(3617,'upload/protect/874ff848-1c18-449b-811b-5fa6cbdda50b.png',309253,'Sheet1','Sheet17117'),(3618,'upload/protect/e6d3b92e-8300-436b-941a-84f9b4ed76f5.png',414821,'Sheet1','Sheet11215'),(3619,'upload/protect/f380473e-5adf-4865-b7b4-dfb349aaf390.png',355158,'Sheet1','Sheet11216'),(3620,'upload/protect/8ba41541-c5de-474d-8d88-681ee254897c.png',368638,'Sheet1','Sheet11217'),(3621,'upload/protect/b9bf547d-9df1-43a8-9ebd-0b16c866d4ee.png',159766,'Sheet1','Sheet14215'),(3622,'upload/protect/1c9b9223-ac6f-4394-b9d2-88d61d42f6a5.png',160832,'Sheet1','Sheet14216'),(3623,'upload/protect/75b718aa-f168-4895-a01e-40e523d7ac0a.png',128985,'Sheet1','Sheet14217'),(3624,'upload/protect/23852a8c-659b-4fb1-b9ad-31ff9b9596a4.png',256187,'Sheet1','Sheet17215'),(3625,'upload/protect/bca5a985-420c-4a91-9d84-db70a465e5d5.png',285153,'Sheet1','Sheet17216'),(3626,'upload/protect/8ac3631c-6be1-4dbc-b5ed-66ba6b7ac5f4.png',242558,'Sheet1','Sheet17217'),(3627,'upload/protect/0ed653e4-4cae-4938-9bc2-46e28b19920f.png',306834,'Sheet1','Sheet11315'),(3628,'upload/protect/4cc0453a-2951-4319-8cd6-e291d474bd9a.png',297909,'Sheet1','Sheet11316'),(3629,'upload/protect/08908e8a-0d28-4775-a25b-83075fe3be0f.png',199507,'Sheet1','Sheet11217'),(3630,'upload/protect/5c8048e9-a3b4-40f3-b6ad-63c8a3c74f78.png',278431,'Sheet1','Sheet14315'),(3631,'upload/protect/ba5424f0-b1a0-4e21-a187-a98f8b6e5106.png',287680,'Sheet1','Sheet14316'),(3632,'upload/protect/fbdc314a-a620-4bc3-920c-a66e68fb8116.png',270713,'Sheet1','Sheet14317'),(3633,'upload/protect/6564bcbc-8ffa-4222-9bef-1135ccf6b856.png',163976,'Sheet1','Sheet17315'),(3634,'upload/protect/98e93122-e1de-4682-92fe-f98a35aee7ef.png',137794,'Sheet1','Sheet17316'),(3635,'upload/protect/e17b8a01-8595-464f-8aae-d3c02dacc509.png',168077,'Sheet1','Sheet17317'),(3636,'upload/protect/995ba2f5-fc9e-4b09-aa88-7bc9f436f8a2.png',624090,'Sheet1','Sheet11415'),(3637,'upload/protect/a16e8b0f-b223-4118-831a-342a320e08bf.png',530394,'Sheet1','Sheet11416'),(3638,'upload/protect/c88e8f7c-2157-409d-b382-157e7d903fe7.png',658463,'Sheet1','Sheet11417'),(3639,'upload/protect/5a150ea0-38e9-42ce-8b92-c9037e804b7b.png',530747,'Sheet1','Sheet14415'),(3640,'upload/protect/9fb6e3ef-f7b9-4c1e-a157-cdb36e4bfdcc.png',477774,'Sheet1','Sheet14416'),(3641,'upload/protect/bc3318fc-0736-4868-87a7-507c1f303774.png',480704,'Sheet1','Sheet14417'),(3642,'upload/protect/3bcb74c9-6574-405a-bc34-4d61efc7e6aa.png',371811,'Sheet1','Sheet17415'),(3643,'upload/protect/69638682-f579-4487-8002-37d2f50dfc28.png',619956,'Sheet1','Sheet17416'),(3644,'upload/protect/032a55e8-1948-4223-a74c-24b9ac8c8f56.png',279721,'Sheet1','Sheet17417'),(3645,'upload/protect/b78f1f14-c774-4526-a6d4-52edf7b7bb22.png',509757,'Sheet1','Sheet11515'),(3646,'upload/protect/f4ff2653-bb5b-418a-b3f7-e6f68d9ad7e8.png',615486,'Sheet1','Sheet11516'),(3647,'upload/protect/872e09c8-85bc-42a4-8c33-27e35d1d5c97.png',465366,'Sheet1','Sheet11517'),(3648,'upload/protect/5eff76b6-881c-4201-b4ad-92574b93d696.png',341312,'Sheet1','Sheet14515'),(3649,'upload/protect/ff804f7f-c2f9-4ff4-b145-dcdddae0b4dc.png',290576,'Sheet1','Sheet14516'),(3650,'upload/protect/e248b4d5-b714-42f5-af84-72b044ce0a39.png',288191,'Sheet1','Sheet14517'),(3651,'upload/protect/1ee36397-674d-4955-8340-6be4bf775067.png',392706,'Sheet1','Sheet17515'),(3652,'upload/protect/38111f24-cb4a-4520-b8d4-4f4059244adf.png',327403,'Sheet1','Sheet17516'),(3653,'upload/protect/882a6ba6-c080-4ff1-8282-904ff69dc570.png',312548,'Sheet1','Sheet17517'),(3654,'upload/protect/38cfea66-cf5e-4dfe-acc9-13063d3aa9fe.png',307083,'Sheet1','Sheet17615'),(3655,'upload/protect/ada048e4-9f39-45f2-84f9-1203f678c565.png',547726,'Sheet1','Sheet17616'),(3656,'upload/protect/c8396897-1cf0-4d71-8a66-09e1f8dd3fb5.png',517376,'Sheet1','Sheet17617'),(3657,'upload/protect/3158340f-0d3e-4479-b9fb-32f6eee85043.png',142128,'Sheet1','Sheet14615'),(3658,'upload/protect/ae4d38fe-dbda-4f41-bfac-42ca85a5cd76.png',148182,'Sheet1','Sheet14616'),(3659,'upload/protect/16685941-177b-4410-b861-241303721d92.png',172065,'Sheet1','Sheet14617'),(3660,'upload/protect/6c12c976-b492-4990-a750-5eb283c2a441.png',319878,'Sheet1','Sheet11615'),(3661,'upload/protect/b9c5ef16-b819-4139-8d27-095dc86954b9.png',343090,'Sheet1','Sheet11616'),(3662,'upload/protect/57fa2130-a925-4173-b329-3c9399d33b23.png',326807,'Sheet1','Sheet11617'),(3663,'upload/protect/eeb16bfd-d375-4c09-ad7a-965f3f5a1059.png',264206,'Sheet1','Sheet11715'),(3664,'upload/protect/08151750-8126-4bb2-806d-139262a4f1d4.png',206973,'Sheet1','Sheet11716'),(3665,'upload/protect/b900b280-b18f-46dc-883d-06ec66cc598f.png',167903,'Sheet1','Sheet11717'),(3666,'upload/protect/7fee211b-6252-4e4b-83fe-68ca0e5e4b80.png',465759,'Sheet1','Sheet14715'),(3667,'upload/protect/d259a5ac-6336-4392-ba62-c54ff6f4735f.png',429005,'Sheet1','Sheet14716'),(3668,'upload/protect/a15ad56a-5cb7-451a-982b-78595699fdd2.png',411087,'Sheet1','Sheet14717'),(3669,'upload/protect/145cc526-3394-4b3f-89a7-6253f9e68ca0.png',467876,'Sheet1','Sheet17715'),(3670,'upload/protect/18cdb70d-396d-408a-bd44-cf5f5843d458.png',507781,'Sheet1','Sheet17716'),(3671,'upload/protect/318cfdcb-b93e-432f-ad62-e0bc3d6f9010.png',326672,'Sheet1','Sheet17716'),(3672,'upload/protect/9ee9231b-08fd-4301-b73c-3caf94bf20e9.png',468069,'Sheet1','Sheet17815'),(3673,'upload/protect/1fcc82d0-3500-459e-a9c5-185932c601db.png',398160,'Sheet1','Sheet17816'),(3674,'upload/protect/456b2c6c-4e78-4a5e-8d6c-3f01bf64a748.png',398160,'Sheet1','Sheet17816'),(3675,'upload/protect/89e8d663-9e77-4ec6-bad8-fe3111216dae.png',430569,'Sheet1','Sheet17817'),(3676,'upload/protect/2f929e49-7e93-4ba0-9a6d-865a6196a243.png',351326,'Sheet1','Sheet14815'),(3677,'upload/protect/1ffb75d7-7173-4c63-8df9-9acfcfff10e7.png',408300,'Sheet1','Sheet14816'),(3678,'upload/protect/53fa4693-f6b8-4974-a4f9-4e6d6f674126.png',273936,'Sheet1','Sheet14817'),(3679,'upload/protect/5303c00c-9399-4c2a-a68b-593a12decafb.png',248559,'Sheet1','Sheet11815'),(3680,'upload/protect/fcda042f-21d5-41ad-a0b0-fcc72f850f88.png',258972,'Sheet1','Sheet11816'),(3681,'upload/protect/2cec1dd8-3344-4fd5-a89f-eaa2f19405ef.png',223991,'Sheet1','Sheet11817'),(3682,'upload/protect/d6c230f5-def5-4ac9-8aa3-f7b6e2f934d1.png',92564,'Sheet1','Sheet11915'),(3683,'upload/protect/845ac850-04cc-4ac7-8500-7a6331bee1ef.png',192630,'Sheet1','Sheet11916'),(3684,'upload/protect/d79dbdb2-19fe-49b3-aa4e-7b2c4e5a5101.png',206635,'Sheet1','Sheet11917'),(3685,'upload/protect/5c862257-28e9-4432-b8cd-62f83c3fab75.png',132476,'Sheet1','Sheet14915'),(3686,'upload/protect/98091b60-1c95-4680-9c72-b3b5e476c5b5.png',153471,'Sheet1','Sheet14916'),(3687,'upload/protect/b39c8521-be40-4a09-888d-685d56de3c20.png',193886,'Sheet1','Sheet14917'),(3688,'upload/protect/ecbc4c7f-6330-48cb-87e7-4b23eb3a3aad.png',146102,'Sheet1','Sheet17915'),(3689,'upload/protect/2b8d4da4-9f26-499c-9c0e-d82eb4e229bf.png',260184,'Sheet1','Sheet17916'),(3690,'upload/protect/f687f2f2-0359-48c0-8a25-83a44b332c8e.png',225107,'Sheet1','Sheet17917'),(3691,'upload/protect/0734d751-59a0-4a81-9aa9-bae2c7c4a8b1.png',120758,'Sheet1','Sheet18015'),(3692,'upload/protect/9425f76a-5cbd-4c57-afee-92ad32524494.png',135052,'Sheet1','Sheet18016'),(3693,'upload/protect/22dcf6d2-c9a7-4fce-bfc3-255d7c52ba44.png',121794,'Sheet1','Sheet18017'),(3694,'upload/protect/39584828-256a-43a1-9c3b-fc384f906fd9.png',226194,'Sheet1','Sheet15015'),(3695,'upload/protect/03d2c56a-181f-4c57-907d-6818aed850a4.png',250948,'Sheet1','Sheet15016'),(3696,'upload/protect/3ba24145-97f7-402a-8784-04480312a0b8.png',238951,'Sheet1','Sheet15017'),(3697,'upload/protect/7154f4ee-aec0-4318-b772-3e4e7f2efab6.png',248014,'Sheet1','Sheet12015'),(3698,'upload/protect/e88996db-bef1-43b2-a452-e656248b5b3c.png',229927,'Sheet1','Sheet12016'),(3699,'upload/protect/e00b420e-3b18-4edc-8ccd-03d24150f335.png',232603,'Sheet1','Sheet12017'),(3700,'upload/protect/970f4c35-b932-443f-9223-b1bd22d40ba9.png',325804,'Sheet1','Sheet12115'),(3701,'upload/protect/d957175c-6b30-4be5-a440-6a7c013948b7.png',226495,'Sheet1','Sheet12116'),(3702,'upload/protect/50b1f71a-23b4-4022-b555-9b06e97458ef.png',320425,'Sheet1','Sheet12117'),(3703,'upload/protect/0641d919-bf4b-457b-9ed9-6e2befc18c90.png',137827,'Sheet1','Sheet15115'),(3704,'upload/protect/0bebda9b-b35c-4fd3-bf5e-c9baa899d70f.png',193706,'Sheet1','Sheet15116'),(3705,'upload/protect/24082089-671b-465a-9e87-ede00918d4de.png',155553,'Sheet1','Sheet15117'),(3706,'upload/protect/cfb9d5e2-d828-49d8-97a3-3e6e5a3fe768.png',376210,'Sheet1','Sheet18115'),(3707,'upload/protect/f30a6a10-03ed-41f7-b151-225bf8e8adcb.png',422108,'Sheet1','Sheet18116'),(3708,'upload/protect/304b7610-8581-41a2-9971-10a180db6a4a.png',387764,'Sheet1','Sheet18117'),(3709,'upload/protect/6ce0fd3f-5937-4521-960d-29011ebec271.png',429138,'Sheet1','Sheet18215'),(3710,'upload/protect/9645909f-6d2f-4f35-ab96-da64da499b13.png',446193,'Sheet1','Sheet18216'),(3711,'upload/protect/cbd4a73d-e2d6-4fde-8883-7cffb2bde9ad.png',341380,'Sheet1','Sheet18217'),(3712,'upload/protect/71751eae-faf5-4c6d-b48b-aa141a01212f.png',439627,'Sheet1','Sheet15215'),(3713,'upload/protect/5a72dfe3-f1d7-419d-9f50-8d5882976f5a.png',402803,'Sheet1','Sheet15216'),(3714,'upload/protect/650bc0de-e77e-43b0-b43c-4cac7297a088.png',436629,'Sheet1','Sheet15217'),(3715,'upload/protect/57b45b77-288c-4418-bc90-8fa4210aa951.png',370090,'Sheet1','Sheet12215'),(3716,'upload/protect/b2bd2ea4-9056-4468-9296-4f4eb3c02e78.png',258605,'Sheet1','Sheet12216'),(3717,'upload/protect/8dbfff07-b488-4661-a708-10b23325e662.png',251849,'Sheet1','Sheet12217'),(3718,'upload/protect/dd9190da-d87c-429e-a217-89e0892bf010.png',109616,'Sheet1','Sheet12315'),(3719,'upload/protect/3ebb4539-6a09-4099-8c0d-9edd1df96fe6.png',105693,'Sheet1','Sheet12316'),(3720,'upload/protect/c4a26cbb-ba60-41cd-a071-e4eb96266409.png',85600,'Sheet1','Sheet12317'),(3721,'upload/protect/b6873a66-3b75-44ae-b0ca-a160501cc647.png',209186,'Sheet1','Sheet15315'),(3722,'upload/protect/2cc9c9a1-388e-4059-b983-6d5353944c8e.png',252953,'Sheet1','Sheet15316'),(3723,'upload/protect/03ff95fc-126f-4268-aa16-334efaec241f.png',164842,'Sheet1','Sheet15317'),(3724,'upload/protect/5fe96fb7-213c-405a-9b2d-01088fdbb2a4.png',443859,'Sheet1','Sheet18315'),(3725,'upload/protect/c9777b83-a242-497f-8393-8c42a8c0e32c.png',466370,'Sheet1','Sheet18316'),(3726,'upload/protect/ad0f5c42-7217-4c13-b607-ccfd1811701d.png',425270,'Sheet1','Sheet18317'),(3727,'upload/protect/4c011d59-97c2-4852-8d01-9e146ab5c8f5.png',240494,'Sheet1','Sheet18415'),(3728,'upload/protect/46fc791e-24c3-4f81-ba4a-195b480a28f3.png',276119,'Sheet1','Sheet18416'),(3729,'upload/protect/bb5609b4-3bf0-48a8-8a70-c7e560675a65.png',221899,'Sheet1','Sheet18417'),(3730,'upload/protect/e264bc13-46e3-4116-905c-e379029d5c5d.png',535513,'Sheet1','Sheet15415'),(3731,'upload/protect/79d3f793-ad4f-4cf5-9225-aa46e89ae903.png',516724,'Sheet1','Sheet15416'),(3732,'upload/protect/18b22a41-6cca-4486-a421-4bdae788fa14.png',466439,'Sheet1','Sheet15417'),(3733,'upload/protect/cd9f9ecc-7da5-417c-98f2-d18ee24f3f96.png',202619,'Sheet1','Sheet12415'),(3734,'upload/protect/0fe46726-eed8-43ef-9bde-feff88441138.png',203491,'Sheet1','Sheet12416'),(3735,'upload/protect/b0f79e76-4e31-458a-9a73-c81d82e44fcd.png',182434,'Sheet1','Sheet12417'),(3736,'upload/protect/ce68e277-508c-4109-b0dc-75afd378ba77.png',743137,'Sheet1','Sheet12515'),(3737,'upload/protect/ee34d9ce-f790-471c-abe3-2d8356c761e3.png',670126,'Sheet1','Sheet12516'),(3738,'upload/protect/0beaa026-0106-4ed3-880a-7cb59f0a3afe.png',203778,'Sheet1','Sheet12517'),(3739,'upload/protect/1a175fc8-a471-4668-9a51-de8a02590518.png',390473,'Sheet1','Sheet15515'),(3740,'upload/protect/60a132e2-3747-451b-94a5-3c7530c18161.png',381787,'Sheet1','Sheet15516'),(3741,'upload/protect/9b5f0214-f6b6-429b-a2b9-1078a17b1573.png',385589,'Sheet1','Sheet15517'),(3742,'upload/protect/39fb1100-3cdc-4333-b02c-a30855eaa4ef.png',189447,'Sheet1','Sheet18515'),(3743,'upload/protect/5717ffd7-65f4-4a5b-ab7d-324c57f3678c.png',181564,'Sheet1','Sheet18516'),(3744,'upload/protect/f45b3da2-c98c-4c1c-b3f2-da9dd3464c00.png',209062,'Sheet1','Sheet18517'),(3745,'upload/protect/10b24514-45f3-48d5-97bf-36eef657d3ed.png',501113,'Sheet1','Sheet18615'),(3746,'upload/protect/259f9f0e-87e4-46b5-bff0-281f974ceb24.png',359285,'Sheet1','Sheet18616'),(3747,'upload/protect/576a04b6-a5e0-4d62-98b8-d97ecce79fd3.png',387127,'Sheet1','Sheet18617'),(3748,'upload/protect/a2dc3be0-f22b-47d5-b6db-c733dcbcae41.png',262827,'Sheet1','Sheet15615'),(3749,'upload/protect/baf94a3c-37d9-4d60-9e45-18c887a41afe.png',218723,'Sheet1','Sheet15616'),(3750,'upload/protect/ab097501-0c0b-4ccf-a656-37c772827262.png',227076,'Sheet1','Sheet15617'),(3751,'upload/protect/46d9cf8e-07f3-4389-bd6c-e95215f0efef.png',547106,'Sheet1','Sheet12615'),(3752,'upload/protect/c2c07a8c-aea2-42e1-b2e4-dd182bff2a8c.png',454267,'Sheet1','Sheet12616'),(3753,'upload/protect/4031bf38-5f10-4302-8765-de9869cc0cd1.png',405022,'Sheet1','Sheet12617'),(3754,'upload/protect/eb818732-449d-494b-9792-35635da26e0a.png',451519,'Sheet1','Sheet12715'),(3755,'upload/protect/e24b1dc4-6e05-412c-bc55-45dfae52990c.png',410383,'Sheet1','Sheet12716'),(3756,'upload/protect/d16bd217-0f45-4607-a0cf-d05d4170b59e.png',241607,'Sheet1','Sheet12717'),(3757,'upload/protect/15668d2a-962c-48d8-ad1b-c85657c22de9.png',542135,'Sheet1','Sheet15715'),(3758,'upload/protect/aa86ee4c-1d3b-4a3b-876c-4cba1f8b6fb1.png',544800,'Sheet1','Sheet15716'),(3759,'upload/protect/b70a0a79-53b3-4bad-839e-db9a798c47df.png',574795,'Sheet1','Sheet15717'),(3760,'upload/protect/49db3502-8721-4356-870c-fccce4699ce1.png',375778,'Sheet1','Sheet18715'),(3761,'upload/protect/51d31f36-1af0-461d-b8b4-8bfa2d173189.png',313463,'Sheet1','Sheet18716'),(3762,'upload/protect/6b9a9637-3858-4f30-bd82-d69f4acdcbb3.png',267458,'Sheet1','Sheet18717'),(3763,'upload/protect/b3557260-6664-443b-8fb5-32fcbf1a2ea0.png',477712,'Sheet1','Sheet18815'),(3764,'upload/protect/7a287596-9b2b-4817-96a7-3e2322a4db9c.png',419350,'Sheet1','Sheet18816'),(3765,'upload/protect/9fa4418a-a81f-4e68-ad3e-043fa02ebe1f.png',393915,'Sheet1','Sheet18817'),(3766,'upload/protect/8d5d7e89-24cb-4358-a348-808f3c247b44.png',472206,'Sheet1','Sheet15815'),(3767,'upload/protect/1e46e518-bc46-4cd1-9cb7-a77d00a73d35.png',449023,'Sheet1','Sheet15816'),(3768,'upload/protect/c080cf4a-24dc-4948-99e9-58168fbf029c.png',260236,'Sheet1','Sheet12815'),(3769,'upload/protect/2fe20966-dfdc-4946-9fb8-2173ebe70d41.png',253161,'Sheet1','Sheet12816'),(3770,'upload/protect/f37aa73b-45f8-4a7c-8657-39e621b07319.png',290534,'Sheet1','Sheet12817'),(3771,'upload/protect/05eeac0c-9791-4ec3-9f28-0dd5f2d1a622.png',254729,'Sheet1','Sheet12915'),(3772,'upload/protect/3eac92cf-3b20-4155-9dd8-a2c4ef00ec3a.png',339481,'Sheet1','Sheet12916'),(3773,'upload/protect/af97ab74-002c-4951-a597-507ed61433c8.png',250023,'Sheet1','Sheet12917'),(3774,'upload/protect/d92f29bd-0eca-4018-be2c-37b8032b0c43.png',444528,'Sheet1','Sheet15915'),(3775,'upload/protect/61c1d24c-3508-492d-9d62-7d7166c4a6a4.png',408425,'Sheet1','Sheet15916'),(3776,'upload/protect/fafc0ff5-fc07-47a0-98ff-02fb4357ffde.png',384388,'Sheet1','Sheet15917'),(3777,'upload/protect/90080e1b-1450-449f-b572-97c350c6fa32.png',345028,'Sheet1','Sheet18915'),(3778,'upload/protect/09da94e1-e226-4848-bf76-c492a7aea9c3.png',223088,'Sheet1','Sheet18916'),(3779,'upload/protect/38bfbe54-5e6e-465e-9d17-9322107afcf2.png',258894,'Sheet1','Sheet18917'),(3780,'upload/protect/84777d18-4106-44be-ad80-b453f8224a4d.png',917258,'Sheet1','Sheet19015'),(3781,'upload/protect/6739299c-3bc2-4a38-84b1-39071290299c.png',841030,'Sheet1','Sheet19016'),(3782,'upload/protect/070e248b-9583-42da-9f6a-a1508ba1a73c.png',304855,'Sheet1','Sheet19017'),(3783,'upload/protect/68fbc1c4-ab02-4a54-971b-1bb4db22a212.png',463091,'Sheet1','Sheet16015'),(3784,'upload/protect/03c5d004-dc4c-4218-b593-109ad9bdd436.png',445802,'Sheet1','Sheet16016'),(3785,'upload/protect/0f4ca6ec-195a-469c-97fd-7acf70ae26ab.png',435654,'Sheet1','Sheet16017'),(3786,'upload/protect/5b73c97f-0145-46e6-b5d1-49e5f18cf733.png',279405,'Sheet1','Sheet13015'),(3787,'upload/protect/47f88b6c-8450-4e7f-bdf3-b6aec3857f90.png',241772,'Sheet1','Sheet13016'),(3788,'upload/protect/0d6611f0-b175-409c-bbc4-9281cccd7caf.png',252654,'Sheet1','Sheet13017'),(3789,'upload/protect/16a313da-2d2c-48db-a352-a44517c1185c.png',345280,'Sheet1','Sheet13115'),(3790,'upload/protect/87ce8609-c394-454a-bad1-f1d715ea14b7.png',270283,'Sheet1','Sheet13116'),(3791,'upload/protect/275c3d71-6539-415a-a6d0-53eafd225aa5.png',360020,'Sheet1','Sheet13117'),(3792,'upload/protect/9e972161-3348-4075-8819-dfb9a6944e04.png',246795,'Sheet1','Sheet16115'),(3793,'upload/protect/75d17161-edd2-4ad2-ac45-9fe60ba34999.png',271195,'Sheet1','Sheet16116'),(3794,'upload/protect/1baecc63-492e-4570-893c-5292d56670c7.png',214905,'Sheet1','Sheet16117'),(3795,'upload/protect/cf599269-1c27-47c6-a39c-ddfeb8e58ec2.png',369411,'Sheet1','Sheet19117'),(3796,'upload/protect/878e9bed-de51-4c87-b759-db0548e7a430.png',371036,'Sheet1','Sheet19116'),(3797,'upload/protect/0e650cf9-ce79-4ebd-a1e6-f2f3bad3e7e0.png',462885,'Sheet1','Sheet19115'),(3798,'upload/protect/89d3e97d-6501-44a8-aae2-e0d915944b73.png',237155,'Sheet1','Sheet19215'),(3799,'upload/protect/45428964-c36b-4036-9a71-0a9969aa2183.png',278226,'Sheet1','Sheet19216'),(3800,'upload/protect/7b2c1356-a425-4388-b5c3-368579d4bee6.png',221779,'Sheet1','Sheet19217'),(3801,'upload/protect/46fa15e0-8667-4a6c-bda5-7be1c7c1ac6c.png',310409,'Sheet1','Sheet16217'),(3802,'upload/protect/47397aac-2903-44c8-96a0-bb275cff99ed.png',373339,'Sheet1','Sheet16216'),(3803,'upload/protect/3a9807da-de83-4098-9248-2dabfd991db5.png',244870,'Sheet1','Sheet16215'),(3804,'upload/protect/720d3770-3f81-4181-881f-c444a4fa9f9b.png',346242,'Sheet1','Sheet13215'),(3805,'upload/protect/267058f4-fa6f-4845-83d4-cae90f5f720e.png',320311,'Sheet1','Sheet13216'),(3806,'upload/protect/c3bb6ee3-6cbf-4589-8b21-b00197c1329d.png',356776,'Sheet1','Sheet13217'),(3807,'upload/protect/47b98b95-99c0-47e6-b237-82ca5a02aed0.png',221992,'Sheet1','Sheet13315'),(3808,'upload/protect/7153645f-9abd-479b-b8bb-771bf858acff.png',209134,'Sheet1','Sheet13316'),(3809,'upload/protect/6794aea8-a74b-4bba-9515-27f608190081.png',207861,'Sheet1','Sheet13317'),(3810,'upload/protect/fbdde8fe-b205-48db-be58-0155e0ff0d17.png',295351,'Sheet1','Sheet16317'),(3811,'upload/protect/d96c8d1e-09f7-47b0-960c-3dee887f3b12.png',273335,'Sheet1','Sheet16316'),(3812,'upload/protect/479544c6-98ad-4cfe-b413-fab315224404.png',327188,'Sheet1','Sheet16315'),(3813,'upload/protect/ee4d925b-578a-4df1-a2e9-ad4ad7fddcf2.png',454197,'Sheet1','Sheet19315'),(3814,'upload/protect/bcaa3ef6-932b-469d-bc99-c1d6c22f51d6.png',387831,'Sheet1','Sheet19316'),(3815,'upload/protect/75c06f94-9d33-4c2f-9d1b-e0bd3f5f3a84.png',313855,'Sheet1','Sheet19415'),(3816,'upload/protect/6f938828-012b-4c10-9b5d-3a5e909982e5.png',317417,'Sheet1','Sheet19416'),(3817,'upload/protect/a83561c3-81ca-4c55-aefe-ecac136ea8f7.png',307235,'Sheet1','Sheet19417'),(3818,'upload/protect/fb3640f7-22c1-45d9-8d84-51d386580469.png',268058,'Sheet1','Sheet16415'),(3819,'upload/protect/5dc6403a-2c23-4372-966a-2ac2b06d9d13.png',228857,'Sheet1','Sheet16416'),(3820,'upload/protect/c5742f59-5c25-41f2-a999-5332837a34ea.png',223978,'Sheet1','Sheet16417'),(3821,'upload/protect/c6eba77c-107f-48e8-a59c-6711e99d2f4f.png',505345,'Sheet1','Sheet13417'),(3822,'upload/protect/a3a382f3-111c-4c32-80dc-92eeb2aa910b.png',561601,'Sheet1','Sheet13416'),(3823,'upload/protect/c8604767-7d6e-473f-b85b-a96cf652865d.png',576934,'Sheet1','Sheet13415'),(3824,'upload/protect/0879e1ce-3670-4105-8abc-88ef1c56fecf.png',229182,'Sheet1','Sheet13515'),(3825,'upload/protect/921caae3-039f-456e-9772-15647bb86ab8.png',210203,'Sheet1','Sheet13516'),(3826,'upload/protect/7edce8cd-8db9-4170-98c3-6993f00307b8.png',244858,'Sheet1','Sheet13517'),(3827,'upload/protect/832f7449-28a9-495f-bb28-47e837a1ba0a.png',249147,'Sheet1','Sheet16515'),(3828,'upload/protect/93f0e903-87b9-4b4b-bdde-7ad989290456.png',317456,'Sheet1','Sheet16516'),(3829,'upload/protect/0299fd27-2733-431e-978f-f142b2f65f93.png',244279,'Sheet1','Sheet16517'),(3830,'upload/protect/f5f9ba45-0b9e-41ba-9ad7-2757acd59b63.png',276392,'Sheet1','Sheet19515'),(3831,'upload/protect/ae2d167d-5914-474a-a7ef-a4a3e8cb14ad.png',278797,'Sheet1','Sheet19516'),(3832,'upload/protect/c8452a95-08c4-4996-829b-a445694f0d93.png',282397,'Sheet1','Sheet19517'),(3833,'upload/protect/e2b95d62-40ff-4f59-977a-189adcc02349.png',214977,'Sheet1','Sheet19717'),(3834,'upload/protect/47d560c2-63d4-4483-8567-15324f0a992d.png',251092,'Sheet1','Sheet19716'),(3835,'upload/protect/4e69532a-96ba-43fe-b2fa-c13eaab47a16.png',278358,'Sheet1','Sheet19715'),(3836,'upload/protect/762f61c1-3e33-47c1-a00a-f936de59e8d0.png',301917,'Sheet1','Sheet16715'),(3837,'upload/protect/6c895e47-7edb-4826-8f19-3213fed8a1d4.png',297037,'Sheet1','Sheet16716'),(3838,'upload/protect/6023b27e-158b-448f-bf92-85ab6b8a2ae1.png',316655,'Sheet1','Sheet16717'),(3839,'upload/protect/8c35b32d-6ec2-4b98-aee8-119e7a38f0c5.png',512168,'Sheet1','Sheet13717'),(3840,'upload/protect/d54df649-e99e-4794-8bed-9a8d7f85b313.png',512300,'Sheet1','Sheet13716'),(3841,'upload/protect/ce8e4bb4-a812-4fc8-931e-2c3f22a96d4e.png',368361,'Sheet1','Sheet13715'),(3842,'upload/protect/623a48e9-36ee-4e69-bc98-bcdb82e7a57e.png',368812,'Sheet1','Sheet13615'),(3843,'upload/protect/e79ee0ee-813e-4755-955f-e4bffbdb46fa.png',414781,'Sheet1','Sheet13616'),(3844,'upload/protect/3a97ec59-3d8f-4f84-a050-3c549ff398a8.png',307275,'Sheet1','Sheet13617'),(3845,'upload/protect/2692aaac-b0c8-432e-9bdd-87a57bb68f24.png',373154,'Sheet1','Sheet16615'),(3846,'upload/protect/138ee86d-e5b9-42d7-8a0e-b09d4e6cb09d.png',347877,'Sheet1','Sheet16616'),(3847,'upload/protect/282e9cea-91db-4266-aa68-e4d79537a0cc.png',341322,'Sheet1','Sheet16617'),(3848,'upload/protect/6be83493-8e0b-4adc-bbdc-12ca8d3d44ec.png',225161,'Sheet1','Sheet19615'),(3849,'upload/protect/294f0b5d-ef72-445d-b519-8867aa79416d.png',247196,'Sheet1','Sheet19616'),(3850,'upload/protect/2ca18a9d-775f-49df-bbe9-9b3c17111e5b.png',228246,'Sheet1','Sheet19617'),(3851,'upload/protect/dd0f4e21-f31e-4a56-956f-1b2de33d360b.png',398160,'Sheet1','Sheet13816'),(3852,'upload/protect/b6b8c2de-89e9-492d-bd07-478a32390c2e.png',332272,'Sheet1','Sheet1815'),(3853,'upload/protect/2894a8f7-820b-48c4-aa17-06be8296badc.png',169130,'Sheet1','Sheet1915'),(3854,'upload/protect/2fe6ce53-e166-4c5b-9e7d-e13d760084f1.png',193672,'Sheet1','Sheet11015'),(3855,'upload/protect/f4ce3e9d-4962-435c-ad6f-665a4103d124.png',199694,'Sheet1','Sheet11115'),(3856,'upload/protect/e0927bcd-efc3-419f-9750-ead5648068f6.png',148379,'Sheet1','Sheet11215'),(3857,'upload/protect/0deed733-7910-443d-ad27-479d6995413c.png',135108,'Sheet1','Sheet11315'),(3858,'upload/protect/d69f0f7f-cc8c-41b8-b800-9807e23bb278.png',97763,'Sheet1','Sheet11415'),(3859,'upload/protect/f61a4d83-0434-4d8d-a4d2-543b4d608652.png',136849,'Sheet1','Sheet11515'),(3860,'upload/protect/6464a575-04bd-4310-a04b-1ca0750d83c7.png',202739,'Sheet1','Sheet11615'),(3861,'upload/protect/fc4d84a7-5456-4e36-b0c0-4260275117df.png',149282,'Sheet1','Sheet11715'),(3862,'upload/protect/e47c3eb6-3896-4e57-a7c9-e588a3428806.png',220303,'Sheet1','Sheet11815'),(3863,'upload/protect/80d78db7-17ba-4cc2-b871-1169dac6944d.png',166778,'Sheet1','Sheet11915'),(3864,'upload/protect/1ec2ec41-94dc-4e53-9a8f-8f64e461cfc8.png',224814,'Sheet1','Sheet12115'),(3865,'upload/protect/25b58233-8531-4cb6-9a22-3ac578dbf0ff.png',241433,'Sheet1','Sheet12015'),(3866,'upload/protect/2cd28b93-0384-4e6f-82eb-581a25f66603.png',188103,'Sheet1','Sheet12215'),(3867,'upload/protect/11586fca-88a5-43bf-bf01-5c93a6c16e38.png',97676,'Sheet1','Sheet12315'),(3868,'upload/protect/ac36a891-d54e-42f6-a33b-9df0af4d9fe2.png',197421,'Sheet1','Sheet12415'),(3869,'upload/protect/00a4e331-d678-416f-97d2-2ca0aabe9421.png',158078,'Sheet1','Sheet12515'),(3870,'upload/protect/a43e5678-d6db-48f1-927b-f4e3cbf4f8cf.png',160683,'Sheet1','Sheet12615'),(3871,'upload/protect/70b849e4-38ba-4819-a943-bc500c48beed.png',344479,'Sheet1','Sheet12715'),(3872,'upload/protect/6c35a52a-a258-40a0-b5f9-c29fcf772405.png',113849,'Sheet1','Sheet12815'),(3873,'upload/protect/818d6e4b-94d0-47be-bdbc-550fc2badb85.png',174809,'Sheet1','Sheet12915'),(3874,'upload/protect/e440dd39-d1e4-4b37-9b64-8c9e2a884ba0.png',126453,'Sheet1','Sheet13015'),(3875,'upload/protect/7a653ff8-dc60-4050-8356-ff55ba099d3c.png',111575,'Sheet1','Sheet13115'),(3876,'upload/protect/bc39763a-bd87-40f4-aa0c-bbc1ce71edc1.png',211848,'Sheet1','Sheet13215'),(3877,'upload/protect/990d49c8-6e6e-4aed-91f1-2a49cc1aca00.png',161766,'Sheet1','Sheet13315'),(3878,'upload/protect/2ca340bf-2c05-413c-b83e-f1874b625d99.png',346911,'Sheet1','Sheet13415'),(3879,'upload/protect/c7334ed8-b104-4ac6-b625-11df7d5afb25.png',159931,'Sheet1','Sheet13515'),(3880,'upload/protect/77b62903-eea4-43c8-881a-67ce82476ecc.png',212425,'Sheet1','Sheet13615'),(3881,'upload/protect/05e795a0-b7ce-437a-ba4b-3dca98b5aa49.png',139187,'Sheet1','Sheet13715'),(3882,'upload/protect/e63382b7-8668-42be-88cb-d0181b3b71d9.png',398160,'Sheet1','Sheet11816'),(3883,'upload/protect/3a425c3e-4410-4626-b660-6d8218226170.png',97686,'Sheet1','Sheet13715'),(3884,'upload/protect/8d49f8e5-5cef-448f-8ba1-ab247c23b084.png',185556,'Sheet1','Sheet13615'),(3885,'upload/protect/a74d27ca-f9f2-41dc-8fa7-1cc2697f8b60.png',245550,'Sheet1','Sheet13515'),(3886,'upload/protect/915ad2c2-f9a3-472b-bf28-12f6738133cd.png',163842,'Sheet1','Sheet13415'),(3887,'upload/protect/e75728c7-4480-4941-bf5a-aca31e456a9f.png',86305,'Sheet1','Sheet13315'),(3888,'upload/protect/4d28b285-2d72-4308-8948-f7f4c532dfac.png',89898,'Sheet1','Sheet13215'),(3889,'upload/protect/fd674fad-cfd5-4669-ac1b-aa774649c4c1.png',123343,'Sheet1','Sheet13115'),(3890,'upload/protect/772680a0-6a24-4710-82e0-5cc4f101d01a.png',188761,'Sheet1','Sheet13015'),(3891,'upload/protect/79ba7fb0-ad34-4e10-b2f7-2689636353b7.png',91384,'Sheet1','Sheet12915'),(3892,'upload/protect/f2ea3ae1-9d94-47a2-b116-c131452ff715.png',172933,'Sheet1','Sheet12815'),(3893,'upload/protect/4a9639b9-b753-456f-915e-b13c5a2ffb9b.png',208854,'Sheet1','Sheet12715'),(3894,'upload/protect/8a2fc934-1fc0-4d68-932b-5defacf21c04.png',189498,'Sheet1','Sheet12615'),(3895,'upload/protect/90e8ba3c-b535-4b28-8a55-29d6fa54a4fa.png',160620,'Sheet1','Sheet12515'),(3896,'upload/protect/2e8784b2-7db6-4631-b167-fa69b482508e.png',162419,'Sheet1','Sheet12415'),(3897,'upload/protect/92746f58-c5ab-4c19-bfd1-33f5924ff12d.png',268163,'Sheet1','Sheet12315'),(3898,'upload/protect/ca9af1fd-26e3-42a3-b958-641c62d777f0.png',203692,'Sheet1','Sheet12215'),(3899,'upload/protect/286c4625-55b3-4b7c-8b82-22a7850afaeb.png',306937,'Sheet1','Sheet12115'),(3900,'upload/protect/73941b46-f3b6-4585-82df-ade2c37628ff.png',176888,'Sheet1','Sheet12015'),(3901,'upload/protect/01085845-491d-4576-8cbb-15620a8c1de0.png',233198,'Sheet1','Sheet11915'),(3902,'upload/protect/659a96ef-6114-4d3d-a91f-901db8fe4ef2.png',315897,'Sheet1','Sheet11815'),(3903,'upload/protect/235e7038-fc01-4f6a-85f2-f1439e496345.png',179383,'Sheet1','Sheet11715'),(3904,'upload/protect/43476e89-771c-4d9b-a7ff-4e22f725088e.png',284081,'Sheet1','Sheet11615'),(3905,'upload/protect/7331dfb5-1c6d-4bae-bbff-fbf6594fb52f.png',110563,'Sheet1','Sheet11415'),(3906,'upload/protect/f669a0b0-dba1-4a8a-b261-e5b2640f73d2.png',155122,'Sheet1','Sheet11515'),(3907,'upload/protect/a6bd28cb-c27c-468a-8a03-58fa9e965dac.png',248302,'Sheet1','Sheet11215'),(3908,'upload/protect/e42db7cb-7c3d-47cd-a058-a6b6972f3c98.png',282757,'Sheet1','Sheet11315'),(3909,'upload/protect/0e270271-0505-4b2c-b3a6-7c14495eb101.png',153850,'Sheet1','Sheet11115'),(3910,'upload/protect/e8349dd8-f852-41b2-87ac-1d03230fb210.png',276307,'Sheet1','Sheet11015'),(3911,'upload/protect/5c00003c-201e-43bb-baec-07d8bf2c56b8.png',303605,'Sheet1','Sheet1915'),(3912,'upload/protect/15f00927-2d01-4853-befa-9f1f68f0d7f3.png',265792,'Sheet1','Sheet1815'),(3913,'upload/protect/9f85bb04-e5e1-461a-aa02-03368bfd4d0d.PNG',681965,'Sheet1','Sheet1815'),(3914,'upload/protect/46e0e39c-445f-4268-8dfd-78009b75090f.PNG',629565,'Sheet1','Sheet1915'),(3915,'upload/protect/0c4c30d6-6232-4228-9392-67d3d31175de.PNG',782624,'Sheet1','Sheet1916'),(3916,'upload/protect/0e272841-9df8-4c20-ab63-9f9243168bd6.png',921734,'Sheet1','Sheet11015'),(3917,'upload/protect/faa90fce-20cc-4d89-b07c-389ad74af075.PNG',553376,'Sheet1','Sheet11115'),(3918,'upload/protect/e6bd0baa-fe23-41fa-9365-8ecda481c462.png',573984,'Sheet1','Sheet11215'),(3919,'upload/protect/529de109-806b-4e7b-b513-2655f9d2fbb2.PNG',943130,'Sheet1','Sheet11315'),(3920,'upload/protect/51d7b11b-eb96-48bd-9cc6-448c7fc815b0.PNG',694972,'Sheet1','Sheet11316'),(3921,'upload/protect/b4c40618-f55d-4fc1-980d-630a98974d24.png',897760,'1232.png','1232.png'),(3922,'upload/protect/1615f3f3-6cbd-4495-8d5d-672ffeac9cf8.png',781919,'123.png','123.png'),(3923,'https://lh3.googleusercontent.com/a/AEdFTp4e0HKfbXmKYJFuZ7IN1AAtmiCdUKBr79GgQPPr=s96-c',0,'google','google');
/*!40000 ALTER TABLE `image` ENABLE KEYS */;
UNLOCK TABLES;

--
-- Table structure for table `missing_dog`
--

DROP TABLE IF EXISTS `missing_dog`;
/*!40101 SET @saved_cs_client     = @@character_set_client */;
/*!50503 SET character_set_client = utf8mb4 */;
CREATE TABLE `missing_dog` (
  `missing_id` bigint NOT NULL AUTO_INCREMENT,
  `age` int NOT NULL,
  `breed_id` bigint DEFAULT NULL,
  `category_cloth` int DEFAULT NULL,
  `category_color` int DEFAULT NULL,
  `category_ear` int DEFAULT NULL,
  `category_pattern` int DEFAULT NULL,
  `category_tail` int DEFAULT NULL,
  `feature` varchar(4000) DEFAULT NULL,
  `gender` int DEFAULT NULL,
  `latitude` decimal(19,2) DEFAULT NULL,
  `longitude` decimal(19,2) DEFAULT NULL,
  `missing_date` date DEFAULT NULL,
  `name` varchar(255) DEFAULT NULL,
  `neutered` int DEFAULT NULL,
  `regist_date` datetime DEFAULT NULL,
  `state_code` int DEFAULT NULL,
  `title` varchar(255) DEFAULT NULL,
  `user_id` bigint DEFAULT NULL,
  `weight` double DEFAULT NULL,
  PRIMARY KEY (`missing_id`),
  KEY `FKdio1k1h67ri48mx2ov4ib7oe1` (`breed_id`),
  KEY `FKrn2cde1npuau4yt2gie04m9fd` (`user_id`),
  CONSTRAINT `FKdio1k1h67ri48mx2ov4ib7oe1` FOREIGN KEY (`breed_id`) REFERENCES `breed` (`breed_id`),
  CONSTRAINT `FKrn2cde1npuau4yt2gie04m9fd` FOREIGN KEY (`user_id`) REFERENCES `user` (`user_id`)
) ENGINE=InnoDB AUTO_INCREMENT=105 DEFAULT CHARSET=utf8mb4 COLLATE=utf8mb4_0900_ai_ci;
/*!40101 SET character_set_client = @saved_cs_client */;

--
-- Dumping data for table `missing_dog`
--

LOCK TABLES `missing_dog` WRITE;
/*!40000 ALTER TABLE `missing_dog` DISABLE KEYS */;
INSERT INTO `missing_dog` VALUES (94,5,17,0,124,4,1,0,'<h3>실종견/임보견 신고</h3><p>&nbsp;</p><h3>신고자/보호자 정보</h3><p>이름 : 김슬희</p><p>연락처 : 010-2048-2947</p><p>&nbsp;</p><h3>실종 일시&nbsp;</h3><p>2023-02-14 15시경<br>&nbsp;</p><h3>강아지 상세특징</h3><p>겁이 많은 아이입니다. 보신다면 잡으려고 하지 마시고 다가가면서 전화주세요</p><p>부탁드립니다. ㅠㅠ</p>',2,37.40,126.65,'2023-02-16','슬비',1,'2023-02-16 23:03:09',0,'슬비 찾습니다... ',1,5),(95,3,26,0,119,5,2,3,'<h3>신고자/보호자 정보</h3><p>이름 : 김정윤</p><p>연락처 : 010-1234-5678</p><p><br>&nbsp;</p><h3>강아지 상세특징</h3><p>시청 근처에서 산책하다가 잠깐 한눈 판 사이에 없어졌습니다.. 혹시 주변에서 발견하신분은 위의 연락처로 연락 꼭 남겨주세요!!</p><p>사진처럼 생겼고, 뛰어다니는걸 무척 좋아합니다..</p>',1,37.47,126.70,'2023-02-16','루이',1,'2023-02-16 23:39:55',0,'인천 중구 근처에서 그레이하운드 \'루이\' 찾습니다.',418,9.4),(96,4,2,0,128,4,2,1,'<h3>실종견/임보견 신고 템플릿 예시</h3><p><br>&nbsp;</p><h3>신고자/보호자 정보</h3><p>이름 : 이재혁</p><p>연락처 : 010-7537-1059</p><p><br>&nbsp;</p><h3>강아지 상세특징</h3><p>성대 수술을 해서 짖을때 쉰 소리가 나구</p><p>사람을 무서워합니다.. 저 츄르 없으면 못살아요ㅠㅠㅠ</p>',2,37.44,126.68,'2023-02-16','츄르',1,'2023-02-16 23:43:06',0,'우리 츄르 찾아요ㅠㅠ',13,4.3),(97,3,16,0,152,1,2,4,'<h3>신고자/보호자 정보</h3><p>이름 : 이가은</p><p>연락처 : 010-9999-9999</p><p><br>&nbsp;</p><h3>강아지 상세특징</h3><p>부모님께서 이삿짐 정리한다고 잠깐 문을 열어두신 상황에서 저희집 해피가 없어져버렸어요..ㅠㅠ</p><p>꼬리는 잘려있는 상태구요 혹시라도 부천 근처에서 핑크색 반팔 입은 웰시코기 발견하신 분은 위 연락처로 알려주세요!!</p>',2,37.51,126.76,'2023-02-16','해피',1,'2023-02-16 23:46:25',0,'부천시 근처 웰시코기 찾아요ㅠㅠ',418,13.6),(98,1,1,1,142,1,1,2,'<h3>실종견/임보견 신고 템플릿 예시</h3><p><br>&nbsp;</p><h3>신고자/보호자 정보</h3><p>이름 : 김민교</p><p>연락처 : 010-7777-7777</p><p><br>&nbsp;</p><h3>강아지 상세특징</h3><p>인천 중구에서 산책하다가 목줄을 놓쳐서 도망가버렸습니다…</p><p>연락주세요!!</p>',1,37.43,126.77,'2023-02-16','진돌이',2,'2023-02-16 23:47:27',0,'진돌이 찾습니다!!',13,12.4),(99,3,4,1,139,1,7,1,'<h3>실종견/임보견 신고 템플릿 예시</h3><p><br>&nbsp;</p><h3>신고자/보호자 정보</h3><p>이름 : 이상호</p><p>연락처 : 010-8888-8888</p><p><br>&nbsp;</p><h3>강아지 상세특징</h3><p>목에 보라색 목줄을 차고있습니다!!</p><p>일이 손에 안잡히네요…연락주세요!!</p>',1,37.39,126.75,'2023-02-16','포도',2,'2023-02-16 23:49:46',0,'우리 포도 찾아요!!(허스키)',13,20.2),(100,1,6,1,143,7,2,1,'<h3>실종견/임보견 신고 템플릿 예시</h3><p><br>&nbsp;</p><h3>신고자/보호자 정보</h3><p>이름 : 박상민</p><p>연락처 : 010-9999-9999</p><p><br>&nbsp;</p><h3>강아지 상세특징</h3><p>다리를 다쳐서 절뚝이듯이 걷습니다 사람을 무서워해요!</p>',2,37.38,126.74,'2023-02-16','슈나',2,'2023-02-16 23:51:47',0,'울 슈나 찾아요.....',13,6),(101,1,9,1,142,2,2,4,'<h3>실종견/임보견 신고 템플릿 예시</h3><p><br>&nbsp;</p><h3>신고자/보호자 정보</h3><p>이름 : 최창근</p><p>연락처 : 010-6534-6666</p><p><br>&nbsp;</p><h3>강아지 상세특징</h3><p>저희 도기 찾습니다 산책중 갑자기 목줄이 풀려서 도망간 이후로 찾을 수가 없어요..</p>',2,37.47,126.91,'2023-02-16','도기',2,'2023-02-16 23:54:07',0,'우리 도기 찾아요!(인천)',13,9),(102,4,3,1,143,6,1,1,'<h3>실종견/임보견 신고 템플릿 예시</h3><p><br>&nbsp;</p><h3>신고자/보호자 정보</h3><p>이름 : 권혁근</p><p>연락처 : 010-8877-7232</p><p><br>&nbsp;</p><h3>강아지 상세특징</h3><p>왼쪽 앞발바닥만 검은 반점이 있어요!!</p><p>잠시 문을 열어둔 사이 사라져버렸어요 꼭찾고싶습니다..</p>',2,37.46,126.69,'2023-02-16','쿠쿠',1,'2023-02-16 23:56:13',0,'[인천 중구]저희 쿠쿠 찾습니다..',13,4.1),(103,2,4,1,142,1,2,2,'<h3>실종견/임보견 신고 템플릿 예시</h3><p><br>&nbsp;</p><h3>신고자/보호자 정보</h3><p>이름 : 김유민</p><p>연락처 : 01013654789</p><p><br>&nbsp;</p><h3>강아지 상세특징</h3><p>배에 점이 있고, 사람을 좋아합니다..</p><p>제발 찾아주세요..</p>',1,37.39,126.91,'2023-02-17','허쉬',1,'2023-02-17 00:38:57',0,'저희 허쉬 좀 찾아주세요...',416,2.5),(104,9,32,0,139,3,2,0,'<h3>실종견/임보견 신고&nbsp;</h3><p><br>&nbsp;</p><h3>신고자/보호자 정보</h3><p>이름 : 문석환</p><p>연락처 : 010-9264-2639</p><p>&nbsp;</p><h3>실종일시&nbsp;</h3><p>2023-02-06 15시<br>&nbsp;</p><h3>강아지 상세특징</h3><p>배에 까만 점이 여러개 있습니다</p><p>인식표착용&nbsp;</p><p>&nbsp;파란색 옷을 입고있습니다</p>',2,37.44,126.64,'2023-02-17','토비',1,'2023-02-17 07:27:22',0,'우리 토비 찾습니다..',7,6);
/*!40000 ALTER TABLE `missing_dog` ENABLE KEYS */;
UNLOCK TABLES;

--
-- Table structure for table `missing_dog_color`
--

DROP TABLE IF EXISTS `missing_dog_color`;
/*!40101 SET @saved_cs_client     = @@character_set_client */;
/*!50503 SET character_set_client = utf8mb4 */;
CREATE TABLE `missing_dog_color` (
  `missing_id` bigint NOT NULL,
  `color_id` bigint NOT NULL,
  UNIQUE KEY `UK_tqspsbidscga7dlyjxrdpqrds` (`color_id`),
  KEY `FKor9wykfnbyjb6mfxhhfblmavp` (`missing_id`),
  CONSTRAINT `FKor9wykfnbyjb6mfxhhfblmavp` FOREIGN KEY (`missing_id`) REFERENCES `missing_dog` (`missing_id`),
  CONSTRAINT `FKrw8jn4bana111fnnqnkanivhn` FOREIGN KEY (`color_id`) REFERENCES `dog_color` (`color_id`)
) ENGINE=InnoDB DEFAULT CHARSET=utf8mb4 COLLATE=utf8mb4_0900_ai_ci;
/*!40101 SET character_set_client = @saved_cs_client */;

--
-- Dumping data for table `missing_dog_color`
--

LOCK TABLES `missing_dog_color` WRITE;
/*!40000 ALTER TABLE `missing_dog_color` DISABLE KEYS */;
INSERT INTO `missing_dog_color` VALUES (94,1140),(94,1141),(94,1142),(95,1143),(95,1144),(95,1145),(96,1146),(96,1147),(96,1148),(97,1149),(97,1150),(97,1151),(98,1152),(98,1153),(98,1154),(99,1155),(99,1156),(99,1157),(100,1158),(100,1159),(100,1160),(101,1161),(101,1162),(101,1163),(102,1164),(102,1165),(102,1166),(103,1170),(103,1171),(103,1172),(104,1671),(104,1672),(104,1673);
/*!40000 ALTER TABLE `missing_dog_color` ENABLE KEYS */;
UNLOCK TABLES;

--
-- Table structure for table `missing_dog_image`
--

DROP TABLE IF EXISTS `missing_dog_image`;
/*!40101 SET @saved_cs_client     = @@character_set_client */;
/*!50503 SET character_set_client = utf8mb4 */;
CREATE TABLE `missing_dog_image` (
  `missing_id` bigint NOT NULL,
  `image_id` bigint NOT NULL,
  UNIQUE KEY `UK_1em058a3ewmh0wlpcfh08rsm1` (`image_id`),
  KEY `FK2ty12r4lx76k7tmwq7m9hr079` (`missing_id`),
  CONSTRAINT `FK2ty12r4lx76k7tmwq7m9hr079` FOREIGN KEY (`missing_id`) REFERENCES `missing_dog` (`missing_id`),
  CONSTRAINT `FKtf5fvo5i940w2kw8y085n2d1l` FOREIGN KEY (`image_id`) REFERENCES `image` (`image_id`)
) ENGINE=InnoDB DEFAULT CHARSET=utf8mb4 COLLATE=utf8mb4_0900_ai_ci;
/*!40101 SET character_set_client = @saved_cs_client */;

--
-- Dumping data for table `missing_dog_image`
--

LOCK TABLES `missing_dog_image` WRITE;
/*!40000 ALTER TABLE `missing_dog_image` DISABLE KEYS */;
INSERT INTO `missing_dog_image` VALUES (94,1901),(94,1902),(95,1917),(95,1918),(96,1919),(96,1920),(97,1921),(98,1922),(99,1923),(100,1924),(101,1925),(102,1926),(103,1928),(104,3006);
/*!40000 ALTER TABLE `missing_dog_image` ENABLE KEYS */;
UNLOCK TABLES;

--
-- Table structure for table `nested_comment`
--

DROP TABLE IF EXISTS `nested_comment`;
/*!40101 SET @saved_cs_client     = @@character_set_client */;
/*!50503 SET character_set_client = utf8mb4 */;
CREATE TABLE `nested_comment` (
  `nested_comment_id` bigint NOT NULL AUTO_INCREMENT,
  `comment_id` bigint DEFAULT NULL,
  `content` varchar(255) DEFAULT NULL,
  `nick_name` varchar(255) DEFAULT NULL,
  `reg_time` datetime(6) DEFAULT NULL,
  `user_id` bigint DEFAULT NULL,
  PRIMARY KEY (`nested_comment_id`),
  KEY `FKih12p9f558eidr7xujmvslyhb` (`comment_id`),
  KEY `FKglkasbg2go25shwtvjdt5onwu` (`user_id`),
  CONSTRAINT `FKglkasbg2go25shwtvjdt5onwu` FOREIGN KEY (`user_id`) REFERENCES `user` (`user_id`),
  CONSTRAINT `FKih12p9f558eidr7xujmvslyhb` FOREIGN KEY (`comment_id`) REFERENCES `comment` (`comment_id`)
) ENGINE=InnoDB AUTO_INCREMENT=191 DEFAULT CHARSET=utf8mb4 COLLATE=utf8mb4_0900_ai_ci;
/*!40101 SET character_set_client = @saved_cs_client */;

--
-- Dumping data for table `nested_comment`
--

LOCK TABLES `nested_comment` WRITE;
/*!40000 ALTER TABLE `nested_comment` DISABLE KEYS */;
/*!40000 ALTER TABLE `nested_comment` ENABLE KEYS */;
UNLOCK TABLES;

--
-- Table structure for table `owner`
--

DROP TABLE IF EXISTS `owner`;
/*!40101 SET @saved_cs_client     = @@character_set_client */;
/*!50503 SET character_set_client = utf8mb4 */;
CREATE TABLE `owner` (
  `owner_id` bigint NOT NULL AUTO_INCREMENT,
  `name` varchar(45) DEFAULT NULL,
  `phone_number` varchar(255) DEFAULT '전화번호를 입력해주세요.',
  `user_id` bigint DEFAULT NULL,
  PRIMARY KEY (`owner_id`),
  KEY `FKsi1e0ouv7mj9eg3ts4buj4wer` (`user_id`),
  CONSTRAINT `FKsi1e0ouv7mj9eg3ts4buj4wer` FOREIGN KEY (`user_id`) REFERENCES `user` (`user_id`)
) ENGINE=InnoDB AUTO_INCREMENT=217 DEFAULT CHARSET=utf8mb4 COLLATE=utf8mb4_0900_ai_ci;
/*!40101 SET character_set_client = @saved_cs_client */;

--
-- Dumping data for table `owner`
--

LOCK TABLES `owner` WRITE;
/*!40000 ALTER TABLE `owner` DISABLE KEYS */;
INSERT INTO `owner` VALUES (9,'경후니','전화번호를 입력해주세요.',2),(25,'이재혁','전화번호를 입력해주세요.',13),(26,'문석환','010-9281-4031',1),(27,'이재혁','전화번호를 입력해주세요.',14),(28,'이재혁/정보보호학과','전화번호를 입력해주세요.',415),(29,'user1','전화번호를 입력해주세요.',215),(30,'user2','전화번호를 입력해주세요.',216),(31,'user3','전화번호를 입력해주세요.',217),(32,'user4','전화번호를 입력해주세요.',218),(33,'user5','전화번호를 입력해주세요.',219),(34,'user6','전화번호를 입력해주세요.',220),(35,'user7','전화번호를 입력해주세요.',221),(36,'user8','전화번호를 입력해주세요.',222),(37,'user10','전화번호를 입력해주세요.',224),(38,'user11','전화번호를 입력해주세요.',225),(39,'user12','전화번호를 입력해주세요.',226),(40,'user13','전화번호를 입력해주세요.',227),(41,'user14','전화번호를 입력해주세요.',228),(42,'user15','전화번호를 입력해주세요.',229),(43,'user16','전화번호를 입력해주세요.',230),(44,'user17','전화번호를 입력해주세요.',231),(45,'user19','전화번호를 입력해주세요.',233),(46,'user21','전화번호를 입력해주세요.',235),(47,'user22','전화번호를 입력해주세요.',236),(48,'user23','전화번호를 입력해주세요.',237),(49,'user24','전화번호를 입력해주세요.',238),(50,'user25','전화번호를 입력해주세요.',239),(51,'user26','전화번호를 입력해주세요.',240),(52,'user27','전화번호를 입력해주세요.',241),(53,'user28','전화번호를 입력해주세요.',242),(54,'user29','전화번호를 입력해주세요.',243),(55,'user30','전화번호를 입력해주세요.',244),(56,'user31','전화번호를 입력해주세요.',245),(57,'user32','전화번호를 입력해주세요.',246),(58,'user33','전화번호를 입력해주세요.',247),(59,'user34','전화번호를 입력해주세요.',248),(60,'user35','전화번호를 입력해주세요.',249),(61,'user36','전화번호를 입력해주세요.',250),(62,'user37','전화번호를 입력해주세요.',251),(63,'user38','전화번호를 입력해주세요.',252),(64,'user39','전화번호를 입력해주세요.',253),(65,'user40','전화번호를 입력해주세요.',254),(66,'user41','전화번호를 입력해주세요.',255),(67,'user42','전화번호를 입력해주세요.',256),(68,'user44','전화번호를 입력해주세요.',258),(69,'user45','전화번호를 입력해주세요.',259),(70,'user46','전화번호를 입력해주세요.',260),(83,'user47','전화번호를 입력해주세요.',261),(84,'user48','전화번호를 입력해주세요.',262),(85,'user50','전화번호를 입력해주세요.',264),(86,'user51','전화번호를 입력해주세요.',265),(87,'user52','전화번호를 입력해주세요.',266),(88,'user53','전화번호를 입력해주세요.',267),(89,'user54','전화번호를 입력해주세요.',268),(90,'user55','전화번호를 입력해주세요.',269),(91,'user56','전화번호를 입력해주세요.',270),(92,'user57','전화번호를 입력해주세요.',271),(93,'user58','전화번호를 입력해주세요.',272),(94,'user59','전화번호를 입력해주세요.',273),(95,'user60','전화번호를 입력해주세요.',274),(96,'user61','전화번호를 입력해주세요.',275),(97,'user62','전화번호를 입력해주세요.',276),(98,'user63','전화번호를 입력해주세요.',277),(99,'user64','전화번호를 입력해주세요.',278),(100,'user65','전화번호를 입력해주세요.',279),(101,'user66','전화번호를 입력해주세요.',280),(102,'user67','전화번호를 입력해주세요.',281),(103,'user69','전화번호를 입력해주세요.',283),(104,'user70','전화번호를 입력해주세요.',284),(105,'user71','전화번호를 입력해주세요.',285),(106,'user72','전화번호를 입력해주세요.',286),(107,'user73','전화번호를 입력해주세요.',287),(108,'user74','전화번호를 입력해주세요.',288),(109,'user75','전화번호를 입력해주세요.',289),(110,'user76','전화번호를 입력해주세요.',290),(111,'user77','전화번호를 입력해주세요.',291),(112,'user78','전화번호를 입력해주세요.',292),(113,'user79','전화번호를 입력해주세요.',293),(114,'user80','전화번호를 입력해주세요.',294),(115,'user81','전화번호를 입력해주세요.',295),(116,'user82','전화번호를 입력해주세요.',296),(117,'user83','전화번호를 입력해주세요.',297),(118,'user84','전화번호를 입력해주세요.',298),(119,'user85','전화번호를 입력해주세요.',299),(120,'user86','전화번호를 입력해주세요.',300),(121,'user87','전화번호를 입력해주세요.',301),(122,'user88','전화번호를 입력해주세요.',302),(123,'user89','전화번호를 입력해주세요.',303),(124,'user90','전화번호를 입력해주세요.',304),(125,'user91','전화번호를 입력해주세요.',305),(126,'user92','전화번호를 입력해주세요.',306),(127,'user93','전화번호를 입력해주세요.',307),(128,'user94','전화번호를 입력해주세요.',308),(129,'user95','전화번호를 입력해주세요.',309),(130,'user96','전화번호를 입력해주세요.',310),(131,'user97','전화번호를 입력해주세요.',311),(132,'user98','전화번호를 입력해주세요.',312),(133,'user99','전화번호를 입력해주세요.',313),(134,'user100','전화번호를 입력해주세요.',314),(135,'user101','전화번호를 입력해주세요.',315),(136,'user102','전화번호를 입력해주세요.',316),(137,'user103','전화번호를 입력해주세요.',317),(138,'user104','전화번호를 입력해주세요.',318),(139,'user105','전화번호를 입력해주세요.',319),(140,'user106','전화번호를 입력해주세요.',320),(141,'user107','전화번호를 입력해주세요.',321),(142,'user108','전화번호를 입력해주세요.',322),(143,'user109','전화번호를 입력해주세요.',323),(144,'user110','전화번호를 입력해주세요.',324),(145,'user111','전화번호를 입력해주세요.',325),(146,'user112','전화번호를 입력해주세요.',326),(147,'user113','전화번호를 입력해주세요.',327),(148,'user114','전화번호를 입력해주세요.',328),(149,'user115','전화번호를 입력해주세요.',329),(150,'user116','전화번호를 입력해주세요.',330),(151,'user117','전화번호를 입력해주세요.',331),(152,'user118','전화번호를 입력해주세요.',332),(153,'user119','전화번호를 입력해주세요.',333),(154,'user120','전화번호를 입력해주세요.',334),(155,'user121','전화번호를 입력해주세요.',335),(156,'user122','전화번호를 입력해주세요.',336),(157,'user123','전화번호를 입력해주세요.',337),(158,'user124','전화번호를 입력해주세요.',338),(159,'user125','전화번호를 입력해주세요.',339),(160,'user126','전화번호를 입력해주세요.',340),(161,'user127','전화번호를 입력해주세요.',341),(162,'user128','전화번호를 입력해주세요.',342),(163,'user129','전화번호를 입력해주세요.',343),(164,'user130','전화번호를 입력해주세요.',344),(165,'user131','전화번호를 입력해주세요.',345),(166,'user132','전화번호를 입력해주세요.',346),(167,'user133','전화번호를 입력해주세요.',347),(168,'user134','전화번호를 입력해주세요.',348),(169,'user135','전화번호를 입력해주세요.',349),(170,'user136','전화번호를 입력해주세요.',350),(171,'user137','전화번호를 입력해주세요.',351),(172,'user138','전화번호를 입력해주세요.',352),(173,'user139','전화번호를 입력해주세요.',353),(174,'user140','전화번호를 입력해주세요.',354),(175,'user141','전화번호를 입력해주세요.',355),(176,'user142','전화번호를 입력해주세요.',356),(177,'user143','전화번호를 입력해주세요.',357),(178,'user144','전화번호를 입력해주세요.',358),(179,'user145','전화번호를 입력해주세요.',359),(180,'user146','전화번호를 입력해주세요.',360),(181,'user147','전화번호를 입력해주세요.',361),(182,'user148','전화번호를 입력해주세요.',362),(183,'user149','전화번호를 입력해주세요.',363),(184,'user150','전화번호를 입력해주세요.',364),(185,'user151','전화번호를 입력해주세요.',365),(186,'user152','전화번호를 입력해주세요.',366),(187,'user153','전화번호를 입력해주세요.',367),(188,'user154','전화번호를 입력해주세요.',368),(189,'user155','전화번호를 입력해주세요.',369),(190,'user156','전화번호를 입력해주세요.',370),(191,'user157','전화번호를 입력해주세요.',371),(192,'user158','전화번호를 입력해주세요.',372),(193,'user159','전화번호를 입력해주세요.',373),(194,'user160','전화번호를 입력해주세요.',374),(195,'문석환','전화번호를 입력해주세요.',6),(196,'김정윤','010-1234-5678',3),(197,'박동준','010-0000-0000',11),(198,'김유민','01056667896',416),(199,'user161','전화번호를 입력해주세요.',375),(200,'user162','전화번호를 입력해주세요.',376),(201,'user163','전화번호를 입력해주세요.',377),(202,'user164','전화번호를 입력해주세요.',378),(203,'user165','전화번호를 입력해주세요.',379),(204,'user166','전화번호를 입력해주세요.',380),(205,'user167','전화번호를 입력해주세요.',381),(206,'user168','전화번호를 입력해주세요.',382),(207,'user169','전화번호를 입력해주세요.',383),(208,'user170','전화번호를 입력해주세요.',384),(209,'user171','전화번호를 입력해주세요.',385),(210,'user173','전화번호를 입력해주세요.',387),(211,'user174','전화번호를 입력해주세요.',388),(212,'user175','전화번호를 입력해주세요.',389),(213,'user176','전화번호를 입력해주세요.',390),(214,'user177','전화번호를 입력해주세요.',391),(215,'user178','전화번호를 입력해주세요.',392),(216,'user179','전화번호를 입력해주세요.',393);
/*!40000 ALTER TABLE `owner` ENABLE KEYS */;
UNLOCK TABLES;

--
-- Table structure for table `personal_dog_color`
--

DROP TABLE IF EXISTS `personal_dog_color`;
/*!40101 SET @saved_cs_client     = @@character_set_client */;
/*!50503 SET character_set_client = utf8mb4 */;
CREATE TABLE `personal_dog_color` (
  `pp_dog_id` bigint NOT NULL,
  `color_id` bigint NOT NULL,
  UNIQUE KEY `UK_q7taxk522md8u5e66ox3s01oa` (`color_id`),
  KEY `FKkbvqtvkbfv0ecmv9dhf8c0ku1` (`pp_dog_id`),
  CONSTRAINT `FK2w5q7uguftign9r18v6p83ftu` FOREIGN KEY (`color_id`) REFERENCES `dog_color` (`color_id`),
  CONSTRAINT `FKkbvqtvkbfv0ecmv9dhf8c0ku1` FOREIGN KEY (`pp_dog_id`) REFERENCES `personal_protected_dog` (`pp_dog_id`)
) ENGINE=InnoDB DEFAULT CHARSET=utf8mb4 COLLATE=utf8mb4_0900_ai_ci;
/*!40101 SET character_set_client = @saved_cs_client */;

--
-- Dumping data for table `personal_dog_color`
--

LOCK TABLES `personal_dog_color` WRITE;
/*!40000 ALTER TABLE `personal_dog_color` DISABLE KEYS */;
INSERT INTO `personal_dog_color` VALUES (16,1167),(16,1168),(16,1169);
/*!40000 ALTER TABLE `personal_dog_color` ENABLE KEYS */;
UNLOCK TABLES;

--
-- Table structure for table `personal_dog_image`
--

DROP TABLE IF EXISTS `personal_dog_image`;
/*!40101 SET @saved_cs_client     = @@character_set_client */;
/*!50503 SET character_set_client = utf8mb4 */;
CREATE TABLE `personal_dog_image` (
  `pp_dog_id` bigint NOT NULL,
  `image_id` bigint NOT NULL,
  UNIQUE KEY `UK_7mvultdx63dphrc0dcxjgrjbq` (`image_id`),
  KEY `FKowrtvp0boivibnnax44aip0i7` (`pp_dog_id`),
  CONSTRAINT `FK38qlafg1gfp39nkudkc6c9u92` FOREIGN KEY (`image_id`) REFERENCES `image` (`image_id`),
  CONSTRAINT `FKowrtvp0boivibnnax44aip0i7` FOREIGN KEY (`pp_dog_id`) REFERENCES `personal_protected_dog` (`pp_dog_id`)
) ENGINE=InnoDB DEFAULT CHARSET=utf8mb4 COLLATE=utf8mb4_0900_ai_ci;
/*!40101 SET character_set_client = @saved_cs_client */;

--
-- Dumping data for table `personal_dog_image`
--

LOCK TABLES `personal_dog_image` WRITE;
/*!40000 ALTER TABLE `personal_dog_image` DISABLE KEYS */;
INSERT INTO `personal_dog_image` VALUES (16,1927);
/*!40000 ALTER TABLE `personal_dog_image` ENABLE KEYS */;
UNLOCK TABLES;

--
-- Table structure for table `personal_protected_dog`
--

DROP TABLE IF EXISTS `personal_protected_dog`;
/*!40101 SET @saved_cs_client     = @@character_set_client */;
/*!50503 SET character_set_client = utf8mb4 */;
CREATE TABLE `personal_protected_dog` (
  `pp_dog_id` bigint NOT NULL AUTO_INCREMENT,
  `age` int DEFAULT NULL,
  `breed_id` bigint DEFAULT NULL,
  `category_cloth` int DEFAULT NULL,
  `category_cloth_color` int DEFAULT NULL,
  `category_color` int DEFAULT NULL,
  `category_ear` int DEFAULT NULL,
  `category_pattern` int DEFAULT NULL,
  `category_tail` int DEFAULT NULL,
  `feature` varchar(4000) DEFAULT NULL,
  `gender` int DEFAULT NULL,
  `gugun_code` varchar(255) DEFAULT NULL,
  `latitude` decimal(19,2) DEFAULT NULL,
  `longitude` decimal(19,2) DEFAULT NULL,
  `find_date` date DEFAULT NULL,
  `name` varchar(255) DEFAULT NULL,
  `neutered` int DEFAULT NULL,
  `regist_date` datetime DEFAULT NULL,
  `sido_code` varchar(255) DEFAULT NULL,
  `state_code` int DEFAULT NULL,
  `title` varchar(255) DEFAULT NULL,
  `user_id` bigint DEFAULT NULL,
  `weight` double DEFAULT NULL,
  PRIMARY KEY (`pp_dog_id`),
  KEY `FKsl821f6wujs8d9brranpd0be9` (`breed_id`),
  KEY `FK4r39tyapcauic2aprkrd9hov8` (`user_id`),
  CONSTRAINT `FK4r39tyapcauic2aprkrd9hov8` FOREIGN KEY (`user_id`) REFERENCES `user` (`user_id`),
  CONSTRAINT `FKsl821f6wujs8d9brranpd0be9` FOREIGN KEY (`breed_id`) REFERENCES `breed` (`breed_id`)
) ENGINE=InnoDB AUTO_INCREMENT=17 DEFAULT CHARSET=utf8mb4 COLLATE=utf8mb4_0900_ai_ci;
/*!40101 SET character_set_client = @saved_cs_client */;

--
-- Dumping data for table `personal_protected_dog`
--

LOCK TABLES `personal_protected_dog` WRITE;
/*!40000 ALTER TABLE `personal_protected_dog` DISABLE KEYS */;
INSERT INTO `personal_protected_dog` VALUES (16,2,10,1,NULL,128,0,2,1,'<h3>실종견/임보견 신고 템플릿 예시</h3><p><br>&nbsp;</p><h3>신고자/보호자 정보</h3><p>이름 : 이재혁</p><p>연락처 : 010-6815-0415</p><p><br>&nbsp;</p><h3>강아지 상세특징</h3><p>성대수술이 되어있습니다.</p>',2,NULL,35.10,128.90,NULL,'요테',3,'2023-02-17 00:00:38',NULL,1,'[부산 명지] 요크셔 테리어 임보중이에요',13,2);
/*!40000 ALTER TABLE `personal_protected_dog` ENABLE KEYS */;
UNLOCK TABLES;

--
-- Table structure for table `personal_protected_dog_image`
--

DROP TABLE IF EXISTS `personal_protected_dog_image`;
/*!40101 SET @saved_cs_client     = @@character_set_client */;
/*!50503 SET character_set_client = utf8mb4 */;
CREATE TABLE `personal_protected_dog_image` (
  `image_id` int NOT NULL,
  `pp_dog_id` int NOT NULL
) ENGINE=InnoDB DEFAULT CHARSET=utf8mb4 COLLATE=utf8mb4_0900_ai_ci;
/*!40101 SET character_set_client = @saved_cs_client */;

--
-- Dumping data for table `personal_protected_dog_image`
--

LOCK TABLES `personal_protected_dog_image` WRITE;
/*!40000 ALTER TABLE `personal_protected_dog_image` DISABLE KEYS */;
/*!40000 ALTER TABLE `personal_protected_dog_image` ENABLE KEYS */;
UNLOCK TABLES;

--
-- Table structure for table `recommend`
--

DROP TABLE IF EXISTS `recommend`;
/*!40101 SET @saved_cs_client     = @@character_set_client */;
/*!50503 SET character_set_client = utf8mb4 */;
CREATE TABLE `recommend` (
  `recommend_id` bigint NOT NULL AUTO_INCREMENT,
  `dog_id` bigint DEFAULT NULL,
  `dog_type` int DEFAULT NULL,
  `user_id` bigint DEFAULT NULL,
  PRIMARY KEY (`recommend_id`),
  KEY `FKdtris2o3j7avu24cng8m2gs6i` (`user_id`),
  CONSTRAINT `FKdtris2o3j7avu24cng8m2gs6i` FOREIGN KEY (`user_id`) REFERENCES `user` (`user_id`)
) ENGINE=InnoDB DEFAULT CHARSET=utf8mb4 COLLATE=utf8mb4_0900_ai_ci;
/*!40101 SET character_set_client = @saved_cs_client */;

--
-- Dumping data for table `recommend`
--

LOCK TABLES `recommend` WRITE;
/*!40000 ALTER TABLE `recommend` DISABLE KEYS */;
/*!40000 ALTER TABLE `recommend` ENABLE KEYS */;
UNLOCK TABLES;

--
-- Table structure for table `shelter`
--

DROP TABLE IF EXISTS `shelter`;
/*!40101 SET @saved_cs_client     = @@character_set_client */;
/*!50503 SET character_set_client = utf8mb4 */;
CREATE TABLE `shelter` (
  `shelter_id` bigint NOT NULL AUTO_INCREMENT,
  `address` varchar(255) DEFAULT NULL,
  `gugun_code` varchar(255) DEFAULT NULL,
  `latitude` decimal(16,14) DEFAULT NULL,
  `longitude` decimal(17,14) DEFAULT NULL,
  `name` varchar(255) DEFAULT NULL,
  `phone_num` varchar(255) DEFAULT NULL,
  `reg_number` varchar(255) DEFAULT NULL,
  `sido_code` varchar(255) DEFAULT NULL,
  `info` varchar(4000) DEFAULT NULL,
  `owner_id` bigint DEFAULT NULL,
  `auth_code` varchar(255) DEFAULT NULL,
  PRIMARY KEY (`shelter_id`),
  KEY `FKlk9inf5yhl9m8iuw6ag3qwo3` (`owner_id`),
  CONSTRAINT `FKlk9inf5yhl9m8iuw6ag3qwo3` FOREIGN KEY (`owner_id`) REFERENCES `owner` (`owner_id`)
) ENGINE=InnoDB AUTO_INCREMENT=496 DEFAULT CHARSET=utf8mb4 COLLATE=utf8mb4_0900_ai_ci;
/*!40101 SET character_set_client = @saved_cs_client */;

--
-- Dumping data for table `shelter`
--

LOCK TABLES `shelter` WRITE;
/*!40000 ALTER TABLE `shelter` DISABLE KEYS */;
INSERT INTO `shelter` VALUES (316,'부산광역시 강서구 제도로 726(강동동)','26440',35.17749800000000,128.91702000000000,'(사)하얀비둘기','051-293-9779','1','26','하얀비둘기 입니다.',29,'$2a$10$bY7/hBGd9AnWm0x72hj0qeBmqVfUuALXwOt/EXW9AgXz7o2QAWEai'),(317,'서울특별시 용산구 보광동 259-1 ','11170',22.22000000000000,22.22000000000000,'21세기동물병원','02-749-6750','2','11','21세기동물 병원입니다.',30,'$2a$10$qgjGTjhR3nEwnPXhwjJskuN96gNc2DC9pMX8up03J2nYCFJZwTBN2'),(318,'전라북도 전주시 덕진구 송천동 1가 626-42','45111',35.86490600000000,127.11561000000000,'21세기동물병원','063-251-1015','3','45','21세기동물병원 입니다.',31,'$2a$10$0sIaBaQZy6M1Er.2W9rid.LALkzruuG8bv6E5agqFYtzYIfEpHVKm'),(319,'경기도 부천시 원종동 229-8 뉴월드프라자 201호','41190',37.52580600000000,126.80456500000000,'24시아이동물메디컬','032-677-5262','4','41','24시아이동물 메디컬입니다.',32,'$2a$10$cwFF9D3w575NKXMuUreuvud2UsCWZS1xkjn4/mHAVcUL0AJV6KQfe'),(320,'서울특별시 마포구 만리재로 74 (신공덕동, 신공덕2차삼성래미안) 삼성 래미안상가 117호','11440',37.54686000000000,126.95838000000000,'C.T종합동물병원','02-6375-0075','5','11','C.T종합동물병원 입니다.',33,'$2a$10$.cATDiM1K3og/OZGI5euOewDGrJ9N0G3MTx0qkVLY5XtxegaGZhu2'),(321,'서울특별시 강동구 상일로 13 (상일동) 1~2층 GD동물병원','11740',37.54822000000000,127.17312000000000,'GD동물병원','02-429-8822','6','11','GD동물병원 입니다.',34,'$2a$10$iz5Zyvsb7ZXVFpiU8r0UPeUQZ8tPs5K4m9Xu9BdoxQ84laTe2Xvuy'),(322,'경기도 부천시 소향로 246 (중동, 새롬프라자6차)','41190',37.50036200000000,126.77513000000000,'cj동물병원','032-323-4999','7','41','cj동물병원 입니다.',35,'$2a$10$.mlU2MZQQ5743JyYemy92.jn8qjbKyEmmy3kyislVol/6xIb4BOJq'),(323,'경기도 부천시 경인로 72 (송내동)','41190',37.48353200000000,126.76317600000000,'가나동물병원','032-665-0075','8','41','가나동물병원 입니다.',36,'$2a$10$omJIXFxscUiGKsSmeGTVUO5w/g7rspkGuqUFA9ZYV.vmaaXnfgGUa'),(324,'인천광역시 서구 가정로 346 (가정동)','28260',37.51566700000000,126.67302000000000,'가정동물보호센터','032-575-0833','9','28','가정동물병원 입니다.123',26,'$2a$10$dlwysV1iWM7FyNhFvyUNAuh9RxuDd8fJd2ia/qhR7v8uL13NiCqsi'),(325,'경기도 가평군 가평읍 아랫마장길 59 (가평읍, 농업기술센터) 가평 유기동물 보호소','41820',37.84572000000000,127.49934000000000,'가평군유기동물보호소','031-580-4788','10','41','가평군유기동물보호소 입니다.',37,'$2a$10$oB8IR7kgDZHIgwFjDSlVMeGUY0w7bqjYmh9wb7S/M6Dahsf0V6pIu'),(326,'울산광역시 남구 돋질로 232 (달동) 1층','31140',35.54260300000000,129.33047000000000,'강남동물병원','052-271-0075','11','31','강남동물병원 입니다.',38,'$2a$10$EnsgiOgbI72q7g.oD.tmju0Bxde/OL6YG2Yi5RrhJrJDqGeW13vym'),(327,'서울특별시 강동구 성내로 25 (성내동, 강동구청) 강동구청','11740',22.22000000000000,22.22000000000000,'강동구청 반려동물팀','02-3425-6015','12','11','강동구청 반려동물팀 입니다.',39,'$2a$10$uCUM2UwTcfhIuoPxeiZHSu6y35jDIoSBIMe.DnsuUu4lh1QIV.V0C'),(328,'서울특별시 강동구 양재대로81길 73 (성내동)','11740',37.52379600000000,127.13026000000000,'강동리본센터(reborn)','070-4163-7350','13','11','강동리본센터(reborn) 입니다.',40,'$2a$10$eATR0sKJEekNlMuaCs/Z3eFM3s1OTfM2fgxOuP/6OZVSuq7JvfVjK'),(329,'강원도 강릉시 성산면 내맬길 172','42150',37.69878800000000,128.82927000000000,'강릉시 동물사랑센터','033-641-7515','14','42','강릉시 동물사랑센터 입니다.',41,'$2a$10$LTl8Ugi00fpc22.ADU/k.OfkQbCRm9auFVTeW2q5h3DTcvkPYvc3i'),(330,'전라남도 강진군 강진읍 초지길 109-62 (강진읍, 강진군상하수도사업소)','46810',34.62481300000000,126.77740000000000,'강진군 유기견 보호소','061-430-3615','15','46','강진군 유기견 보호소 입니다.',42,'$2a$10$6q/Ml5vZzrI/C6DkJSziz.aTIUgVpWen18w1lNhhcj377P55.KiRm'),(331,'서울특별시 양천구 등촌로 160 (목동) 1층','11620',37.54403300000000,126.86242000000000,'강현림동물병원','02-2642-9159','16','11','강현림동물병원 입니다.',43,'$2a$10$mgxAl7j4WJmG9vT8qVFUS.0pK5u1nJZ/NC/MNjZMtWdSU/n8NeW2a'),(332,'경상남도 거제시 사등면 두동로1길 109 (사등면, 한국자원재생공사폐비닐적재장) 거제시유기동물보호소','48310',34.88376600000000,128.57367000000000,'거제시유기동물보호소','055-639-6368','17','48','거제시유기동물보호소 입니다.',44,'$2a$10$5XhngDEkuPRGCjzaqkSMkOGi87Wxy.6TPE4JOiUlLRAzpth6st.Cu'),(333,'인천광역시 중구 개항로 68 (경동) 경동동물병원','28110',37.47208000000000,126.62985000000000,'경동동물병원','032-765-9988','18','28','경동동물병원 입니다.',25,'$2a$10$AeJX5zi8mypqMeZ0G366nuLv4NQaHFerAVIf7.OM/.uqG72b5/dE.'),(334,'경상북도 경산시 용성면 사양지길 95 (용성면)','47290',35.77839700000000,128.88507000000000,'경산시유기동물보호소',NULL,'19','47','경산시유기동물보호소 입니다.',45,'$2a$10$HBV8IppHf8j7E6X4Cc2G4eT8elAANtcircbNSkKoczZMKsOPmcX5O'),(335,'경상북도 경주시 천북면 천북로 8-4  경주시 동물사랑보호센터','47130',35.86081700000000,129.21965000000000,'경주동물사랑보호센터',NULL,'20','47','경주동물사랑보호센터 입니다.',9,'$2a$10$4J82oCtsC2zuOxGc8K4d6eYn7gB9H.aP2OoqSM6p9.Qd78pmv3ESK'),(336,'충청남도 계룡시 엄사면 천마로 12','44250',36.28059800000000,127.24110400000000,'계룡시유기동물보호소',NULL,'21','44','계룡시유기동물보호소 입니다.',46,'$2a$10$phnPwER4cVhjB8h5d0A91e53XTMOYpDie/s7bWtzb6OsF26s.I2DS'),(337,'경기도 파주시 새꽃로 62 (금촌동)','41480',37.75546000000000,126.76896000000000,'고려동물병원',NULL,'22','41','고려동물병원 입니다.',47,'$2a$10$dyiwDHIGZEbRDIPAk/8Y8uF2P4iDTehANzNfi45SM3UrCl4pw1PFW'),(338,'경상남도 고성군 고성읍 남해안대로 2829-60  고성군농업기술센터 동물보호센터','42820',34.99682200000000,128.32538000000000,'고성군유기동물보호소',NULL,'23','42','고성군유기동물보호소 입니다.',48,'$2a$10$jA.TP9ujeCUhN4ApkQ5EeOC4oBXsH/yUPqgzuixYES3FspAM7.T2W'),(339,'경기도 고양시 덕양구 고양대로 1695 (원흥동, 고양시 농업기술센터) 고양시동물보호센터','41281',37.64978000000000,126.87009000000000,'고양시동물보호센터','031-962-3232','24','41','고양시동물보호센터 입니다.',49,'$2a$10$9YD6A3BZ4b8.W8l7gHZrDOL1eJTiPpCyYKmsCNL6geEhqbhtkYMde'),(340,'전라남도 고흥군 포두면 우주로 607 (포두면, 소매점)','46770',34.57054500000000,127.34101000000000,'고흥군임시보호센터',NULL,'25','46','고흥군임시보호센터 입니다.',50,'$2a$10$2dMVGgYQLmA/Srs6MvPKfO2PqBWB/1K6L86iKC9VFbWdiLcKNcny6'),(341,'충청남도 공주시 우성면 내산목천길 52-15','44150',36.49287000000000,127.10007500000000,'공주시 동물보호소','041-840-3495','26','44','공주시 동물보호소 입니다.',51,'$2a$10$pNvDHZ27aKw5GZh/.kKQbu7cgKAYF4D2DRC2ZR51LmH2J5YgRbCtK'),(342,'경기도 광명시 오리로854번길 10 (철산동) 지하1층','41210',37.47437000000000,126.86847000000000,'광명반함센터','02-2680-5001','27','41','광명반함센터 입니다.',52,'$2a$10$IaY8Iq2yrQcJygNSeCNRMuoM3crz6LgUCoq7f/vTgS3UrvMXBxWT2'),(343,'전라남도 광양시 봉강면 인덕로 1169-20 (봉강면) 지곡리 864-24','46230',34.98887000000000,127.57786000000000,'광양시 임시보호소','061-797-3386','28','46','광양시 임시보호소 입니다.',53,'$2a$10$4EzQC5eVjug5uVVrk7scgeweMElbL4is1D4TX/wdM77pmaN.pFsnm'),(344,'광주광역시 북구 본촌마을길 27 (본촌동) 광주광역시 동물보호소','29170',35.22293500000000,126.88164500000000,'광주 동물보호소','062-571-2808','29','29','광주 동물보호소 입니다.',54,'$2a$10$BhaTVBZyM.cb0segulc43uYV9hUiW.Fv2pjsTZmCrVCcBmfq2IpFS'),(345,'경기도 광주시 경안천로 142 (송정동) 광주TNR동물병원','41610',37.41746500000000,127.27530000000000,'광주TNR동물병원송정','031-798-7583','30','41','광주TNR동물병원송정 입니다.',55,'$2a$10$xU/lVtL74VnS9bmEVpO5Z.GQkNHehAAQT354oa2WqiHUpjLKE4D2q'),(346,'경기도 광주시 초월읍 현산로385번길 74-12 (초월읍)','41610',37.41592800000000,127.27578000000000,'광주TNR동물병원초월','031-798-7583','31','41','광주TNR동물병원초월 입니다.',56,'$2a$10$5VcsRNgNVXYWsW2zijng.emQLHACoU5DUODD4rt2Dh8VQKatShDAC'),(347,'충청북도 증평군 도안면 입장길 239 (도안면)','43745',36.84696600000000,127.60824000000000,'괴산증평동물보호센터',NULL,'32','43','괴산증평동물보호센터 입니다.',57,'$2a$10$ZjhmhHS2mCTCn6Nhq/H8W.22Y9GDDWpz0RQ0YQhNI5PFj2zWU8a7i'),(348,'전라남도 구례군 용방면 용방로 64-11','46730',35.22241600000000,127.45878000000000,'구례군동물보호센터','061-781-2022','33','46','구례군동물보호센터 입니다.',58,'$2a$10$5l1.MEkLo4p/NQdh99GWI.K9n2Q2/DNyd1202XmatGXVrnRl.aVRS'),(349,'경상북도 구미시 해평면 낙동대로 2206','47190',36.20341500000000,128.37050000000000,'구미시 동물보호센터','054-471-5718','34','47','구미시 동물보호센터 입니다.',59,'$2a$10$7Bm9LIEdwrozxLGt.8FkSudrlvuvMAizuR6jDzWuUMjSN/MY.tWCu'),(350,'전라북도 군산시 대야면 보덕안정길 108-20','45130',35.96081500000000,126.81631000000000,'군산유기동물보호센터','063-451-2975','35','45','군산유기동물보호센터 입니다.',60,'$2a$10$lqyFykfO2qTAF/HECIEfF./0Jk28b171mSbw1ekwxYT07XqKbeEKi'),(351,'경상북도 김천시 조마로 2128 (양천동)','47150',36.08404000000000,128.11888000000000,'김천시 동물보호센터',NULL,'36','47','김천시 동물보호센터 입니다.',61,'$2a$10$6J/fIvm5wmPgO5WbW6MO6uGPJrNobN1XYxvP.OcQGdnUxLgUJb6vC'),(352,'전라남도 나주시 산포면 내기3길 71-43 [*미고시]','46170',35.04829400000000,126.78147000000000,'나주유기동물보호센터',NULL,'37','46','나주유기동물보호센터 입니다.',62,'$2a$10$rPbZv58iA2yEBX8FZFqXqeH7V0sQwQTgYShYwlIS0z6t3ozlMMdV2'),(353,'서울특별시 용산구 후암동 244-60','11170',22.22000000000000,22.22000000000000,'남산동물병원','02-778-7582','38','11','남산동물병원 입니다.',63,'$2a$10$9KZOOUFrUG9crYPs.uqTHOxlAzA.PSu6S8GPt6WggWF0HXBLBLcdy'),(354,'경기도 남양주시 경강로163번길 32-27 (이패동)','41360',37.60890600000000,127.19180000000000,'남양주시동물보호센터','031-590-2785','39','41','남양주시동물보호센터 입니다.',64,'$2a$10$eCXkmq2wdRuHvZK3OzD3leTY4DFK7GDiuUEFpsQU9Pql12HBnMjke'),(355,'서울특별시 노원구 수락산로 258 (상계동, 호성빌딩) 1층','11350',37.67135200000000,127.04996500000000,'노원반려동물문화센터','02-933-8500','40','11','노원반려동물문화센터 입니다.',65,'$2a$10$AT56/VYu0oPO/3AqARzLYelb1B8BCRxpWY.Wp53XjW0CkF1w0TTpK'),(356,'충청남도 논산시 계백로665번길 100 (등화동) 논산시 동물보호센터 더함','44230',36.18433800000000,127.05796000000000,'논산시 동물보호센터','041-746-8470','41','44','논산시 동물보호센터 입니다.',66,'$2a$10$vSGVDIcI1XXxzdNGnCHVl.6MZ8Xjh/t2dvupvLah6fBPdDO4IAnzS'),(357,'부산광역시 해운대구 송정2로13번길 46 (송정동)','26350',35.19481000000000,129.20631000000000,'누리동물병원','051-701-7599','42','26','누리동물병원 입니다.',67,'$2a$10$HypFNYtnVvcv.CNLULBReumKU55DcdK9yESVDkoq1/ujyvXdSU1iy'),(358,'인천광역시 부평구 후정동로 60 (삼산동)','28237',37.52271000000000,126.73839000000000,'늘푸른동물병원','032-507-0075','43','28','늘푸른동물병원 입니다.',27,'$2a$10$fU8XfC1r2Y5D8WkxEISw0OJ5w4IKTiMWd1QszmypydDFacrgAaXYi'),(359,'충청북도 단양군 매포읍 우덕리 910번지','43800',37.01714000000000,128.30128000000000,'단양군유기동물보호소','043-420-2746','44','43','단양군유기동물보호소 입니다.',68,'$2a$10$Smco77Oyg9wO/ZeyWgM4Ie8hWVV.dMvOT0L/motE8BgFUS55apHD6'),(360,'전라남도 담양군 용면 시암골로 280-57 (용면) :용면 두장리 21번지','46710',35.35859700000000,127.00197000000000,'담양군 동물보호센터',NULL,'45','46','담양군 동물보호센터 입니다.',69,'$2a$10$QmsvGF.GRlY5358QgBKzwO.J4403Y7JjHBQe7TrdVJcq9ilMJrznS'),(361,'대구광역시 동구 금강로 151-13 (금강동)','27230',35.86387600000000,128.73596000000000,'대구유기동물보호협회','053-964-6258','46','27','대구유기동물보호협회 입니다.',70,'$2a$10$U77iSxQ1Z.bLWsDxqTYeZ.OpDF5sOYgBjSqdnwDH5hh9L6d4eNsq6'),(362,'대전광역시 유성구 금남구즉로 1234 (금고동) 대전광역시 동물보호센터','30200',36.36299000000000,127.28685000000000,'대전동물보호센터','042-825-1118','47','30','대전동물보호센터 입니다.',83,'$2a$10$0bIpqxRYwwgCBmYBOqs7run3.b9eXX1X2RpY/PURWmZQM2VUpg6QW'),(363,'전라남도 순천시 상사면 민속마을길 978 (상사면)','46150',34.92693300000000,127.40993000000000,'대한동물사랑협회','061-755-7547','48','46','대한동물사랑협회 입니다.',84,'$2a$10$Mv54HSvpnVuNCZnQr.8yu.Jj.L6jydP9rxhwcUam0lG0JH/DFEOgS'),(365,'전라북도 전주시 완산구 경원동1가 3-10','45111',35.81706000000000,127.14807000000000,'동부동물병원','063-231-2455','50','45','동부동물병원 입니다.',85,'$2a$10$5iNiYIM1i3gytbxanRghUOMNrj1PIVLQwTecdRRBS0DTHFzcvroBa'),(366,'강원도 동해시 대동로 159-13 (송정동, 동해시유기동물보호소)','42170',37.48499700000000,129.11906000000000,'동해시유기동물보호소','033-522-2990','51','42','동해시유기동물보호소 입니다.',86,'$2a$10$vOEDnLbrohdZ.O2Szfjolep/IHWUeYf8Rhuq8y25yiAAZN.PjKjcW'),(367,'대구광역시 달서구 진천로 117 (대천동) 117,118 호','27290',22.22000000000000,22.22000000000000,'동행동물병원',NULL,'52','27','동행동물병원 입니다.',87,'$2a$10$QjPB9ka/dkS/6r6I8Z88auCC3oUHV/.LtUwSRujfpaOLnq8iC/i9i'),(368,'서울특별시 강동구 양재대로 1385 (성내동) 둔촌동물병원','11740',37.52982000000000,127.13659000000000,'둔촌동물병원','02-474-5100','53','11','둔촌동물병원 입니다.',88,'$2a$10$BOcMUMT8SoO1hbVfvWqwXu0ycTvR/1gpn2GOZIEbaCZu5XcXbb8eS'),(369,'서울특별시 동작구 장승배기로27길 18 (노량진동)','11590',37.51169000000000,126.93904000000000,'디아크동물종합병원','02-816-7582','54','11','디아크동물종합병원 입니다.',89,'$2a$10$x8yHwhO/K63chb7XmTqDy.HVcN37LQe6xugQtNCa.lHZQ3UdLJQni'),(370,'울산광역시 남구 봉월로 104 (신정동)','31140',35.54173300000000,129.30630000000000,'리틀쥬동물의료원','052-268-8884','55','31','리틀쥬동물의료원 입니다.',90,'$2a$10$QRAmrkbj41sMLxFHg/5LUu45H6BdFvOdn6SyCCGN/OrGtXXt.Rzgy'),(371,'경상남도 창원시 마산합포구 진북면 지산2길 139-112 226-19','48121',35.11942300000000,128.46826000000000,'마산유기동물보호소','055-225-5701','56','48','마산유기동물보호소 입니다.',91,'$2a$10$/IOgdCznQybZUqNpv1o5UO3a7KOvNMz7fyqTgucmkcjEiu/l.39ga'),(372,'서울특별시 마포구 월드컵로 212 (성산동, 마포구청) 8층 경제진흥과','11440',37.56631000000000,126.90208000000000,'마포구청','02-3153-8542','57','11','마포구청 입니다.',92,'$2a$10$EpZDX1gNZ7FlDYIAbL1FLueQx0mQX3N4CKME/vAu6qBngeAKB6Xq.'),(373,'경상남도 의령군 의령읍 남강로 485-75','48720',35.29648200000000,128.28075000000000,'만하농장','055-570-4202','58','48','만하농장 입니다.',93,'$2a$10$NYt4328lnfXg7hys/vOIQ.dRWn5I9ra2VLpGc0PIp1LwtGG2bkI6S'),(374,'전라남도 무안군 삼향읍 석매길 21-5','46840',34.85341000000000,126.43011000000000,'목포시유기동물보호소',NULL,'59','46','목포시유기동물보호소 입니다.',94,'$2a$10$dkBoiz0fwdDZcHmLtcvmmeYfMNp7CerDG6RCqDFclg1bGIuFQn/By'),(375,'전라남도 무안군 무안읍 면주길 99','46840',35.00792300000000,126.48315400000000,'무안군유기동물보호소','061-450-4059','60','46','무안군유기동물보호소 입니다.',95,'$2a$10$0o09wum0jGluNEke6CUHh.14vtHgEDvH.7Z7uVBPx6HfW2Yn52lMq'),(376,'전라북도 무주군 적상면 구억로 110-27','45730',35.95136300000000,127.65800500000000,'무주군','063-320-2829','61','45','무주군 입니다.',96,'$2a$10$Ud21SjxWxRr8i07HdmxR7ejxKYZfJ1b/bEwBSdg2f6/SB4rt2HeRS'),(377,'울산광역시 남구 중앙로 218-1 (신정동)','31140',35.54041700000000,129.31226000000000,'미래펫동물병원','052-273-5911','62','31','미래펫동물병원 입니다.',97,'$2a$10$WpTYqEKbnXnvOYXT/DoXGuoapipbR9wl/wQijhEdJsIWFvXdZibr6'),(378,'서울특별시 용산구 원효로 51 (산천동, 삼성테마트) 119호','11170',22.22000000000000,22.22000000000000,'민트동물병원','02-707-2235','63','11','민트동물병원 입니다.',98,'$2a$10$VpA7ncdqBPe1tRZHQYUsMOFFhv1urVInBkWQBAAa2rcS.brRlQq7W'),(379,'경상남도 밀양시 삼랑진읍 천태로 472 (삼랑진읍)','48270',35.40768400000000,128.87978000000000,'밀양시동물보호센터',NULL,'64','48','밀양시동물보호센터 입니다.',99,'$2a$10$nCatu14F1PnTtPhmx4qDKOmIsii9iZ8AMAbndvzKblzR8glXoDM2K'),(380,'전라북도 전주시 완산구 전주천서로 111 (서서학동)','45111',35.81008000000000,127.14918500000000,'박영재동물병원','063-284-7774','65','45','박영재동물병원 입니다.',100,'$2a$10$SeWg.TItPh/f5t8JQ/B13.d/3Wz15lkj8zXUwpi.d2IOCdXQx9FjG'),(381,'서울특별시 마포구 도화길 42 (도화동)','11440',37.54151500000000,126.95036000000000,'박창석동물병원','02-6405-7582','66','11','박창석동물병원 입니다.',101,'$2a$10$w26IUMap0krYePtyvP7uc.QxwBBYuQSWOwqFOhf5Y8UaK04vA.pZC'),(382,'충청북도 청주시 흥덕구 강내면 서부로 411-55 (강내면)','43111',36.59033600000000,127.36542000000000,'반려동물보호센터','043-201-2298','67','43','반려동물보호센터 입니다.',102,'$2a$10$/fSyS7s7tixbJVm6VNHaD.qnL6Ldk/8qGiUQwj.cCfX2oAIPBrAxi'),(383,'인천광역시 강화군 강화읍 강화대로 217 (강화읍, 린나이보일러)','28710',37.73968000000000,126.50543000000000,'베스트동물병원','032-934-9340','68','28','베스트동물병원 입니다.',28,'$2a$10$Nm5JT2rV.ltZ6Ilg7h4sSeOhJjGvppZU925SYGfpA0mBq1JniE8Cm'),(384,'전라남도 보성군 노동면 노동천동길 221','46780',34.83004400000000,127.06531000000000,'보성유기동물보호센터','061-850-5403','69','46','보성유기동물보호센터 입니다.',103,'$2a$10$3tELoeoKc8j0CmgFaRUDLuSZ4/AKz/tEh4pei1NQd9IQBAUv2.ExO'),(385,'경상북도 봉화군 봉성면 농업인길 24 (봉성면) 봉화군농업기술센터','47920',36.90366700000000,128.77254000000000,'봉화군유기동물보호소','054-679-6865','70','47','봉화군유기동물보호소 입니다.',104,'$2a$10$ZChrWPgfDJkdEcJjHJgcweE9WFXvWNR.F0TCHGwDKw1gY8CMzbW7y'),(386,'전라북도 부안군 주산면 주산로 369  부안군 동물보호센터','45800',35.66589400000000,126.73585500000000,'부안군 동물보호센터','063-580-4499','71','45','부안군 동물보호센터 입니다.',105,'$2a$10$8d1j/MDA3tyWmcVtcAdyZ.umzNmGQetiN3gssB9QG8LFZlryDxje2'),(387,'경기도 부천시 길주로 660 (춘의동)','41190',37.50512700000000,126.81621000000000,'부천시수의사회','032-323-4999','72','41','부천시수의사회 입니다.',106,'$2a$10$WEuHKsWMQf8/U./UFaWDlOQ.S0MgTFQfVPagPL5hdSx/IGNyK3e2y'),(388,'전라남도 영광군 불갑면 함영로 2758','46870',22.22000000000000,22.22000000000000,'불갑동물임시보호소',NULL,'73','46','불갑동물임시보호소 입니다.',107,'$2a$10$3eKvq1nKEjXXyKr0K4j6POVRviaceqYDTsXsR7mNHQs.X9Pr7OxEm'),(389,'울산광역시 남구 중앙로 165-1 (신정동)','31140',35.53583000000000,129.31349000000000,'사랑동물병원','052-273-0075','74','31','사랑동물병원 입니다.',108,'$2a$10$wGAGUp.aZuAKss45LxAapeD5rt0ZHYmdWwI4wXubMwMCntjCb/fxG'),(390,'경상남도 사천시 용현면 진삼로 902  사천시농업기술센터','48240',22.22000000000000,22.22000000000000,'사천시 동물보호센터','055-831-3768','75','48','사천시 동물보호센터 입니다.',109,'$2a$10$d65XnExzW3L0uyFqGgNIb.FXsHwS350EKhfq2rlCN.WvsLWMjtGoC'),(391,'인천광역시 부평구 체육관로 40 (삼산동)','28237',37.50824000000000,126.73617000000000,'삼산종합동물병원','032-330-0075','76','28','최고의 시설을 갖춘 삼산종합동물병원 입니다.\r\n',196,'$2a$10$6m1Eu02NYiVjQoWQhPjNxeDOwdu607Ollq2CGmcVp.Esj.zgLSb3.'),(392,'강원도 삼척시 미로면 동안로 86-45','42230',37.35930000000000,129.21957000000000,'삼척시동물보호센터','033-571-2610','77','42','삼척시동물보호센터 입니다.',111,'$2a$10$83x8vQ6uBsvDX4maZY.frurQS..UR/R3tUVA0gPnAputAzfXtbcq.'),(393,'충청남도 서산시 인지면 무학재1길 99','44210',22.22000000000000,22.22000000000000,'서산시 동물보호센터','041-660-2040','78','44','서산시 동물보호센터 입니다.',112,'$2a$10$tunm8Eo7xIoFucEyZxeBFOTOpJ.kMtfTWNXvnd1h3xhhJcNz6PAhO'),(394,'전라북도 전주시 완산구 서신동 831-4','45111',35.83264000000000,127.10971000000000,'서신동물병원','063-253-2747','79','45','서신동물병원 입니다.',113,'$2a$10$6sZ0PiINaAtR7C8IWMoDPeoKM2DGm3Lyqw29orduqk4JG25CJXoM.'),(395,'충청남도 서천군 마산면 한마로 1189-19','44770',36.17952300000000,126.77238500000000,'서천군유기동물보호소','041-950-4390','80','44','서천군유기동물보호소 입니다.',114,'$2a$10$t3MfWYLbWu4qzmZPZV9YbeGvSBZqAt1uM8LEE9dmZJfV6n8rWahXK'),(396,'서울특별시 서초구 양재천로19길 22 (양재동, 숨빌딩) 서초동물사랑센터','11650',37.47637000000000,127.03816000000000,'서초동물사랑센터','02-6956-7980','81','11','서초동물사랑센터 입니다.',115,'$2a$10$ZEbltgeuJgihsmG/E6ASzuRy7biWep1T/WhsWd8YhK3spsOOWAN.C'),(397,'인천광역시 부평구 원적로 392 (산곡동)','28237',37.50369000000000,126.70998000000000,'세림동물보호소','032-503-0075','82','28','세림동물보호소 입니다.',198,'$2a$10$66inBmYIftmbi6vs/P15U.g3cvYyS7EHmuOQ7D5ZZNORbAb2JevNa'),(398,'세종특별자치시  전동면 미륵당1길 188 (전동면)','36110',36.67370000000000,127.22116000000000,'세종유기동물보호센터',NULL,'83','36','세종유기동물보호센터 입니다.',117,'$2a$10$CJyFaBsZnKefYOXmrZpTf.GOFnvwPSbf0NhVgbT.wnFbHOc4E7hY2'),(399,'강원도 속초시 하도문길 103 (대포동)','42210',38.16882300000000,128.59796000000000,'속초시유기동물보호소','033-636-2519','84','42','속초시유기동물보호소 입니다.',118,'$2a$10$c8RUzKGNJ9K3oYG1hAywL.uDTtPQnfC2hbh0mCrzJRqXhLzbkHL/.'),(400,'경기도 수원시 영통구 광교호수로 234 (하동, 수원시 동물보호센터) 하동 40-10','41111',37.28502000000000,127.07870000000000,'수원시 동물보호센터','031-228-3557','85','41','수원시 동물보호센터 입니다.',119,'$2a$10$ILeDehOdzNi0xP7sO55v9O7uXV52Rdoe6j3tROAF2A2CEfJnZ2QFG'),(401,'전라북도 순창군 구림면 삭골길 56-1','45770',22.22000000000000,22.22000000000000,'순창유기동물보호소','063-650-5641','86','45','순창유기동물보호소 입니다.',120,'$2a$10$qI6Z1B.qkXXv75R0zYCNU.YRfnn.6wE78cAIxJfFf/.RT3wgVJ7KC'),(402,'전라남도 순천시 승주읍 승주로 628 (승주읍, 농업기술센터) 순천시유기동물보호소','46150',35.01599500000000,127.37901000000000,'순천시유기동물보호소','061-749-8793','87','46','순천시유기동물보호소 입니다.',121,'$2a$10$5jrk8k2jKsy3Fdg8LedQgOd6wZAsmbxn9fRkDVTN7EwkLOgNFA8pm'),(403,'울산광역시 남구 대학로 112 (무거동)','31140',35.54470400000000,129.26088000000000,'스마일동물병원','052-277-0075','88','31','스마일동물병원 입니다.',122,'$2a$10$hn94mjs4UOFHE5FByAVbGuotAVD7FT4kmqFpb8bg2ve.3FSUwkIBC'),(404,'경기도 안산시 단원구 한양대학로 208 (고잔동) 2층 스타캣츠','41271',37.31357600000000,126.83675400000000,'스타캣츠','031-410-3777','89','41','스타캣츠 입니다.',123,'$2a$10$g2O0JA9FXcMICt1GORUncumL7Jv1lNn9EAAjjMFbTDy/3HOP/F.hy'),(405,'경기도 시흥시 뒷방울길 218 (정왕동)','41390',37.37442800000000,126.74308000000000,'시흥동물누리보호센터','031-310-6943','90','41','시흥동물누리보호센터 입니다.',124,'$2a$10$WEVrDHeVBmgA3OTypPtTXeTYkH.cDpL0DDQvAXk/1Or0/10PbicJy'),(406,'전라남도 무안군 삼향읍 석매길 21-5 (삼향읍)','46910',34.85339700000000,126.43011500000000,'신안군유기동물보호소',NULL,'91','46','신안군유기동물보호소 입니다.',125,'$2a$10$vaqNyr9H6Is2FAvdujCbSumMsZ1vJuFKlzv5QlADW7tWpLnZCXeQC'),(407,'인천광역시 계양구 장제로 923 (병방동)','28245',37.54886000000000,126.74138000000000,'신영재동물병원','032-552-0075','92','28','신영재동물병원 입니다.',126,'$2a$10$yqu3DdYcWt6a2KI9cT7aL.mkZT1GkdgVIE3cd0S4Dg2yIO.Q9GGhm'),(408,'충청남도 아산시 환경공원로 158 (배미동)','44200',22.22000000000000,22.22000000000000,'아산동물복지지원센터','041-537-3892','93','44','아산동물복지지원센터 입니다.',127,'$2a$10$dRU3KGIRyA9ZhEUmhhpVLuMnmnjZTKlm87kz.L3dEwcXegRc9iTnK'),(409,'전라북도 전주시 덕진구 인후동1가 928-1','45111',35.83746700000000,127.15665000000000,'아프리카동물병원','063-247-8875','94','45','아프리카동물병원 입니다.',128,'$2a$10$FNA5eFQJrTmTd8sLh6cnl.SazlowCjQnGfUTlvmc9GNxdZxCASpYG'),(410,'강원도 양구군 국토정중앙면 삼팔선로 680  유기동물보호소','42800',38.05108300000000,128.04692000000000,'양구군유기동물보호소','033-480-7785','95','42','양구군유기동물보호소 입니다.',129,'$2a$10$5wQ9jtbmLpvl0fjYWYv39eK3tWqXodWZL59.YshEJIK.8wg57WT1u'),(411,'경상남도 양산시 동면 석산리 392 양산시농업기술센터','48330',35.32409000000000,129.03416000000000,'양산시 동물보호센터','055-392-5669','96','48','양산시 동물보호센터 입니다.',197,'$2a$10$2Oio7JkXLX8taN3.7GtA1enf928cxgPVGodXmbIMk.CZ1YrMqjnk.'),(412,'강원도 양양군 손양면 동막골길 115-35','42830',38.02056500000000,128.64334000000000,'양양군유기동물보호소','033-670-2459','97','42','양양군유기동물보호소 입니다.',131,'$2a$10$r54O1aaUtrJ70zJtlpQEUe7Ea3OfTCNsTgApyWePlVbOUTtc.SiBC'),(413,'경기도 양평군 양평읍 농업기술센터길 59-1','41830',37.51120000000000,127.51333000000000,'양평군유기동물보호소','031-770-2337','98','41','양평군유기동물보호소 입니다.',132,'$2a$10$kmFwUhpgmApL4PJ/82yOKefSp/3OHJCNwvUI0JholR3ooF1hoed52'),(414,'서울특별시 용산구 원효로2가 84-10','11170',22.22000000000000,22.22000000000000,'열린동물병원','02-3273-0075','99','11','열린동물병원 입니다.',133,'$2a$10$O2UuhKlhxRCl8tcbls/atO2X7s8e3lqgXrJ6Kfe0m1.Tq.GDjxNLm'),(415,'경상북도 영덕군 영덕읍 구미2길 14-1 (영덕읍) 영덕군유기동물보호센터','47770',36.43573000000000,129.35762000000000,'영덕유기동물보호센터','054-730-6286','100','47','영덕유기동물보호센터 입니다.',134,'$2a$10$ne4gkgXr7wCz2Gpc9pmG6.ApuLZC.GVwHgDt9aDDQPTNiwSu.Z2Pu'),(416,'경상북도 영양군 영양읍 달구터길 85','47760',36.59424000000000,129.06415000000000,'영양군유기동물보호소','070-7792-6660','101','47','영양군유기동물보호소 입니다.',135,'$2a$10$eHrgvSF1Wm.uDUKxUfNoROyU42ORV3MQvtj2fh5/qF4fv7QmlEJ/6'),(417,'경상북도 영주시 문수면 반구로324번길 135 (문수면) 장수면 반구리 407-8','47210',36.76658000000000,128.60089000000000,'영주시 동물보호센터',NULL,'102','47','영주시 동물보호센터 입니다.',136,'$2a$10$xSwuso.5nAsg4j5FsmeYMO2Df5YTcxUABjbx.nZIdBbxVMqyWNxZO'),(418,'경상북도 영천시 천문로 622-13 (오미동, 영천시농업기술센터)','47230',35.99066000000000,128.92644000000000,'영천유기동물보호센터','054-339-7177','103','47','영천유기동물보호센터 입니다.',137,'$2a$10$ygRLKNJ18I5rNB307JtgH.cuuOXjFTm35tp.0CXYtOi12X9LppYai'),(419,'경상북도 예천군 예천읍 충효로 632-84 (예천읍, 유기동물보호소)','47900',36.67485000000000,128.47624000000000,'예천군유기동물보호소','054-650-6578','104','47','예천군유기동물보호소 입니다.',138,'$2a$10$.lSHBg2xh4J.aN1xQtsyCem7PFN6Ja92ofYfGxXgjqqvixXCJbbTW'),(420,'전라북도 완주군 용진읍 순지2길 187-6','45710',22.22000000000000,22.22000000000000,'완주군유기동물보호소','063-290-3220','105','45','완주군유기동물보호소 입니다.',139,'$2a$10$nYQ3NshnXCEr4mDoPdUMReipP/WKfQ8bs4AnRkePrWyglFWdSDHZS'),(421,'경기도 용인시 처인구 중부대로 1074-1 (삼가동) 용인시 동물보호센터','41461',37.24331300000000,127.15933000000000,'용인시 동물보호센터','031-324-3463','106','41','용인시 동물보호센터 입니다.',140,'$2a$10$mNwf1eY9QVLsGlCck0giJ.CLnrlfRKNDHYgVfnMg24U7LoLekgtWS'),(422,'인천광역시 서구 서곶로 349 (연희동) 우리동물병원','28260',22.22000000000000,22.22000000000000,'우리동물병원','032-566-0075','107','28','우리동물병원 입니다.',141,'$2a$10$O7pN1uD/p/PDWrUhqfxXkODBpzGIn0n3mv9lhwC2i8Ew.rEqvHwB.'),(423,'경상북도 군위군 군위읍 중앙1길 17 (군위읍)','47720',36.23058300000000,128.56610000000000,'우성동물병원','054-382-1357','108','47','우성동물병원 입니다.',142,'$2a$10$fsKSzqdbCBmVhyJvmGydxu0TPyde92Oq3sFqSZTiJJukLZKyw736i'),(424,'경상북도 울릉군 울릉읍 신리길 68 (울릉읍, 울릉도축장)','47940',37.46005200000000,130.87376000000000,'울릉군농업기술센터','054-790-6282','109','47','울릉군농업기술센터 입니다.',143,'$2a$10$2lJMlUMtaPOAqPtbSVEvJOZ8TLbWTqFnRaTJjJfkM036hpL3OKV9.'),(425,'울산광역시 울주군 온양읍 화산발리로 543 (온양읍)','31710',35.39089200000000,129.28600000000000,'울산유기동물보호센터','052-238-6113','110','31','울산유기동물보호센터 입니다.',144,'$2a$10$HfFKVoE5CO5ynXpImaocbuT7wIP8sj/.4I2/ga/bUNzjY2Y0osiym'),(426,'경상북도 울진군 울진읍 대흥신림로 916-37','47930',37.00343000000000,129.36060000000000,'울진군동물보호센터','054-789-6795','111','47','울진군동물보호센터 입니다.',145,'$2a$10$BFaBm8ywsqadN3OwNZvPreBomcOB08Xyb0V6yzDb5m0zYty0TQTOa'),(427,'강원도 원주시 호저면 칠봉로 110-6','42130',37.41631700000000,127.91286000000000,'원주유기동물보호센터','033-731-1119','112','42','원주유기동물보호센터 입니다.',146,'$2a$10$98jBOHy9yUstJbxmDQcW5.boP3eN9bfZHnyHV1rrIGHh2iSBIiMay'),(428,'서울특별시 용산구 원효로2가 30-4','11170',22.22000000000000,22.22000000000000,'원효동물병원','02-719-7070','113','11','원효동물병원 입니다.',147,'$2a$10$BYHvB2jnJXc5TxWwIf48t.BBPJSVJF0L7MdFaEe4cW/ANQxOz/AlS'),(429,'충청남도 금산군 금산읍 비단로 102  103호','44710',36.10837600000000,127.48418000000000,'월드동물병원','041-750-2584','114','44','월드동물병원 입니다.',148,'$2a$10$mouBAnXeD5dwQmU1f.sI9OfTRoARFZJxprc4U3YOBvVjTozn/nqPi'),(430,'서울특별시 마포구 월드컵북로 27 (서교동, 이화빌딩) 서교동447-2','11440',37.55687300000000,126.91909000000000,'웰케어 동물병원','02-337-7575','115','11','웰케어 동물병원 입니다.',149,'$2a$10$U1iUi6Yz7WVfkwDMCYmtDO.NJfkjRnSAOJEDknEpQn/z0HboZ1zhy'),(431,'경기도 여주시 여양2로 40 (천송동)','41670',37.29723400000000,127.57594000000000,'위더스 동물보호센터','031-882-4381','116','41','위더스 동물보호센터 입니다.',150,'$2a$10$A1vurw5ao1V7rBrrwTeUuuLtt8aZ1Qa5.tNoH01lOA8qc6CFEc5uy'),(432,'강원도 고성군 간성읍 꽃내마루길 53-49','42820',38.34967400000000,128.43439000000000,'유기견임시보호소','033-680-3724','117','42','유기견임시보호소 입니다.',151,'$2a$10$wyicb/aChxsWWpKtO8hsW.slnHLHN7Vr4OQp622Ef7QWq6G600q0K'),(433,'전라남도 영암군 삼호읍 녹색로 1117-49 (삼호읍) 영암유기동물 삼호보호소','47760',34.74833000000000,126.48584000000000,'유기동물 삼호 보호소',NULL,'118','47','유기동물 삼호 보호소 입니다.',152,'$2a$10$O/uSYMQ4z7pN/Rf3z1ELTuYluqV6DrPTAfV.iYapTOx3wny3LZSgS'),(434,'부산광역시 강서구 가락대로1283번길 25-2 (봉림동) (사)유기동물및보호관리협회','26440',35.17892500000000,128.89977000000000,'유기동물및관리협회','051-971-6208','119','26','유기동물및관리협회 입니다.',153,'$2a$10$bCKSGKpjPJX21j8L5D8acucm/V81TM69ne/tjipRvWDi8i6LyerVS'),(435,'경상북도 안동시 서후면 풍산태사로 3252-29 (서후면)','47170',36.63599000000000,128.68384000000000,'유기동물보호센터',NULL,'120','47','유기동물보호센터 입니다.',154,'$2a$10$sWj/dH5GdhODCCwDdnlqROvtTfkjtpMB6sLU73dIcjNtdtAf2esBm'),(436,'전라남도 여수시 주동1길 32 (주삼동, 여수시농업기술센터) 여수시 유기동물보호소','46130',34.78757500000000,127.66304000000000,'유기동물보호소','061-659-2474','121','46','유기동물보호소 입니다.',155,'$2a$10$uQytISHyp4HkwF96GIFSc.1nZLWOF3DQFCi4TOnGRdczl8DPfLc/y'),(437,'전라남도 완도군 신지면 신지로6번길 23-89 (신지면)','46890',34.33187500000000,126.78123000000000,'유기동물임시보호센터','061-550-5749','122','46','유기동물임시보호센터 입니다.',156,'$2a$10$N2zWFvktwzPP5ju3w9rt9e4zWJdueD4PxTHxG4uB4U94D3o.bqe9e'),(438,'서울특별시 용산구 이촌동 300-23','11170',22.22000000000000,22.22000000000000,'이상윤동물병원','02-792-5455','123','11','이상윤동물병원 입니다.',157,'$2a$10$EjPtEb79tWc1EXo.OTi.xehnq0.pg9vVVfkFLPCVAzKKo1Z9Cjcvy'),(439,'서울특별시 용산구 이태원동 531','11170',22.22000000000000,22.22000000000000,'이태원동물병원','02-794-4945','124','11','이태원동물병원 입니다.',158,'$2a$10$PslILgQhpJAjNYzonHcqq.sCLeEtM0gJKA4ICSlFf/XhGkkV42Q8m'),(440,'전라북도 남원시 인월면 인월로 64','45190',22.22000000000000,22.22000000000000,'인월동물병원','063-636-2873','125','45','인월동물병원 입니다.',159,'$2a$10$tjwA50NJf5zY4/5WajUCsu3wFd7275roYjrnUycnOtVw2wx6RM.ai'),(441,'강원도 인제군 인제읍 비봉로44번길 105','42810',22.22000000000000,22.22000000000000,'인제군유기동물보호소','033-460-2473','126','42','인제군유기동물보호소 입니다.',160,'$2a$10$f5wrhyKWFt84Rh/4kcCx9.tOShTwXZZJ1DhnK3t4zkViP3KP6Hjtu'),(442,'인천광역시 계양구 다남로165번길 56 (다남동, 유기동물보호소)','28245',37.56624000000000,126.71964000000000,'인천광역시수의사회','032-515-7567','127','28','인천광역시수의사회 입니다.',161,'$2a$10$qjv8VB/ZXoc2rwma470osOEqS2fVxj7PBCc5Ypr10sasubx17LCQS'),(443,'전라남도 장성군 삼서면 대중길 29-27','46880',35.24153500000000,126.61056500000000,'장성군동물보호센터',NULL,'128','46','장성군동물보호센터 입니다.',162,'$2a$10$tTYKWYjr/SkPnC2xzpCOOuboRXUsABFwz1IzJBw7yy/33o2CJoEMu'),(444,'전라남도 장흥군 안양면 우드랜드길 288 (안양면, 남도국제교육원) 축산사업소','46800',34.66765200000000,126.94461000000000,'장흥군 동물보호센터','061-860-6713','129','46','장흥군 동물보호센터 입니다.',163,'$2a$10$248UshjQYF3FmwmorSW0lex0WsTdltzI5tyPcQhfCJdSeRb36TMiO'),(445,'경상북도 청송군 현동면 청송로 3128-141','47750',36.30387000000000,129.05489000000000,'점곡보호소','054-870-6281','130','47','점곡보호소 입니다.',164,'$2a$10$QPH6L9ZLqYRSdxuIiaDVD.iJe8YgmgA0lPUiyXDQIXRXt9kTj92ay'),(446,'전라북도 정읍시 2산단5길 37-1 (하북동)','45180',35.59170500000000,126.87392400000000,'정읍시 동물보호소','063-535-6295','131','45','정읍시 동물보호소 입니다.',165,'$2a$10$KsO3GSHfDYTpAo5.eRhs4OICOgTJYgLyFLjS.hDZFiiRk8J1jTVDq'),(447,'울산광역시 북구 진장17길 11 (진장동) 정철동물병원','31200',35.56203500000000,129.35530000000000,'정철동물병원','052-287-0348','132','31','정철동물병원 입니다.',166,'$2a$10$pq4TnssH5qKpuuEPJzE14ulhNVurYmS88xCp1X16NzZgmGQpwkREu'),(448,'제주특별자치도 제주시 첨단동길 184-14 (용강동)','50110',33.45553200000000,126.58921000000000,'제주 동물보호센터','064-710-4065','133','50','제주 동물보호센터 입니다.',167,'$2a$10$R2mAjPoWBxZmrBxCZ3WonuIK5gKeCPJFMlQEKVm7vUd4.kL6t6Qjy'),(449,'충청북도 제천시 금성면 적성로8길 51 (금성면)','43150',37.08456400000000,128.21506000000000,'제천시 동물보호센터','043-647-0059','134','43','제천시 동물보호센터 입니다.',168,'$2a$10$dUjzdXiHXA8Ls09l1AeImeCRB43rHYM99.AJUSGf5bAox11UQPbT.'),(450,'인천광역시 부평구 원적로 419 (산곡동)','28237',37.50403200000000,126.71177000000000,'조재진동물병원','032-518-3800','135','28','조재진동물병원 입니다.',169,'$2a$10$w4wC.NSwH57bztsa77b8Kuiqn7NueUcarpi4WMIwP8buCu/nGVxTG'),(451,'경상북도 문경시 중앙로 170 (흥덕동) 종합가축병원','47280',36.59969000000000,128.20250000000000,'종합가축병원','054-552-2233','136','47','종합가축병원 입니다.',170,'$2a$10$w70WiT2rNcGk0si3wOA2IO2mwCnQwP5Rtm2Q9F/RCuxsXrvdBmRhG'),(452,'울산광역시 남구 돋질로 385-1 (삼산동)','31140',35.54365500000000,129.34712000000000,'주동물병원','052-268-8275','137','31','주동물병원 입니다.',171,'$2a$10$3Ob6m3qhakmeCCUCcLsqMOCj2ylMgYwu9Mjr4ZBHckq2wsTrMsMJe'),(453,'전라남도 진도군 진도읍 성죽골길 30 (진도읍) 진도개축산과','46900',34.48236000000000,126.27857000000000,'진도개메디컬센터','061-540-6329','138','46','진도개메디컬센터 입니다.',172,'$2a$10$7QONKQ4FwpYm03SdUexmfOsDvgSHTkf9eXzGiskeu3iTkXTNxX.3S'),(454,'전라북도 진안군 진안읍 예리길 36','45720',35.78067800000000,127.46478000000000,'진안군유기동물보호소','063-430-8175','139','45','진안군유기동물보호소 입니다.',173,'$2a$10$j8era8CyiohPBQ8OAQ6wAu.6JmDr8NVLOb.epp8KQ1QPOFR76n01C'),(455,'경상남도 진주시 집현면 신당길207번길 22 (집현면, 지역농업개발시설)','48170',35.22708500000000,128.12187000000000,'진주시유기동물보호소','055-749-6134','140','48','진주시유기동물보호소',174,'$2a$10$TkHwimfscUFWnlTOMgikeu0Z/SmLjGd4N.vX.GPALmlU/FOeJPDny'),(456,'경상남도 창원시 진해구 웅천로 218 (성내동) 도시농업과 부지 내','48121',35.11400000000000,128.75432000000000,'진해유기동물보호소','055-225-5701','141','48','진해유기동물보호소 입니다.',175,'$2a$10$psG4B7uqZjMKg.8tr6CSmeqop9WvxFwII0K1Qq.kyIcRy/ttP6TVG'),(457,'인천광역시 부평구 평천로 356 (갈산동)','28237',37.51761000000000,126.72970000000000,'짱구네동물병원','032-511-5515','142','28','짱구네동물병원 입니다.',176,'$2a$10$CFMSgyslw6DvC/82vxIgfOkS0mUxnyjnH3npC/SDIY/Uh9yVkK6oa'),(458,'서울특별시 용산구 산천동 93-1','11170',22.22000000000000,22.22000000000000,'차오름동물병원','02-706-7975','143','11','차오름동물병원 입니다.',177,'$2a$10$3SDuVG5se/lQz.hQWz5rqu6Ve1QIwmzz3LaofRliNCAZo3TUOksoS'),(459,'경상남도 창원시 의창구 창이대로 71 (명서동, 창원시농업기술센터) 축산과','48121',35.23827700000000,128.64560000000000,'창원유기동물보호소','055-225-5701','144','48','창원유기동물보호소 입니다.',178,'$2a$10$IwSdRVeH/.0.Nan0Cz8owejx09B4mYY/kx5NG.CVTL6t9mOGjdQHq'),(460,'충청남도 천안시 동남구 충절로 437 (삼룡동)','44131',36.78328700000000,127.17155000000000,'천안시유기동물보호소',NULL,'145','44','천안시유기동물보호소 입니다.',179,'$2a$10$YreQM0F9hy4GNnIpQC2WwO7zLbR3cBlmZxatPsIdWI3H7X0dEyhjG'),(461,'강원도 철원군 동송읍 장흥로 311','42780',38.20340000000000,127.25024000000000,'철원군','033-450-5394','146','42','철원군 입니다.',180,'$2a$10$u14VFTTY709p2UOXgeV45OapFZnb1CTs8fJf.UeJ1cTBNcayAfPPq'),(462,'경상북도 청도군 화양읍 청화3길 10  청도군 농업기술센터','47820',35.64929200000000,128.73438000000000,'청도군동물보호소','054-370-6557','147','47','청도군동물보호소 입니다.',181,'$2a$10$CxdVXujb.70LuJODt8TlsOAeHAzLE/K6FOLPydSULnpp/EgGGhRue'),(463,'충청남도 청양군 대치면 청산로 446-17 (대치면)','44790',36.47119000000000,126.83140000000000,'청양보호소','041-940-2977','148','44','청양보호소 입니다.',182,'$2a$10$zSgaMVBWMspOqmEo4x8n7u6iLGFnObeg/GqTrwNuBHPgTIerDy7ca'),(464,'전라북도 남원시 죽항동 278번지','45190',35.40757800000000,127.38455000000000,'청원동물병원','063-633-3533','149','45','청원동물병원 입니다.',183,'$2a$10$copTeSmYoqz4K9UHRBPUvOKGaPg0UNYDl01MCMCdi2kk3KN1FQv5y'),(465,'충청남도 태안군 태안읍 남문리 504-6','44825',36.74700500000000,126.29854000000000,'최동물병원','041-672-0346','150','44','최동물병원 입니다.',184,'$2a$10$wiSbaBo9krePS9MiZ5IheOvmwXQNgOK939JovDn67D.gGhXU6y75K'),(466,'충청북도 보은군 보은읍 보은로 119-1 (보은읍)','43720',36.48483000000000,127.71766000000000,'최상오동물병원','043-543-0753','151','43','최상오동물병원 입니다.',185,'$2a$10$w4lJDt6cWs1YMPwKmDiGPu3QJBFv2QtAv7M7A/zA.rohLZEzAWYva'),(467,'충청북도 영동군 영동읍 계산로 54 (영동읍, 최종주동물병원)','43740',36.17262300000000,127.78233000000000,'최종주동물병원','043-744-4209','152','43','최종주동물병원 입니다.',186,'$2a$10$cxR8q0YMVLhY8DqXkqeENemHEFHpHfjnpO8wDMBT3gWSEmgUa0nCu'),(468,'충청북도 충주시 중앙탑면 일곱실길 70 (중앙탑면)','43130',37.00836000000000,127.84975400000000,'충주시동물보호센터','043-851-3168','153','43','충주시동물보호센터 입니다.',187,'$2a$10$bfI2ge/pYJurgc23qir9B.ZDGhIfAIvnwcUhab8XvjLHQyGv7N/Yq'),(469,'울산광역시 북구 신답로 26 (상안동, 홈플러스) 쿨펫동물병원 홈플러스 북구점','31200',35.63004300000000,129.34488000000000,'쿨펫 홈플러스 북구점','052-286-3567','154','31','쿨펫 홈플러스 북구점 입니다.',188,'$2a$10$9bu6ljmrLrLVvX94eusN9eFi/SsGzlt6QOAuzH9DZkt4KQiJqxh16'),(470,'경상남도 합천군 합천읍 옥산로 16 (합천읍, 까치빌라) 태민동물병원','48890',35.56875200000000,128.15668000000000,'태민동물병원',NULL,'155','48','태민동물병원 입니다.',189,'$2a$10$x/gNknRXBFQ9FKr8d0xrl.qmg4ndN6OwEPlE4F2Xib8NFu9BaL1Qq'),(471,'강원도 태백시 문의재로 5 (통동)','42190',37.17289000000000,129.04079000000000,'태백유기동물',NULL,'156','42','태백유기동물 입니다.',190,'$2a$10$dsT9hjJ4jPHmI17rnpoadO38l6gODBNEr8PDT.TthvmonTab7NguW'),(472,'경상남도 통영시 광도면 전두1길 9-8','48220',34.90437700000000,128.40442000000000,'통영시동물보호센터','055-650-6291','157','48','통영시동물보호센터 입니다.',191,'$2a$10$OSZqYQnuNebPwmPeZWtrW.OKfw/rEqHmazSSpAHCau584U4w93KwG'),(473,'서울특별시 용산구 한남동 653-26','11170',22.22000000000000,22.22000000000000,'펫토이동물병원','02-795-2184','158','11','펫토이동물병원 입니다.',192,'$2a$10$Du21kA11MsaEIfvtaALSweReOtoxDVrn8a35.dj7uHrqWhWhlH4lW'),(474,'강원도 평창군 진부면 청송로 61','42760',37.63677000000000,128.55338000000000,'평창군유기동물보호소',NULL,'159','42','평창군유기동물보호소 입니다.',193,'$2a$10$HnHLafSkbhR08Pprz0kV5.7O136H0CEvsQyLdImjr2MZbuotZOQ2.'),(475,'전라남도 곡성군 곡성읍 군청로 50  보호소 주소 : 전남 곡성군 곡성읍 구원리 888','46720',35.28203000000000,127.29196000000000,'푸른곡성21동물보호소','061-360-8552','160','46','푸른곡성21동물보호소 입니다.',194,'$2a$10$.yHrIB4sh/rNPeLY8G6OEuXzSxqDtkfOwMzZIu8dZId4USvz1QaTm'),(476,'전라북도 전주시 완산구 삼천동1가 592-1','45111',35.79635000000000,127.12236000000000,'프렌즈동물병원','063-227-4975','161','45','프렌즈동물병원 입니다.',199,'$2a$10$w2yGNgYLaPTSeGrzkZcXf.wlPc864vKpK6m3SCxgrGr/TuTty9bFq'),(477,'전라북도 남원시 왕정동 67 ','45190',22.22000000000000,22.22000000000000,'하나동물병원','063-634-7582','162','45','하나동물병원 입니다.',200,'$2a$10$0NNDHUw9woPzng9WOOZe3uRyqm6qnCVkGd4Te1zHUbmD0AaEjeaRu'),(478,'전라북도 전주시 덕진구 덕진동2가 송천중앙로 17 (덕진동2가)','45111',35.84885400000000,127.11854600000000,'하나동물병원','063-253-5677','163','45','하나동물병원 입니다.',201,'$2a$10$fvKxxUhi/7pztHle1lKSvOrCcsUp8zhbNhBnc0i3t1BwFPvZfUczS'),(479,'경기도 하남시 신평로 37 (덕풍동) 하남동물병원','41450',37.53715500000000,127.20405000000000,'하남동물병원','031-793-7802','164','41','하남동물병원 입니다.',202,'$2a$10$m5u.JRBCzh16asirw73JZOCovL/dWWmSFHbTsDrBpI1EmuKQGH1DG'),(480,'경상남도 하동군 적량면 한옥정길 90 (적량면) 유기동물보호소','48850',35.07885000000000,127.76912000000000,'하동군유기동물보호소','055-880-2677','165','48','하동군유기동물보호소 입니다.',203,'$2a$10$l.3634V4Z5WtWCm55UWNZut1OaYkB3.9ILEhQlzpJzLJbiwllleau'),(481,'전라남도 함평군 학교면 송산길 84 (학교면) 월산리 806-1','46860',35.04549000000000,126.53899400000000,'학교동물임시보호센터',NULL,'166','46','학교동물임시보호센터 입니다.',204,'$2a$10$25u6uF5PCGCjL2CS1rhl9OHB3M6PxeXlZYW.ESvrchpF5EIc.74aq'),(482,'경기도 양주시 남면 감악산로 63-37 (남면) 한국동물구조관리협회','41630',37.86989200000000,126.98311600000000,'한국동물구조관리협회','031-867-9119','167','41','한국동물구조관리협회 입니다.',205,'$2a$10$kB.Kuh9kh.FQhijhOR/BXulsZiAHXIO2HK.bqpQovglESsiMGe28W'),(483,'경기도 양주시 남면 감악산로 63-48','41630',37.87011700000000,126.98354000000000,'한국동물구조관리협회','031-867-9119','168','41','한국동물구조관리협회 입니다.',206,'$2a$10$G6LFBSH8FrcbJq9TpPyzU.8MlzhGeNgr0.uqbxHGJ2lsotZjYmrbu'),(484,'경기도 양주시 남면 감악산로 63-37','41630',37.86989200000000,126.98311600000000,'한국동물구조관리협회','031-867-9119','169','41','한국동물구조관리협회 입니다.',207,'$2a$10$bD8tBYfAGU4Z4jm5Tuhz4eIUelwU603LFF60SDfg6a2qynF7i8jqi'),(485,'기도 안산시 상록구 청곡길 50 (부곡동) 안산시 상록구 부곡동 231-5','41271',37.34010700000000,126.86997000000000,'한국야생동물보호협회','031-296-0124','170','41','한국야생동물보호협회 입니다.',208,'$2a$10$f/OBXpoq2GzPaMuvkzy7pefwW.7DQWjufU5dl7JYsAd1KCZhLqKPm'),(486,'경상남도 함안군 가야읍 함안대로 755 ','48730',35.29351400000000,128.39891000000000,'함안군유기동물보호소',NULL,'171','48','함안군유기동물보호소 입니다.',209,'$2a$10$/nWJBpwT0U3Gy/6yRinGyeRWuCygkuMe4/SvdOD8EF8H2HYaJ3tFe'),(487,'경상남도 함양군 함양읍 함양남서로 996-76 (함양읍, 농업기술센터)','48870',35.50759000000000,127.74137000000000,'함양군위탁보호소','055-960-8143','172','48','함양군위탁보호소 입니다.',NULL,NULL),(488,'전라남도 해남군 해남읍 부흥길 59-70','46820',34.56485000000000,126.58745000000000,'해남군임시동물보호소','061-531-3915','173','46','해남군임시동물보호소 입니다.',210,'$2a$10$PfkDCISpqZFzdWx1gTvXNec99Nj8z0DiAxYfzR1ezJpUwMuvqqrta'),(489,'전라북도 전주시 덕진구 인후동1가 806-6','45111',35.83746700000000,127.15665000000000,'행복한동물병원','063-244-0090','174','45','행복한동물병원 입니다.',211,'$2a$10$V7LuptidLwrLLcXbJUPFXuke0rBy6ZSS6Mpvc3uwNP13H8.5280y2'),(490,'서울특별시 마포구 독막로 45 (합정동)','11440',37.54810000000000,126.91839600000000,'홍익동물병원','02-325-2026','175','11','홍익동물병원 입니다.',212,'$2a$10$BJftN9s9Xjh.1S4wwzEkw.DMktDvJ1U6T2LBpDWWf9xVpqYlx/5m2'),(491,'강원도 홍천군 화촌면 둔덕이길 68 (화촌면, 홍천군유기동물보호센터)','42720',37.75509300000000,127.94747000000000,'홍천군유기동물보호소','033-434-9435','176','42','홍천군유기동물보호소 입니다.',213,'$2a$10$eO8QxQ0526BcldeNdSClRO1l9Wvty.y9DgOV/4DGwqH0f/4F4.kVm'),(492,'전라남도 화순군 한천면 덕음로 115 (한천면)','46790',34.98535000000000,126.99892400000000,'화순군유기동물보호소',NULL,'177','46','화순군유기동물보호소 입니다.',214,'$2a$10$L.lVqNPts/Bx3hxAKgHNZu5ToAo53lb4UX6kcmJfHN6OG6vZCiQC6'),(493,'강원도 화천군 상서면 영서로 6387-9  화천농업기술센터','42790',38.11659200000000,127.68191500000000,'화천군농업기술센터','033-440-2941','178','42','화천군농업기술센터 입니다.',215,'$2a$10$RruRJReB58TGnmGWt0AgLeAPTlFpJnKCUSe9zaRIQ.J0YWh7i31QK'),(494,'전라북도 전주시 완산구 백제대로 121 (효자동1가)','45111',35.80377600000000,127.12378000000000,'효자동물병원','063-224-6672','179','45','효자동물병원 입니다.',216,'$2a$10$g/qB1nhJdT5.CS7BhBEVFOr5QQHu2NcTe4ihfzUjE7r.2.zzw60RW'),(495,'부산광역시 연제구 연산1동 300-3','26470',35.19290000000000,129.09130000000000,'청조동물병원',NULL,'180','26','청조동물병원 입니다.',195,'$2a$10$NpLstDZbl8DuOK9grjDMM.yPOhbhFxMaBybA8WDKMwEc9H2ceG7n2');
/*!40000 ALTER TABLE `shelter` ENABLE KEYS */;
UNLOCK TABLES;

--
-- Table structure for table `shelter_dog_color`
--

DROP TABLE IF EXISTS `shelter_dog_color`;
/*!40101 SET @saved_cs_client     = @@character_set_client */;
/*!50503 SET character_set_client = utf8mb4 */;
CREATE TABLE `shelter_dog_color` (
  `sp_dog_id` bigint NOT NULL,
  `color_id` bigint NOT NULL,
  UNIQUE KEY `UK_ien8ti0du5ebvu5jvt5xw8xid` (`color_id`),
  KEY `FKrusho22j0cyymyc99u8028l4e` (`sp_dog_id`),
  CONSTRAINT `FKno26c59yg9c5fus8isxiqmncd` FOREIGN KEY (`color_id`) REFERENCES `dog_color` (`color_id`),
  CONSTRAINT `FKrusho22j0cyymyc99u8028l4e` FOREIGN KEY (`sp_dog_id`) REFERENCES `shelter_protected_dog` (`sp_dog_id`)
) ENGINE=InnoDB DEFAULT CHARSET=utf8mb4 COLLATE=utf8mb4_0900_ai_ci;
/*!40101 SET character_set_client = @saved_cs_client */;

--
-- Dumping data for table `shelter_dog_color`
--

LOCK TABLES `shelter_dog_color` WRITE;
/*!40000 ALTER TABLE `shelter_dog_color` DISABLE KEYS */;
INSERT INTO `shelter_dog_color` VALUES (5057,1970),(5058,1971),(5058,1972),(5059,1973),(5060,1974),(5060,1975),(5062,1976),(5062,1977),(5063,1978),(5063,1979),(5064,1980),(5065,1981),(5066,1982),(5066,1983),(5067,1984),(5067,1985),(5067,1986),(5068,1987),(5068,1988),(5069,1989),(5069,1990),(5070,1991),(5070,1992),(5071,1993),(5072,1994),(5072,1995),(5073,1996),(5074,1997),(5075,1998),(5075,1999),(5076,2000),(5076,2001),(5076,2002),(5078,2003),(5079,2004),(5080,2005),(5081,2006),(5082,2007),(5082,2008),(5083,2009),(5084,2010),(5087,2011),(5087,2012),(5088,2013),(5088,2014),(5090,2015),(5090,2016),(5092,2017),(5092,2018),(5094,2019),(5095,2020),(5096,2021),(5096,2022),(5097,2023),(5097,2024),(5097,2025),(5098,2026),(5098,2027),(5099,2028),(5099,2029),(5100,2030),(5100,2031),(5101,2032),(5102,2033),(5102,2034),(5103,2035),(5104,2036),(5105,2037),(5105,2038),(5106,2039),(5106,2040),(5107,2041),(5108,2042),(5109,2043),(5110,2044),(5111,2045),(5112,2046),(5112,2047),(5114,2048),(5114,2049),(5116,2050),(5116,2051),(5117,2052),(5118,2053),(5118,2054),(5119,2055),(5120,2056),(5120,2057),(5122,2058),(5122,2059),(5123,2060),(5123,2061),(5124,2062),(5124,2063),(5126,2064),(5126,2065),(5127,2066),(5127,2067),(5128,2068),(5128,2069),(5129,2070),(5129,2071),(5130,2072),(5131,2073),(5132,2074),(5132,2075),(5133,2076),(5134,2077),(5135,2078),(5135,2079),(5136,2080),(5136,2081),(5138,2082),(5139,2083),(5140,2084),(5141,2085),(5141,2086),(5142,2087),(5142,2088),(5143,2089),(5143,2090),(5144,2091),(5145,2092),(5147,2093),(5148,2094),(5148,2095),(5149,2096),(5150,2097),(5150,2098),(5152,2099),(5152,2100),(5153,2101),(5153,2102),(5154,2103),(5155,2104),(5156,2105),(5156,2106),(5157,2107),(5157,2108),(5157,2109),(5158,2110),(5158,2111),(5159,2112),(5159,2113),(5160,2114),(5160,2115),(5161,2116),(5162,2117),(5162,2118),(5163,2119),(5164,2120),(5165,2121),(5165,2122),(5166,2123),(5166,2124),(5166,2125),(5168,2126),(5169,2127),(5170,2128),(5171,2129),(5172,2130),(5172,2131),(5173,2132),(5174,2133),(5935,2134),(5936,2135),(5936,2136),(5937,2137),(5938,2138),(5938,2139),(5940,2140),(5940,2141),(5941,2142),(5941,2143),(5942,2144),(5942,2145),(5944,2146),(5944,2147),(5945,2148),(5945,2149),(5946,2150),(5946,2151),(5947,2152),(5947,2153),(5948,2154),(5949,2155),(5950,2156),(5950,2157),(5951,2158),(5952,2159),(5954,2160),(5954,2161),(5956,2162),(5957,2163),(5958,2164),(5959,2165),(5959,2166),(5960,2167),(5960,2168),(5961,2169),(5962,2170),(5963,2171),(5965,2172),(5965,2173),(5966,2174),(5967,2175),(5968,2176),(5969,2177),(5969,2178),(5970,2179),(5970,2180),(5971,2181),(5971,2182),(5972,2183),(5972,2184);
/*!40000 ALTER TABLE `shelter_dog_color` ENABLE KEYS */;
UNLOCK TABLES;

--
-- Table structure for table `shelter_dog_image`
--

DROP TABLE IF EXISTS `shelter_dog_image`;
/*!40101 SET @saved_cs_client     = @@character_set_client */;
/*!50503 SET character_set_client = utf8mb4 */;
CREATE TABLE `shelter_dog_image` (
  `sp_dog_id` bigint NOT NULL,
  `image_id` bigint NOT NULL,
  UNIQUE KEY `UK_90fcucnembrp3go5n996mnyvn` (`image_id`),
  KEY `FKljpwlc8glhmnc2vtfcwm5c6yl` (`sp_dog_id`),
  CONSTRAINT `FK5cmisjt52ffrc8b7citcqygbp` FOREIGN KEY (`image_id`) REFERENCES `image` (`image_id`),
  CONSTRAINT `FKljpwlc8glhmnc2vtfcwm5c6yl` FOREIGN KEY (`sp_dog_id`) REFERENCES `shelter_protected_dog` (`sp_dog_id`)
) ENGINE=InnoDB DEFAULT CHARSET=utf8mb4 COLLATE=utf8mb4_0900_ai_ci;
/*!40101 SET character_set_client = @saved_cs_client */;

--
-- Dumping data for table `shelter_dog_image`
--

LOCK TABLES `shelter_dog_image` WRITE;
/*!40000 ALTER TABLE `shelter_dog_image` DISABLE KEYS */;
INSERT INTO `shelter_dog_image` VALUES (5057,3583),(5057,3584),(5058,3591),(5058,3592),(5058,3593),(5059,3600),(5059,3601),(5059,3602),(5060,3609),(5060,3610),(5060,3611),(5061,3618),(5061,3619),(5061,3620),(5061,3629),(5062,3627),(5062,3628),(5063,3636),(5063,3637),(5063,3638),(5064,3645),(5064,3646),(5064,3647),(5065,3660),(5065,3661),(5065,3662),(5066,3663),(5066,3664),(5066,3665),(5067,3679),(5067,3680),(5067,3681),(5068,3682),(5068,3683),(5068,3684),(5069,3697),(5069,3698),(5069,3699),(5070,3700),(5070,3701),(5070,3702),(5071,3715),(5071,3716),(5071,3717),(5072,3718),(5072,3719),(5072,3720),(5073,3733),(5073,3734),(5073,3735),(5074,3736),(5074,3737),(5074,3738),(5075,3751),(5075,3752),(5075,3753),(5076,3754),(5076,3755),(5076,3756),(5077,3768),(5077,3769),(5077,3770),(5078,3771),(5078,3772),(5078,3773),(5079,3786),(5079,3787),(5079,3788),(5080,3789),(5080,3790),(5080,3791),(5081,3804),(5081,3805),(5081,3806),(5082,3807),(5082,3808),(5082,3809),(5083,3821),(5083,3822),(5083,3823),(5084,3824),(5084,3825),(5084,3826),(5085,3842),(5085,3843),(5085,3844),(5086,3839),(5086,3840),(5086,3841),(5087,3585),(5087,3586),(5087,3587),(5088,3597),(5088,3598),(5088,3599),(5089,3606),(5089,3607),(5089,3608),(5090,3612),(5090,3613),(5090,3614),(5091,3621),(5091,3622),(5091,3623),(5092,3630),(5092,3631),(5092,3632),(5093,3639),(5093,3640),(5093,3641),(5094,3648),(5094,3649),(5094,3650),(5095,3657),(5095,3658),(5095,3659),(5096,3666),(5096,3667),(5096,3668),(5097,3676),(5097,3677),(5097,3678),(5098,3685),(5098,3686),(5098,3687),(5099,3694),(5099,3695),(5099,3696),(5100,3703),(5100,3704),(5100,3705),(5101,3712),(5101,3713),(5101,3714),(5102,3721),(5102,3722),(5102,3723),(5103,3730),(5103,3731),(5103,3732),(5104,3739),(5104,3740),(5104,3741),(5105,3748),(5105,3749),(5105,3750),(5106,3757),(5106,3758),(5106,3759),(5107,3766),(5107,3767),(5108,3774),(5108,3775),(5108,3776),(5109,3783),(5109,3784),(5109,3785),(5110,3792),(5110,3793),(5110,3794),(5111,3801),(5111,3802),(5111,3803),(5112,3810),(5112,3811),(5112,3812),(5113,3818),(5113,3819),(5113,3820),(5114,3827),(5114,3828),(5114,3829),(5115,3845),(5115,3846),(5115,3847),(5116,3836),(5116,3837),(5116,3838),(5117,3588),(5117,3589),(5117,3590),(5118,3594),(5118,3595),(5118,3596),(5119,3603),(5119,3604),(5119,3605),(5120,3615),(5120,3616),(5120,3617),(5121,3624),(5121,3625),(5121,3626),(5122,3633),(5122,3634),(5122,3635),(5123,3642),(5123,3643),(5123,3644),(5124,3651),(5124,3652),(5124,3653),(5125,3654),(5125,3655),(5125,3656),(5126,3669),(5126,3670),(5126,3671),(5127,3672),(5127,3673),(5127,3674),(5127,3675),(5128,3688),(5128,3689),(5128,3690),(5129,3691),(5129,3692),(5129,3693),(5130,3706),(5130,3707),(5130,3708),(5131,3709),(5131,3710),(5131,3711),(5132,3724),(5132,3725),(5132,3726),(5133,3727),(5133,3728),(5133,3729),(5134,3742),(5134,3743),(5134,3744),(5135,3745),(5135,3746),(5135,3747),(5136,3760),(5136,3761),(5136,3762),(5137,3763),(5137,3764),(5137,3765),(5138,3777),(5138,3778),(5138,3779),(5139,3780),(5139,3781),(5139,3782),(5140,3795),(5140,3796),(5140,3797),(5141,3798),(5141,3799),(5141,3800),(5142,3813),(5142,3814),(5143,3815),(5143,3816),(5143,3817),(5144,3830),(5144,3831),(5144,3832),(5145,3848),(5145,3849),(5145,3850),(5146,3833),(5146,3834),(5146,3835),(5147,3852),(5148,3853),(5149,3854),(5150,3855),(5151,3856),(5152,3857),(5153,3858),(5154,3859),(5155,3860),(5156,3861),(5157,3862),(5158,3863),(5159,3865),(5160,3864),(5161,3866),(5162,3867),(5163,3868),(5164,3869),(5165,3870),(5166,3871),(5167,3872),(5168,3873),(5169,3874),(5170,3875),(5171,3876),(5172,3877),(5173,3878),(5174,3879),(5175,3880),(5176,3881),(5935,3912),(5936,3911),(5937,3910),(5938,3909),(5939,3907),(5940,3908),(5941,3905),(5942,3906),(5943,3904),(5944,3903),(5945,3882),(5945,3902),(5946,3901),(5947,3900),(5948,3899),(5949,3898),(5950,3897),(5951,3896),(5952,3895),(5953,3894),(5954,3893),(5955,3892),(5956,3891),(5957,3890),(5958,3889),(5959,3888),(5960,3887),(5961,3886),(5962,3885),(5963,3884),(5964,3883),(5965,3913),(5966,3914),(5966,3915),(5967,3916),(5968,3917),(5969,3918),(5970,3919),(5970,3920),(5971,3921),(5972,3922);
/*!40000 ALTER TABLE `shelter_dog_image` ENABLE KEYS */;
UNLOCK TABLES;

--
-- Table structure for table `shelter_image`
--

DROP TABLE IF EXISTS `shelter_image`;
/*!40101 SET @saved_cs_client     = @@character_set_client */;
/*!50503 SET character_set_client = utf8mb4 */;
CREATE TABLE `shelter_image` (
  `shelter_id` bigint NOT NULL,
  `image_id` bigint NOT NULL,
  UNIQUE KEY `UK_tpooh3a2sq7aqr43dr3nckqax` (`image_id`),
  KEY `FKbmo34jkitlxa5ia73758rsp7i` (`shelter_id`),
  CONSTRAINT `FKbcnokmrx7cjgqoxnaegvqhms7` FOREIGN KEY (`image_id`) REFERENCES `image` (`image_id`),
  CONSTRAINT `FKbmo34jkitlxa5ia73758rsp7i` FOREIGN KEY (`shelter_id`) REFERENCES `shelter` (`shelter_id`) ON DELETE CASCADE ON UPDATE CASCADE
) ENGINE=InnoDB DEFAULT CHARSET=utf8mb4 COLLATE=utf8mb4_0900_ai_ci;
/*!40101 SET character_set_client = @saved_cs_client */;

--
-- Dumping data for table `shelter_image`
--

LOCK TABLES `shelter_image` WRITE;
/*!40000 ALTER TABLE `shelter_image` DISABLE KEYS */;
INSERT INTO `shelter_image` VALUES (316,240),(316,241),(317,322),(317,323),(317,324),(333,551),(358,560),(383,582),(391,859),(391,860),(391,861),(397,1930);
/*!40000 ALTER TABLE `shelter_image` ENABLE KEYS */;
UNLOCK TABLES;

--
-- Table structure for table `shelter_protected_dog`
--

DROP TABLE IF EXISTS `shelter_protected_dog`;
/*!40101 SET @saved_cs_client     = @@character_set_client */;
/*!50503 SET character_set_client = utf8mb4 */;
CREATE TABLE `shelter_protected_dog` (
  `sp_dog_id` bigint NOT NULL AUTO_INCREMENT,
  `age` int DEFAULT NULL,
  `breed_id` bigint DEFAULT NULL,
  `category_cloth` int DEFAULT NULL,
  `category_color` int DEFAULT NULL,
  `category_ear` int DEFAULT NULL,
  `category_pattern` int DEFAULT NULL,
  `category_tail` int DEFAULT NULL,
  `feature` varchar(4000) DEFAULT NULL,
  `finding_date` date DEFAULT NULL,
  `gender` int DEFAULT NULL,
  `latitude` decimal(16,14) DEFAULT NULL,
  `longitude` decimal(17,14) DEFAULT NULL,
  `name` varchar(255) DEFAULT NULL,
  `neutered` int DEFAULT NULL,
  `regist_date` datetime DEFAULT NULL,
  `shelter_id` bigint DEFAULT NULL,
  `state_code` int DEFAULT NULL,
  `weight` double DEFAULT NULL,
  PRIMARY KEY (`sp_dog_id`),
  KEY `FK937r4q2bhqs09949vpd7yq40w` (`breed_id`),
  KEY `FKqb2llvjs2v430igdd3lj2vafr` (`shelter_id`),
  CONSTRAINT `FK937r4q2bhqs09949vpd7yq40w` FOREIGN KEY (`breed_id`) REFERENCES `breed` (`breed_id`),
  CONSTRAINT `FKqb2llvjs2v430igdd3lj2vafr` FOREIGN KEY (`shelter_id`) REFERENCES `shelter` (`shelter_id`)
) ENGINE=InnoDB AUTO_INCREMENT=5973 DEFAULT CHARSET=utf8mb4 COLLATE=utf8mb4_0900_ai_ci;
/*!40101 SET character_set_client = @saved_cs_client */;

--
-- Dumping data for table `shelter_protected_dog`
--

LOCK TABLES `shelter_protected_dog` WRITE;
/*!40000 ALTER TABLE `shelter_protected_dog` DISABLE KEYS */;
INSERT INTO `shelter_protected_dog` VALUES (5057,1,1,1,7,1,1,1,NULL,NULL,1,37.51566700000000,126.67302000000000,'수원이',2,'2023-02-17 10:28:55',324,0,5.1),(5058,1,2,1,52,7,2,3,NULL,NULL,1,37.51566700000000,126.67302000000000,'오뜨',2,'2023-02-17 10:28:55',324,0,3.8),(5059,1,3,1,8,6,1,3,NULL,NULL,2,37.51566700000000,126.67302000000000,'다빈이',2,'2023-02-17 10:28:55',324,0,6.8),(5060,1,4,1,37,1,2,1,NULL,NULL,1,37.51566700000000,126.67302000000000,'루이',2,'2023-02-17 10:28:55',324,0,5.6),(5061,1,5,1,NULL,6,8,3,NULL,NULL,1,37.51566700000000,126.67302000000000,'마루',2,'2023-02-17 10:28:55',324,0,4.7),(5062,3,6,1,37,4,2,3,NULL,NULL,2,37.51566700000000,126.67302000000000,'다루',1,'2023-02-17 10:28:55',324,0,7.9),(5063,2,7,1,52,1,2,1,NULL,NULL,2,37.51566700000000,126.67302000000000,'하루',1,'2023-02-17 10:28:55',324,0,7.1),(5064,1,8,0,3,7,1,3,NULL,NULL,1,37.51566700000000,126.67302000000000,'뽀식이',2,'2023-02-17 10:28:55',324,0,7.5),(5065,1,9,1,7,2,1,4,NULL,NULL,1,37.51566700000000,126.67302000000000,'로리',1,'2023-02-17 10:28:55',324,0,8.6),(5066,2,10,1,38,3,2,3,NULL,NULL,1,37.51566700000000,126.67302000000000,'까미',2,'2023-02-17 10:28:55',324,0,3.7),(5067,1,11,1,137,3,3,2,NULL,NULL,1,37.51566700000000,126.67302000000000,'존',2,'2023-02-17 10:28:55',324,0,9.4),(5068,1,12,1,38,3,2,1,NULL,NULL,2,37.51566700000000,126.67302000000000,'퍼팅',2,'2023-02-17 10:28:55',324,0,8.7),(5069,1,13,1,37,7,2,4,NULL,NULL,1,37.51566700000000,126.67302000000000,'산타',2,'2023-02-17 10:28:55',324,0,10.7),(5070,3,14,1,38,6,2,3,NULL,NULL,1,37.51566700000000,126.67302000000000,'마로',1,'2023-02-17 10:28:55',324,0,8.6),(5071,1,15,1,8,6,1,3,NULL,NULL,1,37.51566700000000,126.67302000000000,'제이든',1,'2023-02-17 10:28:55',324,0,12.8),(5072,1,16,1,52,1,2,4,NULL,NULL,1,37.51566700000000,126.67302000000000,'콩이',2,'2023-02-17 10:28:55',324,0,7.5),(5073,1,17,1,7,4,1,3,NULL,NULL,1,37.51566700000000,126.67302000000000,'은우',1,'2023-02-17 10:28:55',324,0,7.2),(5074,2,18,0,7,4,1,3,NULL,NULL,1,37.51566700000000,126.67302000000000,'대니',1,'2023-02-17 10:28:55',324,0,10.6),(5075,2,19,1,37,1,2,3,NULL,NULL,1,37.51566700000000,126.67302000000000,'콩이',2,'2023-02-17 10:28:55',324,0,3.4),(5076,2,20,1,137,1,3,3,NULL,NULL,1,37.51566700000000,126.67302000000000,'로쉐',1,'2023-02-17 10:28:55',324,0,3.8),(5077,2,21,1,NULL,1,5,4,NULL,NULL,1,37.51566700000000,126.67302000000000,'팡두',1,'2023-02-17 10:28:55',324,0,9.3),(5078,1,22,1,7,4,1,1,NULL,NULL,1,37.51566700000000,126.67302000000000,'우유',2,'2023-02-17 10:28:55',324,0,9.4),(5079,1,23,0,8,7,1,2,NULL,NULL,1,37.51566700000000,126.67302000000000,'보리',1,'2023-02-17 10:28:55',324,0,4.6),(5080,1,24,1,7,2,1,1,NULL,NULL,2,37.51566700000000,126.67302000000000,'하양',2,'2023-02-17 10:28:55',324,0,7.6),(5081,5,25,0,7,7,1,2,NULL,NULL,1,37.51566700000000,126.67302000000000,'다정이',1,'2023-02-17 10:28:55',324,0,7.4),(5082,1,26,1,42,5,2,3,NULL,NULL,1,37.51566700000000,126.67302000000000,'디오',2,'2023-02-17 10:28:55',324,0,6.8),(5083,6,28,1,8,2,1,1,NULL,NULL,1,37.51566700000000,126.67302000000000,'밥풀',1,'2023-02-17 10:28:55',324,0,5.3),(5084,1,29,1,7,4,1,1,NULL,NULL,1,37.51566700000000,126.67302000000000,'럭키',2,'2023-02-17 10:28:55',324,0,5.6),(5085,1,31,1,NULL,1,9,3,NULL,NULL,1,37.51566700000000,126.67302000000000,'푸딩',2,'2023-02-17 10:28:55',324,0,9.6),(5086,1,32,1,NULL,1,4,4,NULL,NULL,2,37.51566700000000,126.67302000000000,'봉순이',1,'2023-02-17 10:28:55',324,0,5.1),(5087,1,1,1,38,1,2,1,NULL,NULL,1,37.51566700000000,126.67302000000000,'진구',2,'2023-02-17 10:28:55',324,0,7.5),(5088,1,2,1,37,7,2,3,NULL,NULL,1,37.51566700000000,126.67302000000000,'칸쵸',2,'2023-02-17 10:28:55',324,0,3.6),(5089,2,3,1,NULL,6,8,3,NULL,NULL,1,37.51566700000000,126.67302000000000,'코코',1,'2023-02-17 10:28:55',324,0,8.3),(5090,1,4,1,42,1,2,1,NULL,NULL,1,37.51566700000000,126.67302000000000,'로또',2,'2023-02-17 10:28:55',324,0,7.6),(5091,1,5,1,NULL,6,8,3,NULL,NULL,1,37.51566700000000,126.67302000000000,'감자',1,'2023-02-17 10:28:55',324,0,7.6),(5092,1,6,1,37,1,2,3,NULL,NULL,2,37.51566700000000,126.67302000000000,'토끼',1,'2023-02-17 10:28:55',324,0,9.5),(5093,1,7,1,NULL,1,4,1,NULL,NULL,2,37.51566700000000,126.67302000000000,'도담',2,'2023-02-17 10:28:55',324,0,6.8),(5094,1,8,1,8,7,1,1,NULL,NULL,1,37.51566700000000,126.67302000000000,'코코',2,'2023-02-17 10:28:55',324,0,4.8),(5095,2,9,1,4,2,1,4,NULL,NULL,1,37.51566700000000,126.67302000000000,'텡구',1,'2023-02-17 10:28:55',324,0,9.1),(5096,2,10,1,38,1,2,3,NULL,NULL,2,37.51566700000000,126.67302000000000,'알콩이',2,'2023-02-17 10:28:55',324,0,2.1),(5097,1,11,1,137,3,3,2,NULL,NULL,1,37.51566700000000,126.67302000000000,'지돌이',2,'2023-02-17 10:28:55',324,0,10.8),(5098,1,12,1,38,1,2,2,NULL,NULL,2,37.51566700000000,126.67302000000000,'번개',2,'2023-02-17 10:28:55',324,0,7.1),(5099,1,13,1,37,7,2,4,NULL,NULL,2,37.51566700000000,126.67302000000000,'쯔위',1,'2023-02-17 10:28:55',324,0,9.4),(5100,2,14,1,38,6,2,3,NULL,NULL,1,37.51566700000000,126.67302000000000,'땡이',1,'2023-02-17 10:28:55',324,0,10.7),(5101,1,15,1,8,6,1,3,NULL,NULL,1,37.51566700000000,126.67302000000000,'로운',2,'2023-02-17 10:28:55',324,0,6.7),(5102,1,16,1,52,1,2,4,NULL,NULL,1,37.51566700000000,126.67302000000000,'송이',2,'2023-02-17 10:28:55',324,0,7.3),(5103,1,17,1,7,4,1,3,NULL,NULL,1,37.51566700000000,126.67302000000000,'단비',2,'2023-02-17 10:28:55',324,0,6.4),(5104,1,18,1,7,4,1,3,NULL,NULL,1,37.51566700000000,126.67302000000000,'두찌',2,'2023-02-17 10:28:55',324,0,9.6),(5105,4,19,0,52,1,2,3,NULL,NULL,1,37.51566700000000,126.67302000000000,'테일',1,'2023-02-17 10:28:55',324,0,3.1),(5106,3,20,1,37,6,2,3,NULL,NULL,1,37.51566700000000,126.67302000000000,'레옹',1,'2023-02-17 10:28:55',324,0,4.6),(5107,2,21,1,3,1,1,4,NULL,NULL,1,37.51566700000000,126.67302000000000,'맥스',1,'2023-02-17 10:28:55',324,0,7.6),(5108,1,22,1,7,1,1,1,NULL,NULL,1,37.51566700000000,126.67302000000000,'앙꼬',1,'2023-02-17 10:28:55',324,0,16.8),(5109,1,23,0,8,4,1,2,NULL,NULL,1,37.51566700000000,126.67302000000000,'라떼',1,'2023-02-17 10:28:55',324,0,4.1),(5110,1,24,1,7,2,1,1,NULL,NULL,1,37.51566700000000,126.67302000000000,'하얀이',2,'2023-02-17 10:28:55',324,0,3.9),(5111,3,25,0,7,7,1,2,NULL,NULL,2,37.51566700000000,126.67302000000000,'마떼',2,'2023-02-17 10:28:55',324,0,5.3),(5112,1,26,0,42,5,2,3,NULL,NULL,1,37.51566700000000,126.67302000000000,'까까',2,'2023-02-17 10:28:55',324,0,6.1),(5113,1,28,1,NULL,2,9,1,NULL,NULL,1,37.51566700000000,126.67302000000000,'보리',2,'2023-02-17 10:28:55',324,0,3.8),(5114,1,29,1,52,4,2,1,NULL,NULL,1,37.51566700000000,126.67302000000000,'산이',2,'2023-02-17 10:28:55',324,0,5.9),(5115,1,31,1,NULL,4,10,2,NULL,NULL,2,37.51566700000000,126.67302000000000,'말리',2,'2023-02-17 10:28:55',324,0,6.2),(5116,1,32,1,52,1,2,4,NULL,NULL,2,37.51566700000000,126.67302000000000,'나나',2,'2023-02-17 10:28:55',324,0,4.8),(5117,1,1,1,7,4,1,1,NULL,NULL,2,37.51566700000000,126.67302000000000,'세찌',2,'2023-02-17 10:28:55',324,0,5.6),(5118,5,2,1,52,7,2,3,NULL,NULL,2,37.51566700000000,126.67302000000000,'뽀삐',1,'2023-02-17 10:28:55',324,0,7.6),(5119,7,3,1,8,6,1,3,NULL,NULL,1,37.51566700000000,126.67302000000000,'아찌',1,'2023-02-17 10:28:55',324,0,12.6),(5120,1,4,1,37,1,2,1,NULL,NULL,1,37.51566700000000,126.67302000000000,'탄이',2,'2023-02-17 10:28:55',324,0,5.4),(5121,1,5,1,NULL,6,8,3,NULL,NULL,2,37.51566700000000,126.67302000000000,'뭉치',1,'2023-02-17 10:28:55',324,0,11.8),(5122,1,6,1,37,7,2,3,NULL,NULL,1,37.51566700000000,126.67302000000000,'토리',1,'2023-02-17 10:28:55',324,0,7.8),(5123,2,7,0,52,1,2,1,NULL,NULL,1,37.51566700000000,126.67302000000000,'심바',1,'2023-02-17 10:28:55',324,0,8.4),(5124,2,8,1,42,7,2,3,NULL,NULL,2,37.51566700000000,126.67302000000000,'후추',1,'2023-02-17 10:28:55',324,0,7.4),(5125,1,9,1,NULL,2,5,4,NULL,NULL,2,37.51566700000000,126.67302000000000,'옥자',1,'2023-02-17 10:28:55',324,0,6.1),(5126,1,10,1,38,7,2,3,NULL,NULL,1,37.51566700000000,126.67302000000000,'요시',2,'2023-02-17 10:28:55',324,0,2.6),(5127,1,11,1,37,7,2,2,NULL,NULL,1,37.51566700000000,126.67302000000000,'찹찹이',2,'2023-02-17 10:28:55',324,0,6.7),(5128,1,12,1,38,3,2,2,NULL,NULL,2,37.51566700000000,126.67302000000000,'폴로',2,'2023-02-17 10:28:55',324,0,8.1),(5129,7,13,1,37,7,2,4,NULL,NULL,1,37.51566700000000,126.67302000000000,'순디',1,'2023-02-17 10:28:55',324,0,11.7),(5130,8,14,1,8,6,1,3,NULL,NULL,1,37.51566700000000,126.67302000000000,'코지',2,'2023-02-17 10:28:55',324,0,12.6),(5131,1,15,1,8,6,1,2,NULL,NULL,2,37.51566700000000,126.67302000000000,'장군이',1,'2023-02-17 10:28:55',324,0,15.7),(5132,1,16,1,52,1,2,4,NULL,NULL,2,37.51566700000000,126.67302000000000,'순심이',2,'2023-02-17 10:28:55',324,0,8.6),(5133,1,17,0,7,4,1,3,NULL,NULL,1,37.51566700000000,126.67302000000000,'사랑이',1,'2023-02-17 10:28:55',324,0,6.7),(5134,1,18,1,7,4,1,3,NULL,NULL,1,37.51566700000000,126.67302000000000,'미룡',2,'2023-02-17 10:28:55',324,0,9.4),(5135,5,19,0,52,1,2,3,NULL,NULL,1,37.51566700000000,126.67302000000000,'보리',1,'2023-02-17 10:28:55',324,0,4.2),(5136,2,20,1,52,1,2,3,NULL,NULL,1,37.51566700000000,126.67302000000000,'뻐니',1,'2023-02-17 10:28:55',324,0,4.3),(5137,1,21,1,NULL,1,5,4,NULL,NULL,2,37.51566700000000,126.67302000000000,'꽁지',2,'2023-02-17 10:28:55',324,0,6.8),(5138,1,22,1,7,1,1,1,NULL,NULL,2,37.51566700000000,126.67302000000000,'하오',2,'2023-02-17 10:28:55',324,0,7.6),(5139,1,23,1,8,7,1,2,NULL,NULL,1,37.51566700000000,126.67302000000000,'초코',2,'2023-02-17 10:28:55',324,0,3.1),(5140,4,24,1,7,4,1,1,NULL,NULL,1,37.51566700000000,126.67302000000000,'시월이',1,'2023-02-17 10:28:55',324,0,5.9),(5141,1,25,1,38,7,2,2,NULL,NULL,1,37.51566700000000,126.67302000000000,'아남',2,'2023-02-17 10:28:55',324,0,4.3),(5142,2,26,1,52,5,2,3,NULL,NULL,2,37.51566700000000,126.67302000000000,'루이',1,'2023-02-17 10:28:55',324,0,6.1),(5143,1,28,1,38,2,2,1,NULL,NULL,1,37.51566700000000,126.67302000000000,'로켓',2,'2023-02-17 10:28:55',324,0,4.2),(5144,1,29,1,8,4,1,1,NULL,NULL,1,37.51566700000000,126.67302000000000,'구구',2,'2023-02-17 10:28:55',324,0,4.6),(5145,1,31,1,8,4,1,2,NULL,NULL,1,37.51566700000000,126.67302000000000,'대지&순대',2,'2023-02-17 10:28:55',324,0,4.6),(5146,2,32,1,NULL,1,4,4,NULL,NULL,1,37.51566700000000,126.67302000000000,'호야',1,'2023-02-17 10:28:55',324,0,5.6),(5147,1,1,1,7,1,1,1,NULL,NULL,1,37.50369000000000,126.70998000000000,'진돌이',2,'2023-02-17 10:31:32',397,0,5.1),(5148,1,2,1,52,7,2,3,NULL,NULL,1,37.50369000000000,126.70998000000000,'츄츄',2,'2023-02-17 10:31:32',397,0,3.8),(5149,1,3,1,5,6,1,3,NULL,NULL,2,37.50369000000000,126.70998000000000,'뭉치',2,'2023-02-17 10:31:32',397,0,6.8),(5150,1,4,1,37,1,2,1,NULL,NULL,1,37.50369000000000,126.70998000000000,'루이',2,'2023-02-17 10:31:32',397,0,5.6),(5151,1,5,1,NULL,6,8,3,NULL,NULL,1,37.50369000000000,126.70998000000000,'루미',2,'2023-02-17 10:31:32',397,0,4.7),(5152,3,6,1,37,4,2,3,NULL,NULL,2,37.50369000000000,126.70998000000000,'슈비',1,'2023-02-17 10:31:32',397,0,7.9),(5153,2,7,1,52,1,2,1,NULL,NULL,2,37.50369000000000,126.70998000000000,'레이',1,'2023-02-17 10:31:32',397,0,7.1),(5154,1,8,1,3,7,1,3,NULL,NULL,1,37.50369000000000,126.70998000000000,'뽀빠이',2,'2023-02-17 10:31:32',397,0,7.5),(5155,1,9,0,7,2,1,4,NULL,NULL,1,37.50369000000000,126.70998000000000,'글리',1,'2023-02-17 10:31:32',397,0,8.6),(5156,2,10,1,38,3,2,3,NULL,NULL,1,37.50369000000000,126.70998000000000,'요미',2,'2023-02-17 10:31:32',397,0,3.7),(5157,1,11,1,137,3,3,2,NULL,NULL,1,37.50369000000000,126.70998000000000,'시나',2,'2023-02-17 10:31:32',397,0,9.4),(5158,1,12,1,38,3,2,1,NULL,NULL,2,37.50369000000000,126.70998000000000,'토르',2,'2023-02-17 10:31:32',397,0,8.7),(5159,1,13,1,37,7,2,4,NULL,NULL,1,37.50369000000000,126.70998000000000,'산타',2,'2023-02-17 10:31:32',397,0,10.7),(5160,3,14,1,38,6,2,3,NULL,NULL,1,37.50369000000000,126.70998000000000,'훈이',1,'2023-02-17 10:31:32',397,0,8.6),(5161,1,15,1,8,6,1,3,NULL,NULL,1,37.50369000000000,126.70998000000000,'리리코',1,'2023-02-17 10:31:32',397,0,12.8),(5162,1,16,1,52,1,2,4,NULL,NULL,1,37.50369000000000,126.70998000000000,'나래',2,'2023-02-17 10:31:32',397,0,7.5),(5163,1,17,1,7,4,1,3,NULL,NULL,1,37.50369000000000,126.70998000000000,'하얀이',1,'2023-02-17 10:31:32',397,0,7.2),(5164,2,18,0,7,4,1,3,NULL,NULL,1,37.50369000000000,126.70998000000000,'들레',1,'2023-02-17 10:31:32',397,0,10.6),(5165,2,19,1,37,1,2,3,NULL,NULL,1,37.50369000000000,126.70998000000000,'까미',2,'2023-02-17 10:31:32',397,0,3.4),(5166,2,20,1,137,1,3,3,NULL,NULL,1,37.50369000000000,126.70998000000000,'프리',1,'2023-02-17 10:31:32',397,0,3.8),(5167,2,21,1,NULL,1,5,4,NULL,NULL,1,37.50369000000000,126.70998000000000,'테리',1,'2023-02-17 10:31:32',397,0,9.3),(5168,1,22,1,7,4,1,1,NULL,NULL,1,37.50369000000000,126.70998000000000,'소금이',2,'2023-02-17 10:31:32',397,0,9.4),(5169,1,23,0,8,7,1,2,NULL,NULL,1,37.50369000000000,126.70998000000000,'햅쌀이',1,'2023-02-17 10:31:32',397,0,4.6),(5170,1,24,1,7,2,1,1,NULL,NULL,2,37.50369000000000,126.70998000000000,'하양',2,'2023-02-17 10:31:32',397,0,7.6),(5171,5,25,0,7,7,1,2,NULL,NULL,1,37.50369000000000,126.70998000000000,'페니',1,'2023-02-17 10:31:32',397,0,7.4),(5172,1,26,1,42,5,2,3,NULL,NULL,1,37.50369000000000,126.70998000000000,'디오',2,'2023-02-17 10:31:32',397,0,6.8),(5173,6,28,1,8,2,1,1,NULL,NULL,1,37.50369000000000,126.70998000000000,'바비',1,'2023-02-17 10:31:32',397,0,5.3),(5174,1,29,1,7,4,1,1,NULL,NULL,1,37.50369000000000,126.70998000000000,'복실이',2,'2023-02-17 10:31:32',397,0,5.6),(5175,1,31,1,NULL,1,9,3,NULL,NULL,1,37.50369000000000,126.70998000000000,'푸우',2,'2023-02-17 10:31:32',397,0,9.6),(5176,1,32,1,NULL,1,4,4,NULL,NULL,2,37.50369000000000,126.70998000000000,'봉순이',1,'2023-02-17 10:31:32',397,0,5.1),(5177,1,1,1,NULL,0,8,4,NULL,'2023-02-17',1,NULL,NULL,NULL,2,'2023-02-17 10:36:11',380,0,2),(5178,1,2,1,NULL,0,8,4,NULL,'2023-02-17',1,NULL,NULL,NULL,2,'2023-02-17 10:36:11',369,0,2),(5179,1,3,1,NULL,0,8,4,NULL,'2023-02-17',1,NULL,NULL,NULL,2,'2023-02-17 10:36:11',431,0,2),(5180,1,4,1,NULL,0,8,4,NULL,'2023-02-17',1,NULL,NULL,NULL,2,'2023-02-17 10:36:11',319,0,2),(5181,1,5,1,NULL,0,8,4,NULL,'2023-02-17',1,NULL,NULL,NULL,2,'2023-02-17 10:36:11',396,0,2),(5182,1,6,1,NULL,0,8,4,NULL,'2023-02-17',1,NULL,NULL,NULL,2,'2023-02-17 10:36:11',349,0,2),(5183,1,7,1,NULL,0,8,4,NULL,'2023-02-17',1,NULL,NULL,NULL,2,'2023-02-17 10:36:12',344,0,2),(5184,1,8,1,NULL,0,8,4,NULL,'2023-02-17',1,NULL,NULL,NULL,2,'2023-02-17 10:36:12',345,0,2),(5185,1,9,1,NULL,0,8,4,NULL,'2023-02-17',1,NULL,NULL,NULL,2,'2023-02-17 10:36:12',447,0,2),(5186,1,10,1,NULL,0,8,4,NULL,'2023-02-17',1,NULL,NULL,NULL,2,'2023-02-17 10:36:12',387,0,2),(5187,1,11,1,NULL,0,8,4,NULL,'2023-02-17',1,NULL,NULL,NULL,2,'2023-02-17 10:36:12',418,0,2),(5188,1,12,1,NULL,0,8,4,NULL,'2023-02-17',1,NULL,NULL,NULL,2,'2023-02-17 10:36:12',471,0,2),(5189,1,13,1,NULL,0,8,4,NULL,'2023-02-17',1,NULL,NULL,NULL,2,'2023-02-17 10:36:12',331,0,2),(5190,1,14,1,NULL,0,8,4,NULL,'2023-02-17',1,NULL,NULL,NULL,2,'2023-02-17 10:36:12',444,0,2),(5191,1,15,1,NULL,0,8,4,NULL,'2023-02-17',1,NULL,NULL,NULL,2,'2023-02-17 10:36:12',412,0,2),(5192,1,16,1,NULL,0,8,4,NULL,'2023-02-17',1,NULL,NULL,NULL,2,'2023-02-17 10:36:12',441,0,2),(5193,1,1,1,NULL,0,8,4,NULL,'2023-02-17',1,NULL,NULL,NULL,2,'2023-02-17 10:36:13',485,0,2),(5194,1,2,1,NULL,0,8,4,NULL,'2023-02-17',1,NULL,NULL,NULL,2,'2023-02-17 10:36:13',434,0,2),(5195,1,4,1,NULL,0,8,4,NULL,'2023-02-17',1,NULL,NULL,NULL,2,'2023-02-17 10:36:13',386,0,2),(5196,1,5,1,NULL,0,8,4,NULL,'2023-02-17',1,NULL,NULL,NULL,2,'2023-02-17 10:36:13',473,0,2),(5197,1,7,1,NULL,0,8,4,NULL,'2023-02-17',1,NULL,NULL,NULL,2,'2023-02-17 10:36:13',343,0,2),(5198,1,8,1,NULL,0,8,4,NULL,'2023-02-17',1,NULL,NULL,NULL,2,'2023-02-17 10:36:13',408,0,2),(5199,1,9,1,NULL,0,8,4,NULL,'2023-02-17',1,NULL,NULL,NULL,2,'2023-02-17 10:36:13',353,0,2),(5200,1,10,1,NULL,0,8,4,NULL,'2023-02-17',1,NULL,NULL,NULL,2,'2023-02-17 10:36:13',473,0,2),(5201,1,11,1,NULL,0,8,4,NULL,'2023-02-17',1,NULL,NULL,NULL,2,'2023-02-17 10:36:13',378,0,2),(5202,1,12,1,NULL,0,8,4,NULL,'2023-02-17',1,NULL,NULL,NULL,2,'2023-02-17 10:36:13',334,0,2),(5203,1,13,1,NULL,0,8,4,NULL,'2023-02-17',1,NULL,NULL,NULL,2,'2023-02-17 10:36:14',424,0,2),(5204,1,14,1,NULL,0,8,4,NULL,'2023-02-17',1,NULL,NULL,NULL,2,'2023-02-17 10:36:14',482,0,2),(5205,1,15,1,NULL,0,8,4,NULL,'2023-02-17',1,NULL,NULL,NULL,2,'2023-02-17 10:36:14',330,0,2),(5206,1,16,1,NULL,0,8,4,NULL,'2023-02-17',1,NULL,NULL,NULL,2,'2023-02-17 10:36:14',408,0,2),(5207,1,1,1,NULL,0,8,4,NULL,'2023-02-17',1,NULL,NULL,NULL,2,'2023-02-17 10:36:14',335,0,2),(5208,1,2,1,NULL,0,8,4,NULL,'2023-02-17',1,NULL,NULL,NULL,2,'2023-02-17 10:36:14',376,0,2),(5209,1,3,1,NULL,0,8,4,NULL,'2023-02-17',1,NULL,NULL,NULL,2,'2023-02-17 10:36:14',466,0,2),(5210,1,4,1,NULL,0,8,4,NULL,'2023-02-17',1,NULL,NULL,NULL,2,'2023-02-17 10:36:14',390,0,2),(5211,1,5,1,NULL,0,8,4,NULL,'2023-02-17',1,NULL,NULL,NULL,2,'2023-02-17 10:36:14',401,0,2),(5212,1,6,1,NULL,0,8,4,NULL,'2023-02-17',1,NULL,NULL,NULL,2,'2023-02-17 10:36:14',317,0,2),(5213,1,7,1,NULL,0,8,4,NULL,'2023-02-17',1,NULL,NULL,NULL,2,'2023-02-17 10:36:15',469,0,2),(5214,1,8,1,NULL,0,8,4,NULL,'2023-02-17',1,NULL,NULL,NULL,2,'2023-02-17 10:36:15',334,0,2),(5215,1,9,1,NULL,0,8,4,NULL,'2023-02-17',1,NULL,NULL,NULL,2,'2023-02-17 10:36:15',412,0,2),(5216,1,10,1,NULL,0,8,4,NULL,'2023-02-17',1,NULL,NULL,NULL,2,'2023-02-17 10:36:15',469,0,2),(5217,1,11,1,NULL,0,8,4,NULL,'2023-02-17',1,NULL,NULL,NULL,2,'2023-02-17 10:36:15',449,0,2),(5218,1,12,1,NULL,0,8,4,NULL,'2023-02-17',1,NULL,NULL,NULL,2,'2023-02-17 10:36:15',347,0,2),(5219,1,13,1,NULL,0,8,4,NULL,'2023-02-17',1,NULL,NULL,NULL,2,'2023-02-17 10:36:15',NULL,0,2),(5220,1,14,1,NULL,0,8,4,NULL,'2023-02-17',1,NULL,NULL,NULL,2,'2023-02-17 10:36:15',454,0,2),(5221,1,15,1,NULL,0,8,4,NULL,'2023-02-17',1,NULL,NULL,NULL,2,'2023-02-17 10:36:15',436,0,2),(5222,1,16,1,NULL,0,8,4,NULL,'2023-02-17',1,NULL,NULL,NULL,2,'2023-02-17 10:36:15',464,0,2),(5223,1,2,1,NULL,0,8,4,NULL,'2023-02-17',1,NULL,NULL,NULL,2,'2023-02-17 10:36:16',359,0,2),(5224,1,3,1,NULL,0,8,4,NULL,'2023-02-17',1,NULL,NULL,NULL,2,'2023-02-17 10:36:16',461,0,2),(5225,1,5,1,NULL,0,8,4,NULL,'2023-02-17',1,NULL,NULL,NULL,2,'2023-02-17 10:36:16',417,0,2),(5226,1,6,1,NULL,0,8,4,NULL,'2023-02-17',1,NULL,NULL,NULL,2,'2023-02-17 10:36:16',394,0,2),(5227,1,7,1,NULL,0,8,4,NULL,'2023-02-17',1,NULL,NULL,NULL,2,'2023-02-17 10:36:16',471,0,2),(5228,1,8,1,NULL,0,8,4,NULL,'2023-02-17',1,NULL,NULL,NULL,2,'2023-02-17 10:36:16',320,0,2),(5229,1,9,1,NULL,0,8,4,NULL,'2023-02-17',1,NULL,NULL,NULL,2,'2023-02-17 10:36:16',350,0,2),(5230,1,10,1,NULL,0,8,4,NULL,'2023-02-17',1,NULL,NULL,NULL,2,'2023-02-17 10:36:16',356,0,2),(5231,1,11,1,NULL,0,8,4,NULL,'2023-02-17',1,NULL,NULL,NULL,2,'2023-02-17 10:36:16',351,0,2),(5232,1,12,1,NULL,0,8,4,NULL,'2023-02-17',1,NULL,NULL,NULL,2,'2023-02-17 10:36:17',478,0,2),(5233,1,13,1,NULL,0,8,4,NULL,'2023-02-17',1,NULL,NULL,NULL,2,'2023-02-17 10:36:17',436,0,2),(5234,1,15,1,NULL,0,8,4,NULL,'2023-02-17',1,NULL,NULL,NULL,2,'2023-02-17 10:36:17',386,0,2),(5235,1,16,1,NULL,0,8,4,NULL,'2023-02-17',1,NULL,NULL,NULL,2,'2023-02-17 10:36:17',456,0,2),(5236,1,1,1,NULL,0,8,4,NULL,'2023-02-17',1,NULL,NULL,NULL,2,'2023-02-17 10:36:17',374,0,2),(5237,1,2,1,NULL,0,8,4,NULL,'2023-02-17',1,NULL,NULL,NULL,2,'2023-02-17 10:36:17',440,0,2),(5238,1,3,1,NULL,0,8,4,NULL,'2023-02-17',1,NULL,NULL,NULL,2,'2023-02-17 10:36:17',368,0,2),(5239,1,4,1,NULL,0,8,4,NULL,'2023-02-17',1,NULL,NULL,NULL,2,'2023-02-17 10:36:17',360,0,2),(5240,1,5,1,NULL,0,8,4,NULL,'2023-02-17',1,NULL,NULL,NULL,2,'2023-02-17 10:36:17',408,0,2),(5241,1,6,1,NULL,0,8,4,NULL,'2023-02-17',1,NULL,NULL,NULL,2,'2023-02-17 10:36:18',386,0,2),(5242,1,7,1,NULL,0,8,4,NULL,'2023-02-17',1,NULL,NULL,NULL,2,'2023-02-17 10:36:18',470,0,2),(5243,1,8,1,NULL,0,8,4,NULL,'2023-02-17',1,NULL,NULL,NULL,2,'2023-02-17 10:36:18',415,0,2),(5244,1,9,1,NULL,0,8,4,NULL,'2023-02-17',1,NULL,NULL,NULL,2,'2023-02-17 10:36:18',400,0,2),(5245,1,10,1,NULL,0,8,4,NULL,'2023-02-17',1,NULL,NULL,NULL,2,'2023-02-17 10:36:18',330,0,2),(5246,1,11,1,NULL,0,8,4,NULL,'2023-02-17',1,NULL,NULL,NULL,2,'2023-02-17 10:36:18',449,0,2),(5247,1,12,1,NULL,0,8,4,NULL,'2023-02-17',1,NULL,NULL,NULL,2,'2023-02-17 10:36:18',447,0,2),(5248,1,13,1,NULL,0,8,4,NULL,'2023-02-17',1,NULL,NULL,NULL,2,'2023-02-17 10:36:18',NULL,0,2),(5249,1,14,1,NULL,0,8,4,NULL,'2023-02-17',1,NULL,NULL,NULL,2,'2023-02-17 10:36:18',416,0,2),(5250,1,15,1,NULL,0,8,4,NULL,'2023-02-17',1,NULL,NULL,NULL,2,'2023-02-17 10:36:18',369,0,2),(5251,1,16,1,NULL,0,8,4,NULL,'2023-02-17',1,NULL,NULL,NULL,2,'2023-02-17 10:36:19',359,0,2),(5252,1,1,1,NULL,0,8,4,NULL,'2023-02-17',1,NULL,NULL,NULL,2,'2023-02-17 10:36:19',439,0,2),(5253,1,2,1,NULL,0,8,4,NULL,'2023-02-17',1,NULL,NULL,NULL,2,'2023-02-17 10:36:19',449,0,2),(5254,1,3,1,NULL,0,8,4,NULL,'2023-02-17',1,NULL,NULL,NULL,2,'2023-02-17 10:36:19',367,0,2),(5255,1,4,1,NULL,0,8,4,NULL,'2023-02-17',1,NULL,NULL,NULL,2,'2023-02-17 10:36:19',386,0,2),(5256,1,5,1,NULL,0,8,4,NULL,'2023-02-17',1,NULL,NULL,NULL,2,'2023-02-17 10:36:19',468,0,2),(5257,1,6,1,NULL,0,8,4,NULL,'2023-02-17',1,NULL,NULL,NULL,2,'2023-02-17 10:36:19',334,0,2),(5258,1,7,1,NULL,0,8,4,NULL,'2023-02-17',1,NULL,NULL,NULL,2,'2023-02-17 10:36:19',402,0,2),(5259,1,8,1,NULL,0,8,4,NULL,'2023-02-17',1,NULL,NULL,NULL,2,'2023-02-17 10:36:19',415,0,2),(5260,1,9,1,NULL,0,8,4,NULL,'2023-02-17',1,NULL,NULL,NULL,2,'2023-02-17 10:36:20',473,0,2),(5261,1,10,1,NULL,0,8,4,NULL,'2023-02-17',1,NULL,NULL,NULL,2,'2023-02-17 10:36:20',393,0,2),(5262,1,11,1,NULL,0,8,4,NULL,'2023-02-17',1,NULL,NULL,NULL,2,'2023-02-17 10:36:20',334,0,2),(5263,1,12,1,NULL,0,8,4,NULL,'2023-02-17',1,NULL,NULL,NULL,2,'2023-02-17 10:36:20',330,0,2),(5264,1,13,1,NULL,0,8,4,NULL,'2023-02-17',1,NULL,NULL,NULL,2,'2023-02-17 10:36:20',406,0,2),(5265,1,14,1,NULL,0,8,4,NULL,'2023-02-17',1,NULL,NULL,NULL,2,'2023-02-17 10:36:20',394,0,2),(5266,1,15,1,NULL,0,8,4,NULL,'2023-02-17',1,NULL,NULL,NULL,2,'2023-02-17 10:36:20',390,0,2),(5267,1,16,1,NULL,0,8,4,NULL,'2023-02-17',1,NULL,NULL,NULL,2,'2023-02-17 10:36:20',370,0,2),(5268,1,1,1,NULL,0,8,4,NULL,'2023-02-17',1,NULL,NULL,NULL,2,'2023-02-17 10:36:20',493,0,2),(5269,1,2,1,NULL,0,8,4,NULL,'2023-02-17',1,NULL,NULL,NULL,2,'2023-02-17 10:36:21',348,0,2),(5270,1,3,1,NULL,0,8,4,NULL,'2023-02-17',1,NULL,NULL,NULL,2,'2023-02-17 10:36:21',354,0,2),(5271,1,4,1,NULL,0,8,4,NULL,'2023-02-17',1,NULL,NULL,NULL,2,'2023-02-17 10:36:21',367,0,2),(5272,1,5,1,NULL,0,8,4,NULL,'2023-02-17',1,NULL,NULL,NULL,2,'2023-02-17 10:36:21',389,0,2),(5273,1,6,1,NULL,0,8,4,NULL,'2023-02-17',1,NULL,NULL,NULL,2,'2023-02-17 10:36:21',433,0,2),(5274,1,7,1,NULL,0,8,4,NULL,'2023-02-17',1,NULL,NULL,NULL,2,'2023-02-17 10:36:21',343,0,2),(5275,1,8,1,NULL,0,8,4,NULL,'2023-02-17',1,NULL,NULL,NULL,2,'2023-02-17 10:36:21',360,0,2),(5276,1,9,1,NULL,0,8,4,NULL,'2023-02-17',1,NULL,NULL,NULL,2,'2023-02-17 10:36:21',456,0,2),(5277,1,10,1,NULL,0,8,4,NULL,'2023-02-17',1,NULL,NULL,NULL,2,'2023-02-17 10:36:21',399,0,2),(5278,1,11,1,NULL,0,8,4,NULL,'2023-02-17',1,NULL,NULL,NULL,2,'2023-02-17 10:36:21',348,0,2),(5279,1,12,1,NULL,0,8,4,NULL,'2023-02-17',1,NULL,NULL,NULL,2,'2023-02-17 10:36:22',331,0,2),(5280,1,13,1,NULL,0,8,4,NULL,'2023-02-17',1,NULL,NULL,NULL,2,'2023-02-17 10:36:22',460,0,2),(5281,1,14,1,NULL,0,8,4,NULL,'2023-02-17',1,NULL,NULL,NULL,2,'2023-02-17 10:36:22',319,0,2),(5282,1,15,1,NULL,0,8,4,NULL,'2023-02-17',1,NULL,NULL,NULL,2,'2023-02-17 10:36:22',467,0,2),(5283,1,16,1,NULL,0,8,4,NULL,'2023-02-17',1,NULL,NULL,NULL,2,'2023-02-17 10:36:22',342,0,2),(5284,1,1,1,NULL,0,8,4,NULL,'2023-02-17',1,NULL,NULL,NULL,2,'2023-02-17 10:36:22',444,0,2),(5285,1,2,1,NULL,0,8,4,NULL,'2023-02-17',1,NULL,NULL,NULL,2,'2023-02-17 10:36:22',455,0,2),(5286,1,4,1,NULL,0,8,4,NULL,'2023-02-17',1,NULL,NULL,NULL,2,'2023-02-17 10:36:22',460,0,2),(5287,1,5,1,NULL,0,8,4,NULL,'2023-02-17',1,NULL,NULL,NULL,2,'2023-02-17 10:36:22',378,0,2),(5288,1,6,1,NULL,0,8,4,NULL,'2023-02-17',1,NULL,NULL,NULL,2,'2023-02-17 10:36:22',471,0,2),(5289,1,7,1,NULL,0,8,4,NULL,'2023-02-17',1,NULL,NULL,NULL,2,'2023-02-17 10:36:23',361,0,2),(5290,1,8,1,NULL,0,8,4,NULL,'2023-02-17',1,NULL,NULL,NULL,2,'2023-02-17 10:36:23',334,0,2),(5291,1,9,1,NULL,0,8,4,NULL,'2023-02-17',1,NULL,NULL,NULL,2,'2023-02-17 10:36:23',337,0,2),(5292,1,10,1,NULL,0,8,4,NULL,'2023-02-17',1,NULL,NULL,NULL,2,'2023-02-17 10:36:23',345,0,2),(5293,1,11,1,NULL,0,8,4,NULL,'2023-02-17',1,NULL,NULL,NULL,2,'2023-02-17 10:36:23',366,0,2),(5294,1,12,1,NULL,0,8,4,NULL,'2023-02-17',1,NULL,NULL,NULL,2,'2023-02-17 10:36:23',330,0,2),(5295,1,13,1,NULL,0,8,4,NULL,'2023-02-17',1,NULL,NULL,NULL,2,'2023-02-17 10:36:23',366,0,2),(5296,1,14,1,NULL,0,8,4,NULL,'2023-02-17',1,NULL,NULL,NULL,2,'2023-02-17 10:36:23',356,0,2),(5297,1,15,1,NULL,0,8,4,NULL,'2023-02-17',1,NULL,NULL,NULL,2,'2023-02-17 10:36:23',332,0,2),(5298,1,16,1,NULL,0,8,4,NULL,'2023-02-17',1,NULL,NULL,NULL,2,'2023-02-17 10:36:23',439,0,2),(5299,1,1,1,NULL,0,8,4,NULL,'2023-02-17',1,NULL,NULL,NULL,2,'2023-02-17 10:36:24',454,0,2),(5300,1,2,1,NULL,0,8,4,NULL,'2023-02-17',1,NULL,NULL,NULL,2,'2023-02-17 10:36:24',325,0,2),(5301,1,3,1,NULL,0,8,4,NULL,'2023-02-17',1,NULL,NULL,NULL,2,'2023-02-17 10:36:24',414,0,2),(5302,1,4,1,NULL,0,8,4,NULL,'2023-02-17',1,NULL,NULL,NULL,2,'2023-02-17 10:36:24',319,0,2),(5303,1,5,1,NULL,0,8,4,NULL,'2023-02-17',1,NULL,NULL,NULL,2,'2023-02-17 10:36:24',439,0,2),(5304,1,6,1,NULL,0,8,4,NULL,'2023-02-17',1,NULL,NULL,NULL,2,'2023-02-17 10:36:24',354,0,2),(5305,1,7,1,NULL,0,8,4,NULL,'2023-02-17',1,NULL,NULL,NULL,2,'2023-02-17 10:36:24',408,0,2),(5306,1,8,1,NULL,0,8,4,NULL,'2023-02-17',1,NULL,NULL,NULL,2,'2023-02-17 10:36:24',374,0,2),(5307,1,9,1,NULL,0,8,4,NULL,'2023-02-17',1,NULL,NULL,NULL,2,'2023-02-17 10:36:24',366,0,2),(5308,1,10,1,NULL,0,8,4,NULL,'2023-02-17',1,NULL,NULL,NULL,2,'2023-02-17 10:36:24',319,0,2),(5309,1,11,1,NULL,0,8,4,NULL,'2023-02-17',1,NULL,NULL,NULL,2,'2023-02-17 10:36:25',479,0,2),(5310,1,12,1,NULL,0,8,4,NULL,'2023-02-17',1,NULL,NULL,NULL,2,'2023-02-17 10:36:25',412,0,2),(5311,1,13,1,NULL,0,8,4,NULL,'2023-02-17',1,NULL,NULL,NULL,2,'2023-02-17 10:36:25',362,0,2),(5312,1,14,1,NULL,0,8,4,NULL,'2023-02-17',1,NULL,NULL,NULL,2,'2023-02-17 10:36:25',409,0,2),(5313,1,15,1,NULL,0,8,4,NULL,'2023-02-17',1,NULL,NULL,NULL,2,'2023-02-17 10:36:25',332,0,2),(5314,1,16,1,NULL,0,8,4,NULL,'2023-02-17',1,NULL,NULL,NULL,2,'2023-02-17 10:36:25',356,0,2),(5315,1,1,1,NULL,0,8,4,NULL,'2023-02-17',1,NULL,NULL,NULL,2,'2023-02-17 10:36:25',372,0,2),(5316,1,2,1,NULL,0,8,4,NULL,'2023-02-17',1,NULL,NULL,NULL,2,'2023-02-17 10:36:25',478,0,2),(5317,1,3,1,NULL,0,8,4,NULL,'2023-02-17',1,NULL,NULL,NULL,2,'2023-02-17 10:36:25',378,0,2),(5318,1,4,1,NULL,0,8,4,NULL,'2023-02-17',1,NULL,NULL,NULL,2,'2023-02-17 10:36:25',NULL,0,2),(5319,1,5,1,NULL,0,8,4,NULL,'2023-02-17',1,NULL,NULL,NULL,2,'2023-02-17 10:36:26',399,0,2),(5320,1,6,1,NULL,0,8,4,NULL,'2023-02-17',1,NULL,NULL,NULL,2,'2023-02-17 10:36:26',338,0,2),(5321,1,7,1,NULL,0,8,4,NULL,'2023-02-17',1,NULL,NULL,NULL,2,'2023-02-17 10:36:26',330,0,2),(5322,1,8,1,NULL,0,8,4,NULL,'2023-02-17',1,NULL,NULL,NULL,2,'2023-02-17 10:36:26',351,0,2),(5323,1,9,1,NULL,0,8,4,NULL,'2023-02-17',1,NULL,NULL,NULL,2,'2023-02-17 10:36:26',368,0,2),(5324,1,10,1,NULL,0,8,4,NULL,'2023-02-17',1,NULL,NULL,NULL,2,'2023-02-17 10:36:26',323,0,2),(5325,1,11,1,NULL,0,8,4,NULL,'2023-02-17',1,NULL,NULL,NULL,2,'2023-02-17 10:36:26',317,0,2),(5326,1,12,1,NULL,0,8,4,NULL,'2023-02-17',1,NULL,NULL,NULL,2,'2023-02-17 10:36:26',404,0,2),(5327,1,14,1,NULL,0,8,4,NULL,'2023-02-17',1,NULL,NULL,NULL,2,'2023-02-17 10:36:26',451,0,2),(5328,1,15,1,NULL,0,8,4,NULL,'2023-02-17',1,NULL,NULL,NULL,2,'2023-02-17 10:36:26',459,0,2),(5329,1,16,1,NULL,0,8,4,NULL,'2023-02-17',1,NULL,NULL,NULL,2,'2023-02-17 10:36:27',370,0,2),(5330,1,1,1,NULL,0,8,4,NULL,'2023-02-17',1,NULL,NULL,NULL,2,'2023-02-17 10:36:27',469,0,2),(5331,1,2,1,NULL,0,8,4,NULL,'2023-02-17',1,NULL,NULL,NULL,2,'2023-02-17 10:36:27',385,0,2),(5332,1,3,1,NULL,0,8,4,NULL,'2023-02-17',1,NULL,NULL,NULL,2,'2023-02-17 10:36:27',335,0,2),(5333,1,4,1,NULL,0,8,4,NULL,'2023-02-17',1,NULL,NULL,NULL,2,'2023-02-17 10:36:27',360,0,2),(5334,1,5,1,NULL,0,8,4,NULL,'2023-02-17',1,NULL,NULL,NULL,2,'2023-02-17 10:36:27',471,0,2),(5335,1,6,1,NULL,0,8,4,NULL,'2023-02-17',1,NULL,NULL,NULL,2,'2023-02-17 10:36:27',429,0,2),(5336,1,7,1,NULL,0,8,4,NULL,'2023-02-17',1,NULL,NULL,NULL,2,'2023-02-17 10:36:27',436,0,2),(5337,1,8,1,NULL,0,8,4,NULL,'2023-02-17',1,NULL,NULL,NULL,2,'2023-02-17 10:36:27',469,0,2),(5338,1,9,1,NULL,0,8,4,NULL,'2023-02-17',1,NULL,NULL,NULL,2,'2023-02-17 10:36:28',357,0,2),(5339,1,10,1,NULL,0,8,4,NULL,'2023-02-17',1,NULL,NULL,NULL,2,'2023-02-17 10:36:28',460,0,2),(5340,1,11,1,NULL,0,8,4,NULL,'2023-02-17',1,NULL,NULL,NULL,2,'2023-02-17 10:36:28',369,0,2),(5341,1,12,1,NULL,0,8,4,NULL,'2023-02-17',1,NULL,NULL,NULL,2,'2023-02-17 10:36:28',371,0,2),(5342,1,13,1,NULL,0,8,4,NULL,'2023-02-17',1,NULL,NULL,NULL,2,'2023-02-17 10:36:28',331,0,2),(5343,1,14,1,NULL,0,8,4,NULL,'2023-02-17',1,NULL,NULL,NULL,2,'2023-02-17 10:36:28',398,0,2),(5344,1,15,1,NULL,0,8,4,NULL,'2023-02-17',1,NULL,NULL,NULL,2,'2023-02-17 10:36:28',432,0,2),(5345,1,16,1,NULL,0,8,4,NULL,'2023-02-17',1,NULL,NULL,NULL,2,'2023-02-17 10:36:28',487,0,2),(5346,1,1,1,NULL,0,8,4,NULL,'2023-02-17',1,NULL,NULL,NULL,2,'2023-02-17 10:36:28',434,0,2),(5347,1,2,1,NULL,0,8,4,NULL,'2023-02-17',1,NULL,NULL,NULL,2,'2023-02-17 10:36:29',406,0,2),(5348,1,3,1,NULL,0,8,4,NULL,'2023-02-17',1,NULL,NULL,NULL,2,'2023-02-17 10:36:29',389,0,2),(5349,1,4,1,NULL,0,8,4,NULL,'2023-02-17',1,NULL,NULL,NULL,2,'2023-02-17 10:36:29',447,0,2),(5350,1,5,1,NULL,0,8,4,NULL,'2023-02-17',1,NULL,NULL,NULL,2,'2023-02-17 10:36:29',429,0,2),(5351,1,6,1,NULL,0,8,4,NULL,'2023-02-17',1,NULL,NULL,NULL,2,'2023-02-17 10:36:29',342,0,2),(5352,1,7,1,NULL,0,8,4,NULL,'2023-02-17',1,NULL,NULL,NULL,2,'2023-02-17 10:36:29',343,0,2),(5353,1,8,1,NULL,0,8,4,NULL,'2023-02-17',1,NULL,NULL,NULL,2,'2023-02-17 10:36:29',317,0,2),(5354,1,10,1,NULL,0,8,4,NULL,'2023-02-17',1,NULL,NULL,NULL,2,'2023-02-17 10:36:29',349,0,2),(5355,1,11,1,NULL,0,8,4,NULL,'2023-02-17',1,NULL,NULL,NULL,2,'2023-02-17 10:36:29',431,0,2),(5356,1,12,1,NULL,0,8,4,NULL,'2023-02-17',1,NULL,NULL,NULL,2,'2023-02-17 10:36:30',370,0,2),(5357,1,13,1,NULL,0,8,4,NULL,'2023-02-17',1,NULL,NULL,NULL,2,'2023-02-17 10:36:30',327,0,2),(5358,1,14,1,NULL,0,8,4,NULL,'2023-02-17',1,NULL,NULL,NULL,2,'2023-02-17 10:36:30',409,0,2),(5359,1,16,1,NULL,0,8,4,NULL,'2023-02-17',1,NULL,NULL,NULL,2,'2023-02-17 10:36:30',370,0,2),(5360,1,1,1,NULL,0,8,4,NULL,'2023-02-17',1,NULL,NULL,NULL,2,'2023-02-17 10:36:30',341,0,2),(5361,1,2,1,NULL,0,8,4,NULL,'2023-02-17',1,NULL,NULL,NULL,2,'2023-02-17 10:36:30',447,0,2),(5362,1,3,1,NULL,0,8,4,NULL,'2023-02-17',1,NULL,NULL,NULL,2,'2023-02-17 10:36:30',488,0,2),(5363,1,4,1,NULL,0,8,4,NULL,'2023-02-17',1,NULL,NULL,NULL,2,'2023-02-17 10:36:30',330,0,2),(5364,1,5,1,NULL,0,8,4,NULL,'2023-02-17',1,NULL,NULL,NULL,2,'2023-02-17 10:36:31',426,0,2),(5365,1,6,1,NULL,0,8,4,NULL,'2023-02-17',1,NULL,NULL,NULL,2,'2023-02-17 10:36:31',349,0,2),(5366,1,8,1,NULL,0,8,4,NULL,'2023-02-17',1,NULL,NULL,NULL,2,'2023-02-17 10:36:31',359,0,2),(5367,1,9,1,NULL,0,8,4,NULL,'2023-02-17',1,NULL,NULL,NULL,2,'2023-02-17 10:36:31',484,0,2),(5368,1,10,1,NULL,0,8,4,NULL,'2023-02-17',1,NULL,NULL,NULL,2,'2023-02-17 10:36:31',425,0,2),(5369,1,11,1,NULL,0,8,4,NULL,'2023-02-17',1,NULL,NULL,NULL,2,'2023-02-17 10:36:31',316,0,2),(5370,1,13,1,NULL,0,8,4,NULL,'2023-02-17',1,NULL,NULL,NULL,2,'2023-02-17 10:36:31',423,0,2),(5371,1,14,1,NULL,0,8,4,NULL,'2023-02-17',1,NULL,NULL,NULL,2,'2023-02-17 10:36:31',484,0,2),(5372,1,16,1,NULL,0,8,4,NULL,'2023-02-17',1,NULL,NULL,NULL,2,'2023-02-17 10:36:32',432,0,2),(5373,1,1,1,NULL,0,8,4,NULL,'2023-02-17',1,NULL,NULL,NULL,2,'2023-02-17 10:36:32',431,0,2),(5374,1,2,1,NULL,0,8,4,NULL,'2023-02-17',1,NULL,NULL,NULL,2,'2023-02-17 10:36:32',339,0,2),(5375,1,3,1,NULL,0,8,4,NULL,'2023-02-17',1,NULL,NULL,NULL,2,'2023-02-17 10:36:32',396,0,2),(5376,1,4,1,NULL,0,8,4,NULL,'2023-02-17',1,NULL,NULL,NULL,2,'2023-02-17 10:36:32',482,0,2),(5377,1,5,1,NULL,0,8,4,NULL,'2023-02-17',1,NULL,NULL,NULL,2,'2023-02-17 10:36:32',400,0,2),(5378,1,6,1,NULL,0,8,4,NULL,'2023-02-17',1,NULL,NULL,NULL,2,'2023-02-17 10:36:32',347,0,2),(5379,1,7,1,NULL,0,8,4,NULL,'2023-02-17',1,NULL,NULL,NULL,2,'2023-02-17 10:36:32',414,0,2),(5380,1,8,1,NULL,0,8,4,NULL,'2023-02-17',1,NULL,NULL,NULL,2,'2023-02-17 10:36:32',405,0,2),(5381,1,9,1,NULL,0,8,4,NULL,'2023-02-17',1,NULL,NULL,NULL,2,'2023-02-17 10:36:33',367,0,2),(5382,1,10,1,NULL,0,8,4,NULL,'2023-02-17',1,NULL,NULL,NULL,2,'2023-02-17 10:36:33',494,0,2),(5383,1,11,1,NULL,0,8,4,NULL,'2023-02-17',1,NULL,NULL,NULL,2,'2023-02-17 10:36:33',428,0,2),(5384,1,12,1,NULL,0,8,4,NULL,'2023-02-17',1,NULL,NULL,NULL,2,'2023-02-17 10:36:33',375,0,2),(5385,1,13,1,NULL,0,8,4,NULL,'2023-02-17',1,NULL,NULL,NULL,2,'2023-02-17 10:36:33',434,0,2),(5386,1,14,1,NULL,0,8,4,NULL,'2023-02-17',1,NULL,NULL,NULL,2,'2023-02-17 10:36:33',419,0,2),(5387,1,15,1,NULL,0,8,4,NULL,'2023-02-17',1,NULL,NULL,NULL,2,'2023-02-17 10:36:33',471,0,2),(5388,1,16,1,NULL,0,8,4,NULL,'2023-02-17',1,NULL,NULL,NULL,2,'2023-02-17 10:36:33',400,0,2),(5389,1,1,1,NULL,0,8,4,NULL,'2023-02-17',1,NULL,NULL,NULL,2,'2023-02-17 10:36:33',394,0,2),(5390,1,2,1,NULL,0,8,4,NULL,'2023-02-17',1,NULL,NULL,NULL,2,'2023-02-17 10:36:33',334,0,2),(5391,1,3,1,NULL,0,8,4,NULL,'2023-02-17',1,NULL,NULL,NULL,2,'2023-02-17 10:36:34',329,0,2),(5392,1,4,1,NULL,0,8,4,NULL,'2023-02-17',1,NULL,NULL,NULL,2,'2023-02-17 10:36:34',320,0,2),(5393,1,5,1,NULL,0,8,4,NULL,'2023-02-17',1,NULL,NULL,NULL,2,'2023-02-17 10:36:34',416,0,2),(5394,1,6,1,NULL,0,8,4,NULL,'2023-02-17',1,NULL,NULL,NULL,2,'2023-02-17 10:36:34',405,0,2),(5395,1,8,1,NULL,0,8,4,NULL,'2023-02-17',1,NULL,NULL,NULL,2,'2023-02-17 10:36:34',339,0,2),(5396,1,9,1,NULL,0,8,4,NULL,'2023-02-17',1,NULL,NULL,NULL,2,'2023-02-17 10:36:34',377,0,2),(5397,1,10,1,NULL,0,8,4,NULL,'2023-02-17',1,NULL,NULL,NULL,2,'2023-02-17 10:36:34',431,0,2),(5398,1,11,1,NULL,0,8,4,NULL,'2023-02-17',1,NULL,NULL,NULL,2,'2023-02-17 10:36:34',446,0,2),(5399,1,12,1,NULL,0,8,4,NULL,'2023-02-17',1,NULL,NULL,NULL,2,'2023-02-17 10:36:34',369,0,2),(5400,1,13,1,NULL,0,8,4,NULL,'2023-02-17',1,NULL,NULL,NULL,2,'2023-02-17 10:36:35',389,0,2),(5401,1,14,1,NULL,0,8,4,NULL,'2023-02-17',1,NULL,NULL,NULL,2,'2023-02-17 10:36:35',418,0,2),(5402,1,16,1,NULL,0,8,4,NULL,'2023-02-17',1,NULL,NULL,NULL,2,'2023-02-17 10:36:35',365,0,2),(5403,1,1,1,NULL,0,8,4,NULL,'2023-02-17',1,NULL,NULL,NULL,2,'2023-02-17 10:36:35',331,0,2),(5404,1,2,1,NULL,0,8,4,NULL,'2023-02-17',1,NULL,NULL,NULL,2,'2023-02-17 10:36:35',432,0,2),(5405,1,3,1,NULL,0,8,4,NULL,'2023-02-17',1,NULL,NULL,NULL,2,'2023-02-17 10:36:35',323,0,2),(5406,1,4,1,NULL,0,8,4,NULL,'2023-02-17',1,NULL,NULL,NULL,2,'2023-02-17 10:36:35',337,0,2),(5407,1,5,1,NULL,0,8,4,NULL,'2023-02-17',1,NULL,NULL,NULL,2,'2023-02-17 10:36:35',341,0,2),(5408,1,6,1,NULL,0,8,4,NULL,'2023-02-17',1,NULL,NULL,NULL,2,'2023-02-17 10:36:35',460,0,2),(5409,1,7,1,NULL,0,8,4,NULL,'2023-02-17',1,NULL,NULL,NULL,2,'2023-02-17 10:36:35',336,0,2),(5410,1,8,1,NULL,0,8,4,NULL,'2023-02-17',1,NULL,NULL,NULL,2,'2023-02-17 10:36:36',374,0,2),(5411,1,9,1,NULL,0,8,4,NULL,'2023-02-17',1,NULL,NULL,NULL,2,'2023-02-17 10:36:36',393,0,2),(5412,1,10,1,NULL,0,8,4,NULL,'2023-02-17',1,NULL,NULL,NULL,2,'2023-02-17 10:36:36',370,0,2),(5413,1,11,1,NULL,0,8,4,NULL,'2023-02-17',1,NULL,NULL,NULL,2,'2023-02-17 10:36:36',448,0,2),(5414,1,12,1,NULL,0,8,4,NULL,'2023-02-17',1,NULL,NULL,NULL,2,'2023-02-17 10:36:36',472,0,2),(5415,1,13,1,NULL,0,8,4,NULL,'2023-02-17',1,NULL,NULL,NULL,2,'2023-02-17 10:36:36',419,0,2),(5416,1,14,1,NULL,0,8,4,NULL,'2023-02-17',1,NULL,NULL,NULL,2,'2023-02-17 10:36:36',436,0,2),(5417,1,15,1,NULL,0,8,4,NULL,'2023-02-17',1,NULL,NULL,NULL,2,'2023-02-17 10:36:36',482,0,2),(5418,1,16,1,NULL,0,8,4,NULL,'2023-02-17',1,NULL,NULL,NULL,2,'2023-02-17 10:36:36',483,0,2),(5419,1,2,1,NULL,0,8,4,NULL,'2023-02-17',1,NULL,NULL,NULL,2,'2023-02-17 10:36:37',392,0,2),(5420,1,3,1,NULL,0,8,4,NULL,'2023-02-17',1,NULL,NULL,NULL,2,'2023-02-17 10:36:37',366,0,2),(5421,1,4,1,NULL,0,8,4,NULL,'2023-02-17',1,NULL,NULL,NULL,2,'2023-02-17 10:36:37',469,0,2),(5422,1,5,1,NULL,0,8,4,NULL,'2023-02-17',1,NULL,NULL,NULL,2,'2023-02-17 10:36:37',338,0,2),(5423,1,6,1,NULL,0,8,4,NULL,'2023-02-17',1,NULL,NULL,NULL,2,'2023-02-17 10:36:37',434,0,2),(5424,1,7,1,NULL,0,8,4,NULL,'2023-02-17',1,NULL,NULL,NULL,2,'2023-02-17 10:36:37',444,0,2),(5425,1,8,1,NULL,0,8,4,NULL,'2023-02-17',1,NULL,NULL,NULL,2,'2023-02-17 10:36:37',430,0,2),(5426,1,9,1,NULL,0,8,4,NULL,'2023-02-17',1,NULL,NULL,NULL,2,'2023-02-17 10:36:37',405,0,2),(5427,1,10,1,NULL,0,8,4,NULL,'2023-02-17',1,NULL,NULL,NULL,2,'2023-02-17 10:36:37',492,0,2),(5428,1,11,1,NULL,0,8,4,NULL,'2023-02-17',1,NULL,NULL,NULL,2,'2023-02-17 10:36:38',486,0,2),(5429,1,12,1,NULL,0,8,4,NULL,'2023-02-17',1,NULL,NULL,NULL,2,'2023-02-17 10:36:38',359,0,2),(5430,1,13,1,NULL,0,8,4,NULL,'2023-02-17',1,NULL,NULL,NULL,2,'2023-02-17 10:36:38',327,0,2),(5431,1,14,1,NULL,0,8,4,NULL,'2023-02-17',1,NULL,NULL,NULL,2,'2023-02-17 10:36:38',414,0,2),(5432,1,15,1,NULL,0,8,4,NULL,'2023-02-17',1,NULL,NULL,NULL,2,'2023-02-17 10:36:38',355,0,2),(5433,1,16,1,NULL,0,8,4,NULL,'2023-02-17',1,NULL,NULL,NULL,2,'2023-02-17 10:36:38',366,0,2),(5434,1,1,1,NULL,0,8,4,NULL,'2023-02-17',1,NULL,NULL,NULL,2,'2023-02-17 10:36:38',362,0,2),(5435,1,2,1,NULL,0,8,4,NULL,'2023-02-17',1,NULL,NULL,NULL,2,'2023-02-17 10:36:38',380,0,2),(5436,1,3,1,NULL,0,8,4,NULL,'2023-02-17',1,NULL,NULL,NULL,2,'2023-02-17 10:36:38',474,0,2),(5437,1,4,1,NULL,0,8,4,NULL,'2023-02-17',1,NULL,NULL,NULL,2,'2023-02-17 10:36:38',471,0,2),(5438,1,5,1,NULL,0,8,4,NULL,'2023-02-17',1,NULL,NULL,NULL,2,'2023-02-17 10:36:39',456,0,2),(5439,1,6,1,NULL,0,8,4,NULL,'2023-02-17',1,NULL,NULL,NULL,2,'2023-02-17 10:36:39',458,0,2),(5440,1,7,1,NULL,0,8,4,NULL,'2023-02-17',1,NULL,NULL,NULL,2,'2023-02-17 10:36:39',341,0,2),(5441,1,8,1,NULL,0,8,4,NULL,'2023-02-17',1,NULL,NULL,NULL,2,'2023-02-17 10:36:39',421,0,2),(5442,1,9,1,NULL,0,8,4,NULL,'2023-02-17',1,NULL,NULL,NULL,2,'2023-02-17 10:36:39',409,0,2),(5443,1,10,1,NULL,0,8,4,NULL,'2023-02-17',1,NULL,NULL,NULL,2,'2023-02-17 10:36:39',429,0,2),(5444,1,11,1,NULL,0,8,4,NULL,'2023-02-17',1,NULL,NULL,NULL,2,'2023-02-17 10:36:39',418,0,2),(5445,1,13,1,NULL,0,8,4,NULL,'2023-02-17',1,NULL,NULL,NULL,2,'2023-02-17 10:36:39',468,0,2),(5446,1,14,1,NULL,0,8,4,NULL,'2023-02-17',1,NULL,NULL,NULL,2,'2023-02-17 10:36:39',409,0,2),(5447,1,15,1,NULL,0,8,4,NULL,'2023-02-17',1,NULL,NULL,NULL,2,'2023-02-17 10:36:40',332,0,2),(5448,1,16,1,NULL,0,8,4,NULL,'2023-02-17',1,NULL,NULL,NULL,2,'2023-02-17 10:36:40',380,0,2),(5449,1,1,1,NULL,0,8,4,NULL,'2023-02-17',1,NULL,NULL,NULL,2,'2023-02-17 10:36:40',318,0,2),(5450,1,2,1,NULL,0,8,4,NULL,'2023-02-17',1,NULL,NULL,NULL,2,'2023-02-17 10:36:40',454,0,2),(5451,1,3,1,NULL,0,8,4,NULL,'2023-02-17',1,NULL,NULL,NULL,2,'2023-02-17 10:36:40',413,0,2),(5452,1,4,1,NULL,0,8,4,NULL,'2023-02-17',1,NULL,NULL,NULL,2,'2023-02-17 10:36:40',376,0,2),(5453,1,5,1,NULL,0,8,4,NULL,'2023-02-17',1,NULL,NULL,NULL,2,'2023-02-17 10:36:40',329,0,2),(5454,1,6,1,NULL,0,8,4,NULL,'2023-02-17',1,NULL,NULL,NULL,2,'2023-02-17 10:36:40',468,0,2),(5455,1,7,1,NULL,0,8,4,NULL,'2023-02-17',1,NULL,NULL,NULL,2,'2023-02-17 10:36:40',440,0,2),(5456,1,8,1,NULL,0,8,4,NULL,'2023-02-17',1,NULL,NULL,NULL,2,'2023-02-17 10:36:41',373,0,2),(5457,1,9,1,NULL,0,8,4,NULL,'2023-02-17',1,NULL,NULL,NULL,2,'2023-02-17 10:36:41',409,0,2),(5458,1,10,1,NULL,0,8,4,NULL,'2023-02-17',1,NULL,NULL,NULL,2,'2023-02-17 10:36:41',362,0,2),(5459,1,11,1,NULL,0,8,4,NULL,'2023-02-17',1,NULL,NULL,NULL,2,'2023-02-17 10:36:41',373,0,2),(5460,1,12,1,NULL,0,8,4,NULL,'2023-02-17',1,NULL,NULL,NULL,2,'2023-02-17 10:36:41',474,0,2),(5461,1,13,1,NULL,0,8,4,NULL,'2023-02-17',1,NULL,NULL,NULL,2,'2023-02-17 10:36:41',382,0,2),(5462,1,14,1,NULL,0,8,4,NULL,'2023-02-17',1,NULL,NULL,NULL,2,'2023-02-17 10:36:41',416,0,2),(5463,1,15,1,NULL,0,8,4,NULL,'2023-02-17',1,NULL,NULL,NULL,2,'2023-02-17 10:36:41',375,0,2),(5464,1,16,1,NULL,0,8,4,NULL,'2023-02-17',1,NULL,NULL,NULL,2,'2023-02-17 10:36:41',475,0,2),(5465,1,1,1,NULL,0,8,4,NULL,'2023-02-17',1,NULL,NULL,NULL,2,'2023-02-17 10:36:42',337,0,2),(5466,1,2,1,NULL,0,8,4,NULL,'2023-02-17',1,NULL,NULL,NULL,2,'2023-02-17 10:36:42',446,0,2),(5467,1,3,1,NULL,0,8,4,NULL,'2023-02-17',1,NULL,NULL,NULL,2,'2023-02-17 10:36:42',456,0,2),(5468,1,4,1,NULL,0,8,4,NULL,'2023-02-17',1,NULL,NULL,NULL,2,'2023-02-17 10:36:42',387,0,2),(5469,1,5,1,NULL,0,8,4,NULL,'2023-02-17',1,NULL,NULL,NULL,2,'2023-02-17 10:36:42',387,0,2),(5470,1,6,1,NULL,0,8,4,NULL,'2023-02-17',1,NULL,NULL,NULL,2,'2023-02-17 10:36:42',402,0,2),(5471,1,7,1,NULL,0,8,4,NULL,'2023-02-17',1,NULL,NULL,NULL,2,'2023-02-17 10:36:42',339,0,2),(5472,1,8,1,NULL,0,8,4,NULL,'2023-02-17',1,NULL,NULL,NULL,2,'2023-02-17 10:36:42',484,0,2),(5473,1,9,1,NULL,0,8,4,NULL,'2023-02-17',1,NULL,NULL,NULL,2,'2023-02-17 10:36:42',463,0,2),(5474,1,10,1,NULL,0,8,4,NULL,'2023-02-17',1,NULL,NULL,NULL,2,'2023-02-17 10:36:42',327,0,2),(5475,1,11,1,NULL,0,8,4,NULL,'2023-02-17',1,NULL,NULL,NULL,2,'2023-02-17 10:36:42',362,0,2),(5476,1,12,1,NULL,0,8,4,NULL,'2023-02-17',1,NULL,NULL,NULL,2,'2023-02-17 10:36:43',343,0,2),(5477,1,13,1,NULL,0,8,4,NULL,'2023-02-17',1,NULL,NULL,NULL,2,'2023-02-17 10:36:43',365,0,2),(5478,1,14,1,NULL,0,8,4,NULL,'2023-02-17',1,NULL,NULL,NULL,2,'2023-02-17 10:36:43',325,0,2),(5479,1,15,1,NULL,0,8,4,NULL,'2023-02-17',1,NULL,NULL,NULL,2,'2023-02-17 10:36:43',346,0,2),(5480,1,16,1,NULL,0,8,4,NULL,'2023-02-17',1,NULL,NULL,NULL,2,'2023-02-17 10:36:43',377,0,2),(5481,1,1,1,NULL,0,8,4,NULL,'2023-02-17',1,NULL,NULL,NULL,2,'2023-02-17 10:36:43',446,0,2),(5482,1,2,1,NULL,0,8,4,NULL,'2023-02-17',1,NULL,NULL,NULL,2,'2023-02-17 10:36:43',477,0,2),(5483,1,4,1,NULL,0,8,4,NULL,'2023-02-17',1,NULL,NULL,NULL,2,'2023-02-17 10:36:43',366,0,2),(5484,1,5,1,NULL,0,8,4,NULL,'2023-02-17',1,NULL,NULL,NULL,2,'2023-02-17 10:36:43',384,0,2),(5485,1,6,1,NULL,0,8,4,NULL,'2023-02-17',1,NULL,NULL,NULL,2,'2023-02-17 10:36:43',393,0,2),(5486,1,7,1,NULL,0,8,4,NULL,'2023-02-17',1,NULL,NULL,NULL,2,'2023-02-17 10:36:44',416,0,2),(5487,1,8,1,NULL,0,8,4,NULL,'2023-02-17',1,NULL,NULL,NULL,2,'2023-02-17 10:36:44',342,0,2),(5488,1,9,1,NULL,0,8,4,NULL,'2023-02-17',1,NULL,NULL,NULL,2,'2023-02-17 10:36:44',320,0,2),(5489,1,11,1,NULL,0,8,4,NULL,'2023-02-17',1,NULL,NULL,NULL,2,'2023-02-17 10:36:44',428,0,2),(5490,1,12,1,NULL,0,8,4,NULL,'2023-02-17',1,NULL,NULL,NULL,2,'2023-02-17 10:36:44',378,0,2),(5491,1,13,1,NULL,0,8,4,NULL,'2023-02-17',1,NULL,NULL,NULL,2,'2023-02-17 10:36:44',338,0,2),(5492,1,14,1,NULL,0,8,4,NULL,'2023-02-17',1,NULL,NULL,NULL,2,'2023-02-17 10:36:44',381,0,2),(5493,1,15,1,NULL,0,8,4,NULL,'2023-02-17',1,NULL,NULL,NULL,2,'2023-02-17 10:36:44',432,0,2),(5494,1,16,1,NULL,0,8,4,NULL,'2023-02-17',1,NULL,NULL,NULL,2,'2023-02-17 10:36:44',398,0,2),(5495,1,2,1,NULL,0,8,4,NULL,'2023-02-17',1,NULL,NULL,NULL,2,'2023-02-17 10:36:44',316,0,2),(5496,1,3,1,NULL,0,8,4,NULL,'2023-02-17',1,NULL,NULL,NULL,2,'2023-02-17 10:36:45',408,0,2),(5497,1,4,1,NULL,0,8,4,NULL,'2023-02-17',1,NULL,NULL,NULL,2,'2023-02-17 10:36:45',480,0,2),(5498,1,5,1,NULL,0,8,4,NULL,'2023-02-17',1,NULL,NULL,NULL,2,'2023-02-17 10:36:45',393,0,2),(5499,1,6,1,NULL,0,8,4,NULL,'2023-02-17',1,NULL,NULL,NULL,2,'2023-02-17 10:36:45',432,0,2),(5500,1,7,1,NULL,0,8,4,NULL,'2023-02-17',1,NULL,NULL,NULL,2,'2023-02-17 10:36:45',402,0,2),(5501,1,8,1,NULL,0,8,4,NULL,'2023-02-17',1,NULL,NULL,NULL,2,'2023-02-17 10:36:45',335,0,2),(5502,1,9,1,NULL,0,8,4,NULL,'2023-02-17',1,NULL,NULL,NULL,2,'2023-02-17 10:36:45',419,0,2),(5503,1,10,1,NULL,0,8,4,NULL,'2023-02-17',1,NULL,NULL,NULL,2,'2023-02-17 10:36:45',328,0,2),(5504,1,12,1,NULL,0,8,4,NULL,'2023-02-17',1,NULL,NULL,NULL,2,'2023-02-17 10:36:45',441,0,2),(5505,1,13,1,NULL,0,8,4,NULL,'2023-02-17',1,NULL,NULL,NULL,2,'2023-02-17 10:36:45',478,0,2),(5506,1,14,1,NULL,0,8,4,NULL,'2023-02-17',1,NULL,NULL,NULL,2,'2023-02-17 10:36:45',492,0,2),(5507,1,15,1,NULL,0,8,4,NULL,'2023-02-17',1,NULL,NULL,NULL,2,'2023-02-17 10:36:46',399,0,2),(5508,1,1,1,NULL,0,8,4,NULL,'2023-02-17',1,NULL,NULL,NULL,2,'2023-02-17 10:36:46',372,0,2),(5509,1,2,1,NULL,0,8,4,NULL,'2023-02-17',1,NULL,NULL,NULL,2,'2023-02-17 10:36:46',337,0,2),(5510,1,3,1,NULL,0,8,4,NULL,'2023-02-17',1,NULL,NULL,NULL,2,'2023-02-17 10:36:46',385,0,2),(5511,1,4,1,NULL,0,8,4,NULL,'2023-02-17',1,NULL,NULL,NULL,2,'2023-02-17 10:36:46',354,0,2),(5512,1,5,1,NULL,0,8,4,NULL,'2023-02-17',1,NULL,NULL,NULL,2,'2023-02-17 10:36:46',354,0,2),(5513,1,6,1,NULL,0,8,4,NULL,'2023-02-17',1,NULL,NULL,NULL,2,'2023-02-17 10:36:46',343,0,2),(5514,1,7,1,NULL,0,8,4,NULL,'2023-02-17',1,NULL,NULL,NULL,2,'2023-02-17 10:36:46',394,0,2),(5515,1,8,1,NULL,0,8,4,NULL,'2023-02-17',1,NULL,NULL,NULL,2,'2023-02-17 10:36:46',482,0,2),(5516,1,9,1,NULL,0,8,4,NULL,'2023-02-17',1,NULL,NULL,NULL,2,'2023-02-17 10:36:46',484,0,2),(5517,1,10,1,NULL,0,8,4,NULL,'2023-02-17',1,NULL,NULL,NULL,2,'2023-02-17 10:36:47',360,0,2),(5518,1,11,1,NULL,0,8,4,NULL,'2023-02-17',1,NULL,NULL,NULL,2,'2023-02-17 10:36:47',417,0,2),(5519,1,12,1,NULL,0,8,4,NULL,'2023-02-17',1,NULL,NULL,NULL,2,'2023-02-17 10:36:47',338,0,2),(5520,1,13,1,NULL,0,8,4,NULL,'2023-02-17',1,NULL,NULL,NULL,2,'2023-02-17 10:36:47',352,0,2),(5521,1,14,1,NULL,0,8,4,NULL,'2023-02-17',1,NULL,NULL,NULL,2,'2023-02-17 10:36:47',321,0,2),(5522,1,15,1,NULL,0,8,4,NULL,'2023-02-17',1,NULL,NULL,NULL,2,'2023-02-17 10:36:47',353,0,2),(5523,1,16,1,NULL,0,8,4,NULL,'2023-02-17',1,NULL,NULL,NULL,2,'2023-02-17 10:36:47',465,0,2),(5524,1,1,1,NULL,0,8,4,NULL,'2023-02-17',1,NULL,NULL,NULL,2,'2023-02-17 10:36:47',384,0,2),(5525,1,2,1,NULL,0,8,4,NULL,'2023-02-17',1,NULL,NULL,NULL,2,'2023-02-17 10:36:47',402,0,2),(5526,1,3,1,NULL,0,8,4,NULL,'2023-02-17',1,NULL,NULL,NULL,2,'2023-02-17 10:36:48',418,0,2),(5527,1,4,1,NULL,0,8,4,NULL,'2023-02-17',1,NULL,NULL,NULL,2,'2023-02-17 10:36:48',343,0,2),(5528,1,5,1,NULL,0,8,4,NULL,'2023-02-17',1,NULL,NULL,NULL,2,'2023-02-17 10:36:48',376,0,2),(5529,1,6,1,NULL,0,8,4,NULL,'2023-02-17',1,NULL,NULL,NULL,2,'2023-02-17 10:36:48',451,0,2),(5530,1,7,1,NULL,0,8,4,NULL,'2023-02-17',1,NULL,NULL,NULL,2,'2023-02-17 10:36:48',352,0,2),(5531,1,8,1,NULL,0,8,4,NULL,'2023-02-17',1,NULL,NULL,NULL,2,'2023-02-17 10:36:48',431,0,2),(5532,1,9,1,NULL,0,8,4,NULL,'2023-02-17',1,NULL,NULL,NULL,2,'2023-02-17 10:36:48',483,0,2),(5533,1,10,1,NULL,0,8,4,NULL,'2023-02-17',1,NULL,NULL,NULL,2,'2023-02-17 10:36:48',340,0,2),(5534,1,11,1,NULL,0,8,4,NULL,'2023-02-17',1,NULL,NULL,NULL,2,'2023-02-17 10:36:48',433,0,2),(5535,1,12,1,NULL,0,8,4,NULL,'2023-02-17',1,NULL,NULL,NULL,2,'2023-02-17 10:36:49',438,0,2),(5536,1,13,1,NULL,0,8,4,NULL,'2023-02-17',1,NULL,NULL,NULL,2,'2023-02-17 10:36:49',377,0,2),(5537,1,14,1,NULL,0,8,4,NULL,'2023-02-17',1,NULL,NULL,NULL,2,'2023-02-17 10:36:49',492,0,2),(5538,1,15,1,NULL,0,8,4,NULL,'2023-02-17',1,NULL,NULL,NULL,2,'2023-02-17 10:36:49',443,0,2),(5539,1,16,1,NULL,0,8,4,NULL,'2023-02-17',1,NULL,NULL,NULL,2,'2023-02-17 10:36:49',458,0,2),(5540,1,1,1,NULL,0,8,4,NULL,'2023-02-17',1,NULL,NULL,NULL,2,'2023-02-17 10:36:49',357,0,2),(5541,1,2,1,NULL,0,8,4,NULL,'2023-02-17',1,NULL,NULL,NULL,2,'2023-02-17 10:36:49',441,0,2),(5542,1,3,1,NULL,0,8,4,NULL,'2023-02-17',1,NULL,NULL,NULL,2,'2023-02-17 10:36:49',368,0,2),(5543,1,4,1,NULL,0,8,4,NULL,'2023-02-17',1,NULL,NULL,NULL,2,'2023-02-17 10:36:49',431,0,2),(5544,1,5,1,NULL,0,8,4,NULL,'2023-02-17',1,NULL,NULL,NULL,2,'2023-02-17 10:36:50',381,0,2),(5545,1,6,1,NULL,0,8,4,NULL,'2023-02-17',1,NULL,NULL,NULL,2,'2023-02-17 10:36:50',404,0,2),(5546,1,7,1,NULL,0,8,4,NULL,'2023-02-17',1,NULL,NULL,NULL,2,'2023-02-17 10:36:50',440,0,2),(5547,1,8,1,NULL,0,8,4,NULL,'2023-02-17',1,NULL,NULL,NULL,2,'2023-02-17 10:36:50',394,0,2),(5548,1,9,1,NULL,0,8,4,NULL,'2023-02-17',1,NULL,NULL,NULL,2,'2023-02-17 10:36:50',332,0,2),(5549,1,10,1,NULL,0,8,4,NULL,'2023-02-17',1,NULL,NULL,NULL,2,'2023-02-17 10:36:50',490,0,2),(5550,1,11,1,NULL,0,8,4,NULL,'2023-02-17',1,NULL,NULL,NULL,2,'2023-02-17 10:36:50',357,0,2),(5551,1,12,1,NULL,0,8,4,NULL,'2023-02-17',1,NULL,NULL,NULL,2,'2023-02-17 10:36:50',375,0,2),(5552,1,13,1,NULL,0,8,4,NULL,'2023-02-17',1,NULL,NULL,NULL,2,'2023-02-17 10:36:50',322,0,2),(5553,1,14,1,NULL,0,8,4,NULL,'2023-02-17',1,NULL,NULL,NULL,2,'2023-02-17 10:36:50',327,0,2),(5554,1,15,1,NULL,0,8,4,NULL,'2023-02-17',1,NULL,NULL,NULL,2,'2023-02-17 10:36:51',322,0,2),(5555,1,16,1,NULL,0,8,4,NULL,'2023-02-17',1,NULL,NULL,NULL,2,'2023-02-17 10:36:51',490,0,2),(5556,1,1,1,NULL,0,8,4,NULL,'2023-02-17',1,NULL,NULL,NULL,2,'2023-02-17 10:36:51',466,0,2),(5557,1,2,1,NULL,0,8,4,NULL,'2023-02-17',1,NULL,NULL,NULL,2,'2023-02-17 10:36:51',493,0,2),(5558,1,3,1,NULL,0,8,4,NULL,'2023-02-17',1,NULL,NULL,NULL,2,'2023-02-17 10:36:51',480,0,2),(5559,1,4,1,NULL,0,8,4,NULL,'2023-02-17',1,NULL,NULL,NULL,2,'2023-02-17 10:36:51',430,0,2),(5560,1,5,1,NULL,0,8,4,NULL,'2023-02-17',1,NULL,NULL,NULL,2,'2023-02-17 10:36:51',419,0,2),(5561,1,6,1,NULL,0,8,4,NULL,'2023-02-17',1,NULL,NULL,NULL,2,'2023-02-17 10:36:51',429,0,2),(5562,1,7,1,NULL,0,8,4,NULL,'2023-02-17',1,NULL,NULL,NULL,2,'2023-02-17 10:36:51',384,0,2),(5563,1,8,1,NULL,0,8,4,NULL,'2023-02-17',1,NULL,NULL,NULL,2,'2023-02-17 10:36:52',440,0,2),(5564,1,9,1,NULL,0,8,4,NULL,'2023-02-17',1,NULL,NULL,NULL,2,'2023-02-17 10:36:52',418,0,2),(5565,1,10,1,NULL,0,8,4,NULL,'2023-02-17',1,NULL,NULL,NULL,2,'2023-02-17 10:36:52',481,0,2),(5566,1,11,1,NULL,0,8,4,NULL,'2023-02-17',1,NULL,NULL,NULL,2,'2023-02-17 10:36:52',425,0,2),(5567,1,12,1,NULL,0,8,4,NULL,'2023-02-17',1,NULL,NULL,NULL,2,'2023-02-17 10:36:52',414,0,2),(5568,1,13,1,NULL,0,8,4,NULL,'2023-02-17',1,NULL,NULL,NULL,2,'2023-02-17 10:36:52',350,0,2),(5569,1,14,1,NULL,0,8,4,NULL,'2023-02-17',1,NULL,NULL,NULL,2,'2023-02-17 10:36:52',490,0,2),(5570,1,15,1,NULL,0,8,4,NULL,'2023-02-17',1,NULL,NULL,NULL,2,'2023-02-17 10:36:52',489,0,2),(5571,1,16,1,NULL,0,8,4,NULL,'2023-02-17',1,NULL,NULL,NULL,2,'2023-02-17 10:36:52',418,0,2),(5572,1,1,1,NULL,0,8,4,NULL,'2023-02-17',1,NULL,NULL,NULL,2,'2023-02-17 10:36:52',321,0,2),(5573,1,2,1,NULL,0,8,4,NULL,'2023-02-17',1,NULL,NULL,NULL,2,'2023-02-17 10:36:53',398,0,2),(5574,1,3,1,NULL,0,8,4,NULL,'2023-02-17',1,NULL,NULL,NULL,2,'2023-02-17 10:36:53',432,0,2),(5575,1,4,1,NULL,0,8,4,NULL,'2023-02-17',1,NULL,NULL,NULL,2,'2023-02-17 10:36:53',NULL,0,2),(5576,1,5,1,NULL,0,8,4,NULL,'2023-02-17',1,NULL,NULL,NULL,2,'2023-02-17 10:36:53',339,0,2),(5577,1,6,1,NULL,0,8,4,NULL,'2023-02-17',1,NULL,NULL,NULL,2,'2023-02-17 10:36:53',347,0,2),(5578,1,7,1,NULL,0,8,4,NULL,'2023-02-17',1,NULL,NULL,NULL,2,'2023-02-17 10:36:53',463,0,2),(5579,1,8,1,NULL,0,8,4,NULL,'2023-02-17',1,NULL,NULL,NULL,2,'2023-02-17 10:36:53',449,0,2),(5580,1,9,1,NULL,0,8,4,NULL,'2023-02-17',1,NULL,NULL,NULL,2,'2023-02-17 10:36:53',350,0,2),(5581,1,10,1,NULL,0,8,4,NULL,'2023-02-17',1,NULL,NULL,NULL,2,'2023-02-17 10:36:53',417,0,2),(5582,1,11,1,NULL,0,8,4,NULL,'2023-02-17',1,NULL,NULL,NULL,2,'2023-02-17 10:36:54',352,0,2),(5583,1,12,1,NULL,0,8,4,NULL,'2023-02-17',1,NULL,NULL,NULL,2,'2023-02-17 10:36:54',471,0,2),(5584,1,13,1,NULL,0,8,4,NULL,'2023-02-17',1,NULL,NULL,NULL,2,'2023-02-17 10:36:54',425,0,2),(5585,1,14,1,NULL,0,8,4,NULL,'2023-02-17',1,NULL,NULL,NULL,2,'2023-02-17 10:36:54',384,0,2),(5586,1,15,1,NULL,0,8,4,NULL,'2023-02-17',1,NULL,NULL,NULL,2,'2023-02-17 10:36:54',319,0,2),(5587,1,16,1,NULL,0,8,4,NULL,'2023-02-17',1,NULL,NULL,NULL,2,'2023-02-17 10:36:54',444,0,2),(5588,1,1,1,NULL,0,8,4,NULL,'2023-02-17',1,NULL,NULL,NULL,2,'2023-02-17 10:36:54',467,0,2),(5589,1,2,1,NULL,0,8,4,NULL,'2023-02-17',1,NULL,NULL,NULL,2,'2023-02-17 10:36:54',370,0,2),(5590,1,3,1,NULL,0,8,4,NULL,'2023-02-17',1,NULL,NULL,NULL,2,'2023-02-17 10:36:54',395,0,2),(5591,1,4,1,NULL,0,8,4,NULL,'2023-02-17',1,NULL,NULL,NULL,2,'2023-02-17 10:36:54',393,0,2),(5592,1,5,1,NULL,0,8,4,NULL,'2023-02-17',1,NULL,NULL,NULL,2,'2023-02-17 10:36:55',406,0,2),(5593,1,6,1,NULL,0,8,4,NULL,'2023-02-17',1,NULL,NULL,NULL,2,'2023-02-17 10:36:55',437,0,2),(5594,1,7,1,NULL,0,8,4,NULL,'2023-02-17',1,NULL,NULL,NULL,2,'2023-02-17 10:36:55',435,0,2),(5595,1,8,1,NULL,0,8,4,NULL,'2023-02-17',1,NULL,NULL,NULL,2,'2023-02-17 10:36:55',461,0,2),(5596,1,9,1,NULL,0,8,4,NULL,'2023-02-17',1,NULL,NULL,NULL,2,'2023-02-17 10:36:55',414,0,2),(5597,1,10,1,NULL,0,8,4,NULL,'2023-02-17',1,NULL,NULL,NULL,2,'2023-02-17 10:36:55',371,0,2),(5598,1,11,1,NULL,0,8,4,NULL,'2023-02-17',1,NULL,NULL,NULL,2,'2023-02-17 10:36:55',456,0,2),(5599,1,12,1,NULL,0,8,4,NULL,'2023-02-17',1,NULL,NULL,NULL,2,'2023-02-17 10:36:55',348,0,2),(5600,1,14,1,NULL,0,8,4,NULL,'2023-02-17',1,NULL,NULL,NULL,2,'2023-02-17 10:36:55',382,0,2),(5601,1,15,1,NULL,0,8,4,NULL,'2023-02-17',1,NULL,NULL,NULL,2,'2023-02-17 10:36:56',487,0,2),(5602,1,16,1,NULL,0,8,4,NULL,'2023-02-17',1,NULL,NULL,NULL,2,'2023-02-17 10:36:56',385,0,2),(5603,1,1,1,NULL,0,8,4,NULL,'2023-02-17',1,NULL,NULL,NULL,2,'2023-02-17 10:36:56',454,0,2),(5604,1,2,1,NULL,0,8,4,NULL,'2023-02-17',1,NULL,NULL,NULL,2,'2023-02-17 10:36:56',467,0,2),(5605,1,3,1,NULL,0,8,4,NULL,'2023-02-17',1,NULL,NULL,NULL,2,'2023-02-17 10:36:56',384,0,2),(5606,1,4,1,NULL,0,8,4,NULL,'2023-02-17',1,NULL,NULL,NULL,2,'2023-02-17 10:36:56',402,0,2),(5607,1,5,1,NULL,0,8,4,NULL,'2023-02-17',1,NULL,NULL,NULL,2,'2023-02-17 10:36:56',490,0,2),(5608,1,6,1,NULL,0,8,4,NULL,'2023-02-17',1,NULL,NULL,NULL,2,'2023-02-17 10:36:56',330,0,2),(5609,1,7,1,NULL,0,8,4,NULL,'2023-02-17',1,NULL,NULL,NULL,2,'2023-02-17 10:36:56',377,0,2),(5610,1,8,1,NULL,0,8,4,NULL,'2023-02-17',1,NULL,NULL,NULL,2,'2023-02-17 10:36:56',437,0,2),(5611,1,9,1,NULL,0,8,4,NULL,'2023-02-17',1,NULL,NULL,NULL,2,'2023-02-17 10:36:57',493,0,2),(5612,1,10,1,NULL,0,8,4,NULL,'2023-02-17',1,NULL,NULL,NULL,2,'2023-02-17 10:36:57',394,0,2),(5613,1,11,1,NULL,0,8,4,NULL,'2023-02-17',1,NULL,NULL,NULL,2,'2023-02-17 10:36:57',374,0,2),(5614,1,12,1,NULL,0,8,4,NULL,'2023-02-17',1,NULL,NULL,NULL,2,'2023-02-17 10:36:57',416,0,2),(5615,1,13,1,NULL,0,8,4,NULL,'2023-02-17',1,NULL,NULL,NULL,2,'2023-02-17 10:36:57',444,0,2),(5616,1,14,1,NULL,0,8,4,NULL,'2023-02-17',1,NULL,NULL,NULL,2,'2023-02-17 10:36:57',474,0,2),(5617,1,15,1,NULL,0,8,4,NULL,'2023-02-17',1,NULL,NULL,NULL,2,'2023-02-17 10:36:57',322,0,2),(5618,1,16,1,NULL,0,8,4,NULL,'2023-02-17',1,NULL,NULL,NULL,2,'2023-02-17 10:36:57',472,0,2),(5619,1,1,1,NULL,0,8,4,NULL,'2023-02-17',1,NULL,NULL,NULL,2,'2023-02-17 10:36:57',472,0,2),(5620,1,2,1,NULL,0,8,4,NULL,'2023-02-17',1,NULL,NULL,NULL,2,'2023-02-17 10:36:58',474,0,2),(5621,1,3,1,NULL,0,8,4,NULL,'2023-02-17',1,NULL,NULL,NULL,2,'2023-02-17 10:36:58',400,0,2),(5622,1,4,1,NULL,0,8,4,NULL,'2023-02-17',1,NULL,NULL,NULL,2,'2023-02-17 10:36:58',327,0,2),(5623,1,5,1,NULL,0,8,4,NULL,'2023-02-17',1,NULL,NULL,NULL,2,'2023-02-17 10:36:58',403,0,2),(5624,1,6,1,NULL,0,8,4,NULL,'2023-02-17',1,NULL,NULL,NULL,2,'2023-02-17 10:36:58',412,0,2),(5625,1,7,1,NULL,0,8,4,NULL,'2023-02-17',1,NULL,NULL,NULL,2,'2023-02-17 10:36:58',456,0,2),(5626,1,8,1,NULL,0,8,4,NULL,'2023-02-17',1,NULL,NULL,NULL,2,'2023-02-17 10:36:58',382,0,2),(5627,1,9,1,NULL,0,8,4,NULL,'2023-02-17',1,NULL,NULL,NULL,2,'2023-02-17 10:36:58',473,0,2),(5628,1,10,1,NULL,0,8,4,NULL,'2023-02-17',1,NULL,NULL,NULL,2,'2023-02-17 10:36:58',476,0,2),(5629,1,11,1,NULL,0,8,4,NULL,'2023-02-17',1,NULL,NULL,NULL,2,'2023-02-17 10:36:59',380,0,2),(5630,1,12,1,NULL,0,8,4,NULL,'2023-02-17',1,NULL,NULL,NULL,2,'2023-02-17 10:36:59',464,0,2),(5631,1,13,1,NULL,0,8,4,NULL,'2023-02-17',1,NULL,NULL,NULL,2,'2023-02-17 10:36:59',361,0,2),(5632,1,14,1,NULL,0,8,4,NULL,'2023-02-17',1,NULL,NULL,NULL,2,'2023-02-17 10:36:59',414,0,2),(5633,1,15,1,NULL,0,8,4,NULL,'2023-02-17',1,NULL,NULL,NULL,2,'2023-02-17 10:36:59',428,0,2),(5634,1,16,1,NULL,0,8,4,NULL,'2023-02-17',1,NULL,NULL,NULL,2,'2023-02-17 10:36:59',365,0,2),(5635,1,1,1,NULL,0,8,4,NULL,'2023-02-17',1,NULL,NULL,NULL,2,'2023-02-17 10:36:59',326,0,2),(5636,1,2,1,NULL,0,8,4,NULL,'2023-02-17',1,NULL,NULL,NULL,2,'2023-02-17 10:36:59',435,0,2),(5637,1,3,1,NULL,0,8,4,NULL,'2023-02-17',1,NULL,NULL,NULL,2,'2023-02-17 10:36:59',473,0,2),(5638,1,4,1,NULL,0,8,4,NULL,'2023-02-17',1,NULL,NULL,NULL,2,'2023-02-17 10:36:59',479,0,2),(5639,1,5,1,NULL,0,8,4,NULL,'2023-02-17',1,NULL,NULL,NULL,2,'2023-02-17 10:37:00',362,0,2),(5640,1,6,1,NULL,0,8,4,NULL,'2023-02-17',1,NULL,NULL,NULL,2,'2023-02-17 10:37:00',449,0,2),(5641,1,7,1,NULL,0,8,4,NULL,'2023-02-17',1,NULL,NULL,NULL,2,'2023-02-17 10:37:00',318,0,2),(5642,1,8,1,NULL,0,8,4,NULL,'2023-02-17',1,NULL,NULL,NULL,2,'2023-02-17 10:37:00',403,0,2),(5643,1,9,1,NULL,0,8,4,NULL,'2023-02-17',1,NULL,NULL,NULL,2,'2023-02-17 10:37:00',323,0,2),(5644,1,10,1,NULL,0,8,4,NULL,'2023-02-17',1,NULL,NULL,NULL,2,'2023-02-17 10:37:00',318,0,2),(5645,1,11,1,NULL,0,8,4,NULL,'2023-02-17',1,NULL,NULL,NULL,2,'2023-02-17 10:37:00',456,0,2),(5646,1,12,1,NULL,0,8,4,NULL,'2023-02-17',1,NULL,NULL,NULL,2,'2023-02-17 10:37:00',492,0,2),(5647,1,13,1,NULL,0,8,4,NULL,'2023-02-17',1,NULL,NULL,NULL,2,'2023-02-17 10:37:00',334,0,2),(5648,1,14,1,NULL,0,8,4,NULL,'2023-02-17',1,NULL,NULL,NULL,2,'2023-02-17 10:37:01',471,0,2),(5649,1,15,1,NULL,0,8,4,NULL,'2023-02-17',1,NULL,NULL,NULL,2,'2023-02-17 10:37:01',464,0,2),(5650,1,16,1,NULL,0,8,4,NULL,'2023-02-17',1,NULL,NULL,NULL,2,'2023-02-17 10:37:01',415,0,2),(5651,1,1,1,NULL,0,8,4,NULL,'2023-02-17',1,NULL,NULL,NULL,2,'2023-02-17 10:37:01',470,0,2),(5652,1,2,1,NULL,0,8,4,NULL,'2023-02-17',1,NULL,NULL,NULL,2,'2023-02-17 10:37:01',459,0,2),(5653,1,3,1,NULL,0,8,4,NULL,'2023-02-17',1,NULL,NULL,NULL,2,'2023-02-17 10:37:01',401,0,2),(5654,1,4,1,NULL,0,8,4,NULL,'2023-02-17',1,NULL,NULL,NULL,2,'2023-02-17 10:37:01',382,0,2),(5655,1,5,1,NULL,0,8,4,NULL,'2023-02-17',1,NULL,NULL,NULL,2,'2023-02-17 10:37:01',446,0,2),(5656,1,6,1,NULL,0,8,4,NULL,'2023-02-17',1,NULL,NULL,NULL,2,'2023-02-17 10:37:01',347,0,2),(5657,1,7,1,NULL,0,8,4,NULL,'2023-02-17',1,NULL,NULL,NULL,2,'2023-02-17 10:37:01',476,0,2),(5658,1,8,1,NULL,0,8,4,NULL,'2023-02-17',1,NULL,NULL,NULL,2,'2023-02-17 10:37:02',481,0,2),(5659,1,9,1,NULL,0,8,4,NULL,'2023-02-17',1,NULL,NULL,NULL,2,'2023-02-17 10:37:02',400,0,2),(5660,1,10,1,NULL,0,8,4,NULL,'2023-02-17',1,NULL,NULL,NULL,2,'2023-02-17 10:37:02',378,0,2),(5661,1,11,1,NULL,0,8,4,NULL,'2023-02-17',1,NULL,NULL,NULL,2,'2023-02-17 10:37:02',455,0,2),(5662,1,12,1,NULL,0,8,4,NULL,'2023-02-17',1,NULL,NULL,NULL,2,'2023-02-17 10:37:02',331,0,2),(5663,1,14,1,NULL,0,8,4,NULL,'2023-02-17',1,NULL,NULL,NULL,2,'2023-02-17 10:37:02',351,0,2),(5664,1,15,1,NULL,0,8,4,NULL,'2023-02-17',1,NULL,NULL,NULL,2,'2023-02-17 10:37:02',343,0,2),(5665,1,16,1,NULL,0,8,4,NULL,'2023-02-17',1,NULL,NULL,NULL,2,'2023-02-17 10:37:02',493,0,2),(5666,1,1,1,NULL,0,8,4,NULL,'2023-02-17',1,NULL,NULL,NULL,2,'2023-02-17 10:37:02',355,0,2),(5667,1,2,1,NULL,0,8,4,NULL,'2023-02-17',1,NULL,NULL,NULL,2,'2023-02-17 10:37:03',436,0,2),(5668,1,3,1,NULL,0,8,4,NULL,'2023-02-17',1,NULL,NULL,NULL,2,'2023-02-17 10:37:03',492,0,2),(5669,1,5,1,NULL,0,8,4,NULL,'2023-02-17',1,NULL,NULL,NULL,2,'2023-02-17 10:37:03',459,0,2),(5670,1,6,1,NULL,0,8,4,NULL,'2023-02-17',1,NULL,NULL,NULL,2,'2023-02-17 10:37:03',479,0,2),(5671,1,7,1,NULL,0,8,4,NULL,'2023-02-17',1,NULL,NULL,NULL,2,'2023-02-17 10:37:03',485,0,2),(5672,1,8,1,NULL,0,8,4,NULL,'2023-02-17',1,NULL,NULL,NULL,2,'2023-02-17 10:37:03',414,0,2),(5673,1,9,1,NULL,0,8,4,NULL,'2023-02-17',1,NULL,NULL,NULL,2,'2023-02-17 10:37:03',332,0,2),(5674,1,10,1,NULL,0,8,4,NULL,'2023-02-17',1,NULL,NULL,NULL,2,'2023-02-17 10:37:03',332,0,2),(5675,1,11,1,NULL,0,8,4,NULL,'2023-02-17',1,NULL,NULL,NULL,2,'2023-02-17 10:37:03',453,0,2),(5676,1,12,1,NULL,0,8,4,NULL,'2023-02-17',1,NULL,NULL,NULL,2,'2023-02-17 10:37:04',NULL,0,2),(5677,1,13,1,NULL,0,8,4,NULL,'2023-02-17',1,NULL,NULL,NULL,2,'2023-02-17 10:37:04',418,0,2),(5678,1,14,1,NULL,0,8,4,NULL,'2023-02-17',1,NULL,NULL,NULL,2,'2023-02-17 10:37:04',319,0,2),(5679,1,15,1,NULL,0,8,4,NULL,'2023-02-17',1,NULL,NULL,NULL,2,'2023-02-17 10:37:04',349,0,2),(5680,1,16,1,NULL,0,8,4,NULL,'2023-02-17',1,NULL,NULL,NULL,2,'2023-02-17 10:37:04',321,0,2),(5681,1,1,1,NULL,0,8,4,NULL,'2023-02-17',1,NULL,NULL,NULL,2,'2023-02-17 10:37:04',427,0,2),(5682,1,2,1,NULL,0,8,4,NULL,'2023-02-17',1,NULL,NULL,NULL,2,'2023-02-17 10:37:04',493,0,2),(5683,1,3,1,NULL,0,8,4,NULL,'2023-02-17',1,NULL,NULL,NULL,2,'2023-02-17 10:37:04',481,0,2),(5684,1,4,1,NULL,0,8,4,NULL,'2023-02-17',1,NULL,NULL,NULL,2,'2023-02-17 10:37:04',386,0,2),(5685,1,5,1,NULL,0,8,4,NULL,'2023-02-17',1,NULL,NULL,NULL,2,'2023-02-17 10:37:05',486,0,2),(5686,1,6,1,NULL,0,8,4,NULL,'2023-02-17',1,NULL,NULL,NULL,2,'2023-02-17 10:37:05',420,0,2),(5687,1,7,1,NULL,0,8,4,NULL,'2023-02-17',1,NULL,NULL,NULL,2,'2023-02-17 10:37:05',493,0,2),(5688,1,8,1,NULL,0,8,4,NULL,'2023-02-17',1,NULL,NULL,NULL,2,'2023-02-17 10:37:05',447,0,2),(5689,1,9,1,NULL,0,8,4,NULL,'2023-02-17',1,NULL,NULL,NULL,2,'2023-02-17 10:37:05',456,0,2),(5690,1,10,1,NULL,0,8,4,NULL,'2023-02-17',1,NULL,NULL,NULL,2,'2023-02-17 10:37:05',317,0,2),(5691,1,11,1,NULL,0,8,4,NULL,'2023-02-17',1,NULL,NULL,NULL,2,'2023-02-17 10:37:05',382,0,2),(5692,1,12,1,NULL,0,8,4,NULL,'2023-02-17',1,NULL,NULL,NULL,2,'2023-02-17 10:37:05',470,0,2),(5693,1,13,1,NULL,0,8,4,NULL,'2023-02-17',1,NULL,NULL,NULL,2,'2023-02-17 10:37:05',327,0,2),(5694,1,14,1,NULL,0,8,4,NULL,'2023-02-17',1,NULL,NULL,NULL,2,'2023-02-17 10:37:05',403,0,2),(5695,1,15,1,NULL,0,8,4,NULL,'2023-02-17',1,NULL,NULL,NULL,2,'2023-02-17 10:37:06',493,0,2),(5696,1,16,1,NULL,0,8,4,NULL,'2023-02-17',1,NULL,NULL,NULL,2,'2023-02-17 10:37:06',366,0,2),(5697,1,1,1,NULL,0,8,4,NULL,'2023-02-17',1,NULL,NULL,NULL,2,'2023-02-17 10:37:06',479,0,2),(5698,1,2,1,NULL,0,8,4,NULL,'2023-02-17',1,NULL,NULL,NULL,2,'2023-02-17 10:37:06',462,0,2),(5699,1,3,1,NULL,0,8,4,NULL,'2023-02-17',1,NULL,NULL,NULL,2,'2023-02-17 10:37:06',474,0,2),(5700,1,4,1,NULL,0,8,4,NULL,'2023-02-17',1,NULL,NULL,NULL,2,'2023-02-17 10:37:06',317,0,2),(5701,1,5,1,NULL,0,8,4,NULL,'2023-02-17',1,NULL,NULL,NULL,2,'2023-02-17 10:37:06',344,0,2),(5702,1,6,1,NULL,0,8,4,NULL,'2023-02-17',1,NULL,NULL,NULL,2,'2023-02-17 10:37:06',355,0,2),(5703,1,8,1,NULL,0,8,4,NULL,'2023-02-17',1,NULL,NULL,NULL,2,'2023-02-17 10:37:06',463,0,2),(5704,1,9,1,NULL,0,8,4,NULL,'2023-02-17',1,NULL,NULL,NULL,2,'2023-02-17 10:37:07',340,0,2),(5705,1,10,1,NULL,0,8,4,NULL,'2023-02-17',1,NULL,NULL,NULL,2,'2023-02-17 10:37:07',471,0,2),(5706,1,11,1,NULL,0,8,4,NULL,'2023-02-17',1,NULL,NULL,NULL,2,'2023-02-17 10:37:07',331,0,2),(5707,1,12,1,NULL,0,8,4,NULL,'2023-02-17',1,NULL,NULL,NULL,2,'2023-02-17 10:37:07',460,0,2),(5708,1,13,1,NULL,0,8,4,NULL,'2023-02-17',1,NULL,NULL,NULL,2,'2023-02-17 10:37:07',439,0,2),(5709,1,14,1,NULL,0,8,4,NULL,'2023-02-17',1,NULL,NULL,NULL,2,'2023-02-17 10:37:07',374,0,2),(5710,1,15,1,NULL,0,8,4,NULL,'2023-02-17',1,NULL,NULL,NULL,2,'2023-02-17 10:37:07',449,0,2),(5711,1,16,1,NULL,0,8,4,NULL,'2023-02-17',1,NULL,NULL,NULL,2,'2023-02-17 10:37:07',408,0,2),(5712,1,1,1,NULL,0,8,4,NULL,'2023-02-17',1,NULL,NULL,NULL,2,'2023-02-17 10:37:07',486,0,2),(5713,1,2,1,NULL,0,8,4,NULL,'2023-02-17',1,NULL,NULL,NULL,2,'2023-02-17 10:37:07',492,0,2),(5714,1,3,1,NULL,0,8,4,NULL,'2023-02-17',1,NULL,NULL,NULL,2,'2023-02-17 10:37:08',437,0,2),(5715,1,4,1,NULL,0,8,4,NULL,'2023-02-17',1,NULL,NULL,NULL,2,'2023-02-17 10:37:08',350,0,2),(5716,1,5,1,NULL,0,8,4,NULL,'2023-02-17',1,NULL,NULL,NULL,2,'2023-02-17 10:37:08',427,0,2),(5717,1,6,1,NULL,0,8,4,NULL,'2023-02-17',1,NULL,NULL,NULL,2,'2023-02-17 10:37:08',435,0,2),(5718,1,7,1,NULL,0,8,4,NULL,'2023-02-17',1,NULL,NULL,NULL,2,'2023-02-17 10:37:08',468,0,2),(5719,1,8,1,NULL,0,8,4,NULL,'2023-02-17',1,NULL,NULL,NULL,2,'2023-02-17 10:37:08',329,0,2),(5720,1,9,1,NULL,0,8,4,NULL,'2023-02-17',1,NULL,NULL,NULL,2,'2023-02-17 10:37:08',480,0,2),(5721,1,10,1,NULL,0,8,4,NULL,'2023-02-17',1,NULL,NULL,NULL,2,'2023-02-17 10:37:08',466,0,2),(5722,1,11,1,NULL,0,8,4,NULL,'2023-02-17',1,NULL,NULL,NULL,2,'2023-02-17 10:37:08',368,0,2),(5723,1,12,1,NULL,0,8,4,NULL,'2023-02-17',1,NULL,NULL,NULL,2,'2023-02-17 10:37:09',470,0,2),(5724,1,13,1,NULL,0,8,4,NULL,'2023-02-17',1,NULL,NULL,NULL,2,'2023-02-17 10:37:09',377,0,2),(5725,1,14,1,NULL,0,8,4,NULL,'2023-02-17',1,NULL,NULL,NULL,2,'2023-02-17 10:37:09',478,0,2),(5726,1,15,1,NULL,0,8,4,NULL,'2023-02-17',1,NULL,NULL,NULL,2,'2023-02-17 10:37:09',398,0,2),(5727,1,16,1,NULL,0,8,4,NULL,'2023-02-17',1,NULL,NULL,NULL,2,'2023-02-17 10:37:09',467,0,2),(5728,1,1,1,NULL,0,8,4,NULL,'2023-02-17',1,NULL,NULL,NULL,2,'2023-02-17 10:37:09',444,0,2),(5729,1,2,1,NULL,0,8,4,NULL,'2023-02-17',1,NULL,NULL,NULL,2,'2023-02-17 10:37:09',388,0,2),(5730,1,3,1,NULL,0,8,4,NULL,'2023-02-17',1,NULL,NULL,NULL,2,'2023-02-17 10:37:09',428,0,2),(5731,1,4,1,NULL,0,8,4,NULL,'2023-02-17',1,NULL,NULL,NULL,2,'2023-02-17 10:37:09',409,0,2),(5732,1,5,1,NULL,0,8,4,NULL,'2023-02-17',1,NULL,NULL,NULL,2,'2023-02-17 10:37:09',317,0,2),(5733,1,6,1,NULL,0,8,4,NULL,'2023-02-17',1,NULL,NULL,NULL,2,'2023-02-17 10:37:10',390,0,2),(5734,1,7,1,NULL,0,8,4,NULL,'2023-02-17',1,NULL,NULL,NULL,2,'2023-02-17 10:37:10',410,0,2),(5735,1,8,1,NULL,0,8,4,NULL,'2023-02-17',1,NULL,NULL,NULL,2,'2023-02-17 10:37:10',443,0,2),(5736,1,10,1,NULL,0,8,4,NULL,'2023-02-17',1,NULL,NULL,NULL,2,'2023-02-17 10:37:10',489,0,2),(5737,1,12,1,NULL,0,8,4,NULL,'2023-02-17',1,NULL,NULL,NULL,2,'2023-02-17 10:37:10',381,0,2),(5738,1,13,1,NULL,0,8,4,NULL,'2023-02-17',1,NULL,NULL,NULL,2,'2023-02-17 10:37:10',350,0,2),(5739,1,14,1,NULL,0,8,4,NULL,'2023-02-17',1,NULL,NULL,NULL,2,'2023-02-17 10:37:10',398,0,2),(5740,1,15,1,NULL,0,8,4,NULL,'2023-02-17',1,NULL,NULL,NULL,2,'2023-02-17 10:37:10',387,0,2),(5741,1,16,1,NULL,0,8,4,NULL,'2023-02-17',1,NULL,NULL,NULL,2,'2023-02-17 10:37:10',361,0,2),(5742,1,1,1,NULL,0,8,4,NULL,'2023-02-17',1,NULL,NULL,NULL,2,'2023-02-17 10:37:11',408,0,2),(5743,1,2,1,NULL,0,8,4,NULL,'2023-02-17',1,NULL,NULL,NULL,2,'2023-02-17 10:37:11',395,0,2),(5744,1,3,1,NULL,0,8,4,NULL,'2023-02-17',1,NULL,NULL,NULL,2,'2023-02-17 10:37:11',467,0,2),(5745,1,4,1,NULL,0,8,4,NULL,'2023-02-17',1,NULL,NULL,NULL,2,'2023-02-17 10:37:11',345,0,2),(5746,1,5,1,NULL,0,8,4,NULL,'2023-02-17',1,NULL,NULL,NULL,2,'2023-02-17 10:37:11',395,0,2),(5747,1,6,1,NULL,0,8,4,NULL,'2023-02-17',1,NULL,NULL,NULL,2,'2023-02-17 10:37:11',379,0,2),(5748,1,7,1,NULL,0,8,4,NULL,'2023-02-17',1,NULL,NULL,NULL,2,'2023-02-17 10:37:11',348,0,2),(5749,1,8,1,NULL,0,8,4,NULL,'2023-02-17',1,NULL,NULL,NULL,2,'2023-02-17 10:37:11',443,0,2),(5750,1,9,1,NULL,0,8,4,NULL,'2023-02-17',1,NULL,NULL,NULL,2,'2023-02-17 10:37:11',349,0,2),(5751,1,10,1,NULL,0,8,4,NULL,'2023-02-17',1,NULL,NULL,NULL,2,'2023-02-17 10:37:11',339,0,2),(5752,1,11,1,NULL,0,8,4,NULL,'2023-02-17',1,NULL,NULL,NULL,2,'2023-02-17 10:37:12',430,0,2),(5753,1,12,1,NULL,0,8,4,NULL,'2023-02-17',1,NULL,NULL,NULL,2,'2023-02-17 10:37:12',404,0,2),(5754,1,13,1,NULL,0,8,4,NULL,'2023-02-17',1,NULL,NULL,NULL,2,'2023-02-17 10:37:12',469,0,2),(5755,1,14,1,NULL,0,8,4,NULL,'2023-02-17',1,NULL,NULL,NULL,2,'2023-02-17 10:37:12',481,0,2),(5756,1,15,1,NULL,0,8,4,NULL,'2023-02-17',1,NULL,NULL,NULL,2,'2023-02-17 10:37:12',341,0,2),(5757,1,16,1,NULL,0,8,4,NULL,'2023-02-17',1,NULL,NULL,NULL,2,'2023-02-17 10:37:12',322,0,2),(5758,1,2,1,NULL,0,8,4,NULL,'2023-02-17',1,NULL,NULL,NULL,2,'2023-02-17 10:37:12',470,0,2),(5759,1,3,1,NULL,0,8,4,NULL,'2023-02-17',1,NULL,NULL,NULL,2,'2023-02-17 10:37:12',368,0,2),(5760,1,4,1,NULL,0,8,4,NULL,'2023-02-17',1,NULL,NULL,NULL,2,'2023-02-17 10:37:12',347,0,2),(5761,1,5,1,NULL,0,8,4,NULL,'2023-02-17',1,NULL,NULL,NULL,2,'2023-02-17 10:37:13',388,0,2),(5762,1,6,1,NULL,0,8,4,NULL,'2023-02-17',1,NULL,NULL,NULL,2,'2023-02-17 10:37:13',486,0,2),(5763,1,7,1,NULL,0,8,4,NULL,'2023-02-17',1,NULL,NULL,NULL,2,'2023-02-17 10:37:13',381,0,2),(5764,1,8,1,NULL,0,8,4,NULL,'2023-02-17',1,NULL,NULL,NULL,2,'2023-02-17 10:37:13',492,0,2),(5765,1,9,1,NULL,0,8,4,NULL,'2023-02-17',1,NULL,NULL,NULL,2,'2023-02-17 10:37:13',444,0,2),(5766,1,10,1,NULL,0,8,4,NULL,'2023-02-17',1,NULL,NULL,NULL,2,'2023-02-17 10:37:13',331,0,2),(5767,1,11,1,NULL,0,8,4,NULL,'2023-02-17',1,NULL,NULL,NULL,2,'2023-02-17 10:37:13',463,0,2),(5768,1,12,1,NULL,0,8,4,NULL,'2023-02-17',1,NULL,NULL,NULL,2,'2023-02-17 10:37:13',346,0,2),(5769,1,13,1,NULL,0,8,4,NULL,'2023-02-17',1,NULL,NULL,NULL,2,'2023-02-17 10:37:13',385,0,2),(5770,1,14,1,NULL,0,8,4,NULL,'2023-02-17',1,NULL,NULL,NULL,2,'2023-02-17 10:37:13',406,0,2),(5771,1,15,1,NULL,0,8,4,NULL,'2023-02-17',1,NULL,NULL,NULL,2,'2023-02-17 10:37:14',443,0,2),(5772,1,16,1,NULL,0,8,4,NULL,'2023-02-17',1,NULL,NULL,NULL,2,'2023-02-17 10:37:14',326,0,2),(5773,1,1,1,NULL,0,8,4,NULL,'2023-02-17',1,NULL,NULL,NULL,2,'2023-02-17 10:37:14',392,0,2),(5774,1,2,1,NULL,0,8,4,NULL,'2023-02-17',1,NULL,NULL,NULL,2,'2023-02-17 10:37:14',394,0,2),(5775,1,3,1,NULL,0,8,4,NULL,'2023-02-17',1,NULL,NULL,NULL,2,'2023-02-17 10:37:14',350,0,2),(5776,1,4,1,NULL,0,8,4,NULL,'2023-02-17',1,NULL,NULL,NULL,2,'2023-02-17 10:37:14',348,0,2),(5777,1,5,1,NULL,0,8,4,NULL,'2023-02-17',1,NULL,NULL,NULL,2,'2023-02-17 10:37:14',357,0,2),(5778,1,7,1,NULL,0,8,4,NULL,'2023-02-17',1,NULL,NULL,NULL,2,'2023-02-17 10:37:14',357,0,2),(5779,1,8,1,NULL,0,8,4,NULL,'2023-02-17',1,NULL,NULL,NULL,2,'2023-02-17 10:37:14',406,0,2),(5780,1,9,1,NULL,0,8,4,NULL,'2023-02-17',1,NULL,NULL,NULL,2,'2023-02-17 10:37:15',325,0,2),(5781,1,10,1,NULL,0,8,4,NULL,'2023-02-17',1,NULL,NULL,NULL,2,'2023-02-17 10:37:15',339,0,2),(5782,1,11,1,NULL,0,8,4,NULL,'2023-02-17',1,NULL,NULL,NULL,2,'2023-02-17 10:37:15',448,0,2),(5783,1,12,1,NULL,0,8,4,NULL,'2023-02-17',1,NULL,NULL,NULL,2,'2023-02-17 10:37:15',468,0,2),(5784,1,13,1,NULL,0,8,4,NULL,'2023-02-17',1,NULL,NULL,NULL,2,'2023-02-17 10:37:15',468,0,2),(5785,1,14,1,NULL,0,8,4,NULL,'2023-02-17',1,NULL,NULL,NULL,2,'2023-02-17 10:37:15',352,0,2),(5786,1,15,1,NULL,0,8,4,NULL,'2023-02-17',1,NULL,NULL,NULL,2,'2023-02-17 10:37:15',485,0,2),(5787,1,16,1,NULL,0,8,4,NULL,'2023-02-17',1,NULL,NULL,NULL,2,'2023-02-17 10:37:15',370,0,2),(5788,1,1,1,NULL,0,8,4,NULL,'2023-02-17',1,NULL,NULL,NULL,2,'2023-02-17 10:37:15',441,0,2),(5789,1,2,1,NULL,0,8,4,NULL,'2023-02-17',1,NULL,NULL,NULL,2,'2023-02-17 10:37:15',377,0,2),(5790,1,3,1,NULL,0,8,4,NULL,'2023-02-17',1,NULL,NULL,NULL,2,'2023-02-17 10:37:16',330,0,2),(5791,1,4,1,NULL,0,8,4,NULL,'2023-02-17',1,NULL,NULL,NULL,2,'2023-02-17 10:37:16',363,0,2),(5792,1,5,1,NULL,0,8,4,NULL,'2023-02-17',1,NULL,NULL,NULL,2,'2023-02-17 10:37:16',488,0,2),(5793,1,6,1,NULL,0,8,4,NULL,'2023-02-17',1,NULL,NULL,NULL,2,'2023-02-17 10:37:16',417,0,2),(5794,1,7,1,NULL,0,8,4,NULL,'2023-02-17',1,NULL,NULL,NULL,2,'2023-02-17 10:37:16',445,0,2),(5795,1,8,1,NULL,0,8,4,NULL,'2023-02-17',1,NULL,NULL,NULL,2,'2023-02-17 10:37:16',463,0,2),(5796,1,9,1,NULL,0,8,4,NULL,'2023-02-17',1,NULL,NULL,NULL,2,'2023-02-17 10:37:16',418,0,2),(5797,1,10,1,NULL,0,8,4,NULL,'2023-02-17',1,NULL,NULL,NULL,2,'2023-02-17 10:37:16',467,0,2),(5798,1,11,1,NULL,0,8,4,NULL,'2023-02-17',1,NULL,NULL,NULL,2,'2023-02-17 10:37:16',342,0,2),(5799,1,12,1,NULL,0,8,4,NULL,'2023-02-17',1,NULL,NULL,NULL,2,'2023-02-17 10:37:17',467,0,2),(5800,1,13,1,NULL,0,8,4,NULL,'2023-02-17',1,NULL,NULL,NULL,2,'2023-02-17 10:37:17',430,0,2),(5801,1,15,1,NULL,0,8,4,NULL,'2023-02-17',1,NULL,NULL,NULL,2,'2023-02-17 10:37:17',409,0,2),(5802,1,16,1,NULL,0,8,4,NULL,'2023-02-17',1,NULL,NULL,NULL,2,'2023-02-17 10:37:17',416,0,2),(5803,1,1,1,NULL,0,8,4,NULL,'2023-02-17',1,NULL,NULL,NULL,2,'2023-02-17 10:37:17',492,0,2),(5804,1,2,1,NULL,0,8,4,NULL,'2023-02-17',1,NULL,NULL,NULL,2,'2023-02-17 10:37:17',317,0,2),(5805,1,3,1,NULL,0,8,4,NULL,'2023-02-17',1,NULL,NULL,NULL,2,'2023-02-17 10:37:17',375,0,2),(5806,1,4,1,NULL,0,8,4,NULL,'2023-02-17',1,NULL,NULL,NULL,2,'2023-02-17 10:37:17',340,0,2),(5807,1,5,1,NULL,0,8,4,NULL,'2023-02-17',1,NULL,NULL,NULL,2,'2023-02-17 10:37:17',437,0,2),(5808,1,6,1,NULL,0,8,4,NULL,'2023-02-17',1,NULL,NULL,NULL,2,'2023-02-17 10:37:17',429,0,2),(5809,1,7,1,NULL,0,8,4,NULL,'2023-02-17',1,NULL,NULL,NULL,2,'2023-02-17 10:37:18',325,0,2),(5810,1,8,1,NULL,0,8,4,NULL,'2023-02-17',1,NULL,NULL,NULL,2,'2023-02-17 10:37:18',432,0,2),(5811,1,9,1,NULL,0,8,4,NULL,'2023-02-17',1,NULL,NULL,NULL,2,'2023-02-17 10:37:18',467,0,2),(5812,1,10,1,NULL,0,8,4,NULL,'2023-02-17',1,NULL,NULL,NULL,2,'2023-02-17 10:37:18',459,0,2),(5813,1,11,1,NULL,0,8,4,NULL,'2023-02-17',1,NULL,NULL,NULL,2,'2023-02-17 10:37:18',474,0,2),(5814,1,12,1,NULL,0,8,4,NULL,'2023-02-17',1,NULL,NULL,NULL,2,'2023-02-17 10:37:18',372,0,2),(5815,1,13,1,NULL,0,8,4,NULL,'2023-02-17',1,NULL,NULL,NULL,2,'2023-02-17 10:37:18',378,0,2),(5816,1,14,1,NULL,0,8,4,NULL,'2023-02-17',1,NULL,NULL,NULL,2,'2023-02-17 10:37:18',328,0,2),(5817,1,15,1,NULL,0,8,4,NULL,'2023-02-17',1,NULL,NULL,NULL,2,'2023-02-17 10:37:18',347,0,2),(5818,1,16,1,NULL,0,8,4,NULL,'2023-02-17',1,NULL,NULL,NULL,2,'2023-02-17 10:37:18',493,0,2),(5819,1,1,1,NULL,0,8,4,NULL,'2023-02-17',1,NULL,NULL,NULL,2,'2023-02-17 10:37:19',412,0,2),(5820,1,2,1,NULL,0,8,4,NULL,'2023-02-17',1,NULL,NULL,NULL,2,'2023-02-17 10:37:19',468,0,2),(5821,1,3,1,NULL,0,8,4,NULL,'2023-02-17',1,NULL,NULL,NULL,2,'2023-02-17 10:37:19',372,0,2),(5822,1,4,1,NULL,0,8,4,NULL,'2023-02-17',1,NULL,NULL,NULL,2,'2023-02-17 10:37:19',378,0,2),(5823,1,5,1,NULL,0,8,4,NULL,'2023-02-17',1,NULL,NULL,NULL,2,'2023-02-17 10:37:19',330,0,2),(5824,1,6,1,NULL,0,8,4,NULL,'2023-02-17',1,NULL,NULL,NULL,2,'2023-02-17 10:37:19',439,0,2),(5825,1,7,1,NULL,0,8,4,NULL,'2023-02-17',1,NULL,NULL,NULL,2,'2023-02-17 10:37:19',349,0,2),(5826,1,8,1,NULL,0,8,4,NULL,'2023-02-17',1,NULL,NULL,NULL,2,'2023-02-17 10:37:19',401,0,2),(5827,1,9,1,NULL,0,8,4,NULL,'2023-02-17',1,NULL,NULL,NULL,2,'2023-02-17 10:37:19',318,0,2),(5828,1,10,1,NULL,0,8,4,NULL,'2023-02-17',1,NULL,NULL,NULL,2,'2023-02-17 10:37:20',432,0,2),(5829,1,11,1,NULL,0,8,4,NULL,'2023-02-17',1,NULL,NULL,NULL,2,'2023-02-17 10:37:20',433,0,2),(5830,1,12,1,NULL,0,8,4,NULL,'2023-02-17',1,NULL,NULL,NULL,2,'2023-02-17 10:37:20',344,0,2),(5831,1,13,1,NULL,0,8,4,NULL,'2023-02-17',1,NULL,NULL,NULL,2,'2023-02-17 10:37:20',344,0,2),(5832,1,14,1,NULL,0,8,4,NULL,'2023-02-17',1,NULL,NULL,NULL,2,'2023-02-17 10:37:20',349,0,2),(5833,1,16,1,NULL,0,8,4,NULL,'2023-02-17',1,NULL,NULL,NULL,2,'2023-02-17 10:37:20',365,0,2),(5834,1,1,1,NULL,0,8,4,NULL,'2023-02-17',1,NULL,NULL,NULL,2,'2023-02-17 10:37:20',490,0,2),(5835,1,2,1,NULL,0,8,4,NULL,'2023-02-17',1,NULL,NULL,NULL,2,'2023-02-17 10:37:20',342,0,2),(5836,1,3,1,NULL,0,8,4,NULL,'2023-02-17',1,NULL,NULL,NULL,2,'2023-02-17 10:37:20',404,0,2),(5837,1,4,1,NULL,0,8,4,NULL,'2023-02-17',1,NULL,NULL,NULL,2,'2023-02-17 10:37:21',493,0,2),(5838,1,5,1,NULL,0,8,4,NULL,'2023-02-17',1,NULL,NULL,NULL,2,'2023-02-17 10:37:21',408,0,2),(5839,1,6,1,NULL,0,8,4,NULL,'2023-02-17',1,NULL,NULL,NULL,2,'2023-02-17 10:37:21',491,0,2),(5840,1,7,1,NULL,0,8,4,NULL,'2023-02-17',1,NULL,NULL,NULL,2,'2023-02-17 10:37:21',421,0,2),(5841,1,8,1,NULL,0,8,4,NULL,'2023-02-17',1,NULL,NULL,NULL,2,'2023-02-17 10:37:21',346,0,2),(5842,1,11,1,NULL,0,8,4,NULL,'2023-02-17',1,NULL,NULL,NULL,2,'2023-02-17 10:37:21',359,0,2),(5843,1,12,1,NULL,0,8,4,NULL,'2023-02-17',1,NULL,NULL,NULL,2,'2023-02-17 10:37:21',482,0,2),(5844,1,13,1,NULL,0,8,4,NULL,'2023-02-17',1,NULL,NULL,NULL,2,'2023-02-17 10:37:21',418,0,2),(5845,1,14,1,NULL,0,8,4,NULL,'2023-02-17',1,NULL,NULL,NULL,2,'2023-02-17 10:37:21',339,0,2),(5846,1,15,1,NULL,0,8,4,NULL,'2023-02-17',1,NULL,NULL,NULL,2,'2023-02-17 10:37:21',409,0,2),(5847,1,16,1,NULL,0,8,4,NULL,'2023-02-17',1,NULL,NULL,NULL,2,'2023-02-17 10:37:21',319,0,2),(5848,1,1,1,NULL,0,8,4,NULL,'2023-02-17',1,NULL,NULL,NULL,2,'2023-02-17 10:37:22',402,0,2),(5849,1,2,1,NULL,0,8,4,NULL,'2023-02-17',1,NULL,NULL,NULL,2,'2023-02-17 10:37:22',469,0,2),(5850,1,4,1,NULL,0,8,4,NULL,'2023-02-17',1,NULL,NULL,NULL,2,'2023-02-17 10:37:22',365,0,2),(5851,1,5,1,NULL,0,8,4,NULL,'2023-02-17',1,NULL,NULL,NULL,2,'2023-02-17 10:37:22',353,0,2),(5852,1,6,1,NULL,0,8,4,NULL,'2023-02-17',1,NULL,NULL,NULL,2,'2023-02-17 10:37:22',443,0,2),(5853,1,8,1,NULL,0,8,4,NULL,'2023-02-17',1,NULL,NULL,NULL,2,'2023-02-17 10:37:22',372,0,2),(5854,1,9,1,NULL,0,8,4,NULL,'2023-02-17',1,NULL,NULL,NULL,2,'2023-02-17 10:37:22',478,0,2),(5855,1,10,1,NULL,0,8,4,NULL,'2023-02-17',1,NULL,NULL,NULL,2,'2023-02-17 10:37:22',433,0,2),(5856,1,11,1,NULL,0,8,4,NULL,'2023-02-17',1,NULL,NULL,NULL,2,'2023-02-17 10:37:22',435,0,2),(5857,1,12,1,NULL,0,8,4,NULL,'2023-02-17',1,NULL,NULL,NULL,2,'2023-02-17 10:37:22',437,0,2),(5858,1,13,1,NULL,0,8,4,NULL,'2023-02-17',1,NULL,NULL,NULL,2,'2023-02-17 10:37:23',349,0,2),(5859,1,14,1,NULL,0,8,4,NULL,'2023-02-17',1,NULL,NULL,NULL,2,'2023-02-17 10:37:23',461,0,2),(5860,1,15,1,NULL,0,8,4,NULL,'2023-02-17',1,NULL,NULL,NULL,2,'2023-02-17 10:37:23',361,0,2),(5861,1,1,1,NULL,0,8,4,NULL,'2023-02-17',1,NULL,NULL,NULL,2,'2023-02-17 10:37:23',345,0,2),(5862,1,2,1,NULL,0,8,4,NULL,'2023-02-17',1,NULL,NULL,NULL,2,'2023-02-17 10:37:23',408,0,2),(5863,1,3,1,NULL,0,8,4,NULL,'2023-02-17',1,NULL,NULL,NULL,2,'2023-02-17 10:37:23',491,0,2),(5864,1,4,1,NULL,0,8,4,NULL,'2023-02-17',1,NULL,NULL,NULL,2,'2023-02-17 10:37:23',472,0,2),(5865,1,5,1,NULL,0,8,4,NULL,'2023-02-17',1,NULL,NULL,NULL,2,'2023-02-17 10:37:23',331,0,2),(5866,1,6,1,NULL,0,8,4,NULL,'2023-02-17',1,NULL,NULL,NULL,2,'2023-02-17 10:37:23',336,0,2),(5867,1,7,1,NULL,0,8,4,NULL,'2023-02-17',1,NULL,NULL,NULL,2,'2023-02-17 10:37:23',320,0,2),(5868,1,8,1,NULL,0,8,4,NULL,'2023-02-17',1,NULL,NULL,NULL,2,'2023-02-17 10:37:23',402,0,2),(5869,1,9,1,NULL,0,8,4,NULL,'2023-02-17',1,NULL,NULL,NULL,2,'2023-02-17 10:37:24',362,0,2),(5870,1,10,1,NULL,0,8,4,NULL,'2023-02-17',1,NULL,NULL,NULL,2,'2023-02-17 10:37:24',412,0,2),(5871,1,13,1,NULL,0,8,4,NULL,'2023-02-17',1,NULL,NULL,NULL,2,'2023-02-17 10:37:24',346,0,2),(5872,1,14,1,NULL,0,8,4,NULL,'2023-02-17',1,NULL,NULL,NULL,2,'2023-02-17 10:37:24',470,0,2),(5873,1,15,1,NULL,0,8,4,NULL,'2023-02-17',1,NULL,NULL,NULL,2,'2023-02-17 10:37:24',423,0,2),(5874,1,16,1,NULL,0,8,4,NULL,'2023-02-17',1,NULL,NULL,NULL,2,'2023-02-17 10:37:24',462,0,2),(5875,1,2,1,NULL,0,8,4,NULL,'2023-02-17',1,NULL,NULL,NULL,2,'2023-02-17 10:37:24',381,0,2),(5876,1,3,1,NULL,0,8,4,NULL,'2023-02-17',1,NULL,NULL,NULL,2,'2023-02-17 10:37:24',385,0,2),(5877,1,4,1,NULL,0,8,4,NULL,'2023-02-17',1,NULL,NULL,NULL,2,'2023-02-17 10:37:24',382,0,2),(5878,1,5,1,NULL,0,8,4,NULL,'2023-02-17',1,NULL,NULL,NULL,2,'2023-02-17 10:37:25',452,0,2),(5879,1,6,1,NULL,0,8,4,NULL,'2023-02-17',1,NULL,NULL,NULL,2,'2023-02-17 10:37:25',382,0,2),(5880,1,7,1,NULL,0,8,4,NULL,'2023-02-17',1,NULL,NULL,NULL,2,'2023-02-17 10:37:25',330,0,2),(5881,1,8,1,NULL,0,8,4,NULL,'2023-02-17',1,NULL,NULL,NULL,2,'2023-02-17 10:37:25',321,0,2),(5882,1,9,1,NULL,0,8,4,NULL,'2023-02-17',1,NULL,NULL,NULL,2,'2023-02-17 10:37:25',434,0,2),(5883,1,10,1,NULL,0,8,4,NULL,'2023-02-17',1,NULL,NULL,NULL,2,'2023-02-17 10:37:25',372,0,2),(5884,1,11,1,NULL,0,8,4,NULL,'2023-02-17',1,NULL,NULL,NULL,2,'2023-02-17 10:37:25',362,0,2),(5885,1,12,1,NULL,0,8,4,NULL,'2023-02-17',1,NULL,NULL,NULL,2,'2023-02-17 10:37:25',441,0,2),(5886,1,14,1,NULL,0,8,4,NULL,'2023-02-17',1,NULL,NULL,NULL,2,'2023-02-17 10:37:25',351,0,2),(5887,1,15,1,NULL,0,8,4,NULL,'2023-02-17',1,NULL,NULL,NULL,2,'2023-02-17 10:37:25',389,0,2),(5888,1,16,1,NULL,0,8,4,NULL,'2023-02-17',1,NULL,NULL,NULL,2,'2023-02-17 10:37:26',387,0,2),(5889,1,1,1,NULL,0,8,4,NULL,'2023-02-17',1,NULL,NULL,NULL,2,'2023-02-17 10:37:26',469,0,2),(5890,1,2,1,NULL,0,8,4,NULL,'2023-02-17',1,NULL,NULL,NULL,2,'2023-02-17 10:37:26',400,0,2),(5891,1,3,1,NULL,0,8,4,NULL,'2023-02-17',1,NULL,NULL,NULL,2,'2023-02-17 10:37:26',381,0,2),(5892,1,4,1,NULL,0,8,4,NULL,'2023-02-17',1,NULL,NULL,NULL,2,'2023-02-17 10:37:26',375,0,2),(5893,1,5,1,NULL,0,8,4,NULL,'2023-02-17',1,NULL,NULL,NULL,2,'2023-02-17 10:37:26',326,0,2),(5894,1,6,1,NULL,0,8,4,NULL,'2023-02-17',1,NULL,NULL,NULL,2,'2023-02-17 10:37:26',436,0,2),(5895,1,7,1,NULL,0,8,4,NULL,'2023-02-17',1,NULL,NULL,NULL,2,'2023-02-17 10:37:26',354,0,2),(5896,1,8,1,NULL,0,8,4,NULL,'2023-02-17',1,NULL,NULL,NULL,2,'2023-02-17 10:37:26',476,0,2),(5897,1,9,1,NULL,0,8,4,NULL,'2023-02-17',1,NULL,NULL,NULL,2,'2023-02-17 10:37:27',317,0,2),(5898,1,10,1,NULL,0,8,4,NULL,'2023-02-17',1,NULL,NULL,NULL,2,'2023-02-17 10:37:27',447,0,2),(5899,1,11,1,NULL,0,8,4,NULL,'2023-02-17',1,NULL,NULL,NULL,2,'2023-02-17 10:37:27',351,0,2),(5900,1,13,1,NULL,0,8,4,NULL,'2023-02-17',1,NULL,NULL,NULL,2,'2023-02-17 10:37:27',472,0,2),(5901,1,14,1,NULL,0,8,4,NULL,'2023-02-17',1,NULL,NULL,NULL,2,'2023-02-17 10:37:27',393,0,2),(5902,1,15,1,NULL,0,8,4,NULL,'2023-02-17',1,NULL,NULL,NULL,2,'2023-02-17 10:37:27',381,0,2),(5903,1,16,1,NULL,0,8,4,NULL,'2023-02-17',1,NULL,NULL,NULL,2,'2023-02-17 10:37:27',387,0,2),(5904,1,1,1,NULL,0,8,4,NULL,'2023-02-17',1,NULL,NULL,NULL,2,'2023-02-17 10:37:27',412,0,2),(5905,1,2,1,NULL,0,8,4,NULL,'2023-02-17',1,NULL,NULL,NULL,2,'2023-02-17 10:37:27',399,0,2),(5906,1,3,1,NULL,0,8,4,NULL,'2023-02-17',1,NULL,NULL,NULL,2,'2023-02-17 10:37:27',361,0,2),(5907,1,4,1,NULL,0,8,4,NULL,'2023-02-17',1,NULL,NULL,NULL,2,'2023-02-17 10:37:28',376,0,2),(5908,1,5,1,NULL,0,8,4,NULL,'2023-02-17',1,NULL,NULL,NULL,2,'2023-02-17 10:37:28',460,0,2),(5909,1,6,1,NULL,0,8,4,NULL,'2023-02-17',1,NULL,NULL,NULL,2,'2023-02-17 10:37:28',474,0,2),(5910,1,7,1,NULL,0,8,4,NULL,'2023-02-17',1,NULL,NULL,NULL,2,'2023-02-17 10:37:28',469,0,2),(5911,1,8,1,NULL,0,8,4,NULL,'2023-02-17',1,NULL,NULL,NULL,2,'2023-02-17 10:37:28',454,0,2),(5912,1,9,1,NULL,0,8,4,NULL,'2023-02-17',1,NULL,NULL,NULL,2,'2023-02-17 10:37:28',318,0,2),(5913,1,10,1,NULL,0,8,4,NULL,'2023-02-17',1,NULL,NULL,NULL,2,'2023-02-17 10:37:28',441,0,2),(5914,1,11,1,NULL,0,8,4,NULL,'2023-02-17',1,NULL,NULL,NULL,2,'2023-02-17 10:37:28',339,0,2),(5915,1,12,1,NULL,0,8,4,NULL,'2023-02-17',1,NULL,NULL,NULL,2,'2023-02-17 10:37:28',409,0,2),(5916,1,13,1,NULL,0,8,4,NULL,'2023-02-17',1,NULL,NULL,NULL,2,'2023-02-17 10:37:28',458,0,2),(5917,1,14,1,NULL,0,8,4,NULL,'2023-02-17',1,NULL,NULL,NULL,2,'2023-02-17 10:37:29',338,0,2),(5918,1,15,1,NULL,0,8,4,NULL,'2023-02-17',1,NULL,NULL,NULL,2,'2023-02-17 10:37:29',423,0,2),(5919,1,16,1,NULL,0,8,4,NULL,'2023-02-17',1,NULL,NULL,NULL,2,'2023-02-17 10:37:29',471,0,2),(5920,1,1,1,NULL,0,8,4,NULL,'2023-02-17',1,NULL,NULL,NULL,2,'2023-02-17 10:37:29',465,0,2),(5921,1,3,1,NULL,0,8,4,NULL,'2023-02-17',1,NULL,NULL,NULL,2,'2023-02-17 10:37:29',476,0,2),(5922,1,4,1,NULL,0,8,4,NULL,'2023-02-17',1,NULL,NULL,NULL,2,'2023-02-17 10:37:29',440,0,2),(5923,1,5,1,NULL,0,8,4,NULL,'2023-02-17',1,NULL,NULL,NULL,2,'2023-02-17 10:37:29',484,0,2),(5924,1,6,1,NULL,0,8,4,NULL,'2023-02-17',1,NULL,NULL,NULL,2,'2023-02-17 10:37:29',337,0,2),(5925,1,7,1,NULL,0,8,4,NULL,'2023-02-17',1,NULL,NULL,NULL,2,'2023-02-17 10:37:29',458,0,2),(5926,1,8,1,NULL,0,8,4,NULL,'2023-02-17',1,NULL,NULL,NULL,2,'2023-02-17 10:37:30',400,0,2),(5927,1,9,1,NULL,0,8,4,NULL,'2023-02-17',1,NULL,NULL,NULL,2,'2023-02-17 10:37:30',334,0,2),(5928,1,10,1,NULL,0,8,4,NULL,'2023-02-17',1,NULL,NULL,NULL,2,'2023-02-17 10:37:30',363,0,2),(5929,1,11,1,NULL,0,8,4,NULL,'2023-02-17',1,NULL,NULL,NULL,2,'2023-02-17 10:37:30',484,0,2),(5930,1,12,1,NULL,0,8,4,NULL,'2023-02-17',1,NULL,NULL,NULL,2,'2023-02-17 10:37:30',399,0,2),(5931,1,13,1,NULL,0,8,4,NULL,'2023-02-17',1,NULL,NULL,NULL,2,'2023-02-17 10:37:30',468,0,2),(5932,1,14,1,NULL,0,8,4,NULL,'2023-02-17',1,NULL,NULL,NULL,2,'2023-02-17 10:37:30',488,0,2),(5933,1,15,1,NULL,0,8,4,NULL,'2023-02-17',1,NULL,NULL,NULL,2,'2023-02-17 10:37:30',341,0,2),(5934,1,16,1,NULL,0,8,4,NULL,'2023-02-17',1,NULL,NULL,NULL,2,'2023-02-17 10:37:30',473,0,2),(5935,1,1,1,7,4,1,1,NULL,NULL,2,37.50824000000000,126.73617000000000,'세찌',2,'2023-02-17 10:41:50',391,0,5.6),(5936,5,2,1,52,7,2,3,NULL,NULL,2,37.50824000000000,126.73617000000000,'뽀삐',1,'2023-02-17 10:41:50',391,0,7.6),(5937,7,3,1,8,6,1,3,NULL,NULL,1,37.50824000000000,126.73617000000000,'아찌',1,'2023-02-17 10:41:50',391,0,12.6),(5938,1,4,1,37,1,2,1,NULL,NULL,1,37.50824000000000,126.73617000000000,'탄이',2,'2023-02-17 10:41:50',391,0,5.4),(5939,1,5,1,NULL,6,8,3,NULL,NULL,2,37.50824000000000,126.73617000000000,'뭉치',1,'2023-02-17 10:41:50',391,0,11.8),(5940,1,6,1,37,7,2,3,NULL,NULL,1,37.50824000000000,126.73617000000000,'토리',1,'2023-02-17 10:41:50',391,0,7.8),(5941,2,7,0,52,1,2,1,NULL,NULL,1,37.50824000000000,126.73617000000000,'심바',1,'2023-02-17 10:41:50',391,0,8.4),(5942,2,8,1,42,7,2,3,NULL,NULL,2,37.50824000000000,126.73617000000000,'후추',1,'2023-02-17 10:41:50',391,0,7.4),(5943,1,9,1,NULL,2,5,4,NULL,NULL,2,37.50824000000000,126.73617000000000,'옥자',1,'2023-02-17 10:41:50',391,0,6.1),(5944,1,10,1,38,7,2,3,NULL,NULL,1,37.50824000000000,126.73617000000000,'요시',2,'2023-02-17 10:41:50',391,0,2.6),(5945,5,11,1,37,7,2,2,NULL,NULL,1,37.50824000000000,126.73617000000000,'찹찹이',2,'2023-02-17 10:41:50',391,0,16.4),(5946,1,12,1,38,3,2,2,NULL,NULL,2,37.50824000000000,126.73617000000000,'폴로',2,'2023-02-17 10:41:50',391,0,8.1),(5947,7,13,1,37,7,2,4,NULL,NULL,1,37.50824000000000,126.73617000000000,'순디',1,'2023-02-17 10:41:50',391,0,11.7),(5948,8,14,1,8,6,1,3,NULL,NULL,1,37.50824000000000,126.73617000000000,'코지',2,'2023-02-17 10:41:50',391,0,12.6),(5949,2,15,1,8,6,1,2,NULL,NULL,2,37.50824000000000,126.73617000000000,'장군이',1,'2023-02-17 10:41:50',391,0,15.7),(5950,1,16,1,52,1,2,4,NULL,NULL,2,37.50824000000000,126.73617000000000,'순심이',2,'2023-02-17 10:41:50',391,0,8.6),(5951,1,17,0,7,4,1,3,NULL,NULL,1,37.50824000000000,126.73617000000000,'사랑이',1,'2023-02-17 10:41:50',391,0,6.7),(5952,3,18,1,7,4,1,3,NULL,NULL,1,37.50824000000000,126.73617000000000,'미룡',2,'2023-02-17 10:41:50',391,0,9.4),(5953,5,19,0,NULL,1,4,3,NULL,NULL,1,37.50824000000000,126.73617000000000,'보리',1,'2023-02-17 10:41:50',391,0,4.2),(5954,2,20,1,52,1,2,3,NULL,NULL,1,37.50824000000000,126.73617000000000,'뻐니',1,'2023-02-17 10:41:50',391,0,4.3),(5955,4,21,1,NULL,1,5,4,NULL,NULL,2,37.50824000000000,126.73617000000000,'꽁지',2,'2023-02-17 10:41:50',391,0,6.8),(5956,1,22,1,7,1,1,1,NULL,NULL,2,37.50824000000000,126.73617000000000,'하오',2,'2023-02-17 10:41:50',391,0,7.6),(5957,1,23,1,8,7,1,2,NULL,NULL,1,37.50824000000000,126.73617000000000,'초코',2,'2023-02-17 10:41:50',391,0,3.1),(5958,4,24,1,7,4,1,1,NULL,NULL,1,37.50824000000000,126.73617000000000,'시월이',1,'2023-02-17 10:41:50',391,0,5.9),(5959,1,25,1,38,7,2,2,NULL,NULL,1,37.50824000000000,126.73617000000000,'아남',2,'2023-02-17 10:41:50',391,0,4.3),(5960,2,26,1,52,5,2,3,NULL,NULL,2,37.50824000000000,126.73617000000000,'루이',1,'2023-02-17 10:41:50',391,0,6.1),(5961,1,28,1,8,2,1,1,NULL,NULL,1,37.50824000000000,126.73617000000000,'로켓',2,'2023-02-17 10:41:50',391,0,4.2),(5962,1,29,1,8,4,1,1,NULL,NULL,1,37.50824000000000,126.73617000000000,'구구',2,'2023-02-17 10:41:50',391,0,4.6),(5963,1,31,1,8,4,1,2,NULL,NULL,1,37.50824000000000,126.73617000000000,'대지&순대',2,'2023-02-17 10:41:50',391,0,4.6),(5964,2,32,1,NULL,1,4,4,NULL,NULL,1,37.50824000000000,126.73617000000000,'호야',1,'2023-02-17 10:41:50',391,0,5.6),(5965,3,7,1,52,1,4,1,'애교가 많습니다.!!',NULL,1,37.47208000000000,126.62985000000000,'쏘니',1,'2023-02-17 10:43:27',333,0,6),(5966,4,8,1,4,7,1,3,'잘 짖습니다!!',NULL,2,37.47208000000000,126.62985000000000,'푸돌이',1,'2023-02-17 10:43:27',333,0,3),(5967,2,31,1,8,7,1,3,'엄청 잘먹습니다.',NULL,1,37.47208000000000,126.62985000000000,'창근',2,'2023-02-17 10:43:27',333,0,5),(5968,2,8,1,8,6,1,3,'활발합니다!!',NULL,2,37.47208000000000,126.62985000000000,'퓨리',1,'2023-02-17 10:43:27',333,0,4),(5969,3,9,1,52,2,2,4,'사람을 무서워합니다.',NULL,1,37.47208000000000,126.62985000000000,'불리',2,'2023-02-17 10:43:27',333,0,3),(5970,1,14,1,38,6,4,2,'뭐든지 입에 넣고보는 강아지입니다!',NULL,1,37.47208000000000,126.62985000000000,'루피',1,'2023-02-17 10:43:27',333,0,2),(5971,4,17,0,3,3,1,0,NULL,'2023-02-17',2,37.51566700000000,126.67302000000000,'말랑',1,'2023-02-17 10:43:36',324,0,4),(5972,5,17,0,3,3,1,0,NULL,'2023-02-17',2,37.51566700000000,126.67302000000000,'호랑이',1,'2023-02-17 10:57:18',324,0,5);
/*!40000 ALTER TABLE `shelter_protected_dog` ENABLE KEYS */;
UNLOCK TABLES;

--
-- Table structure for table `sido_code`
--

DROP TABLE IF EXISTS `sido_code`;
/*!40101 SET @saved_cs_client     = @@character_set_client */;
/*!50503 SET character_set_client = utf8mb4 */;
CREATE TABLE `sido_code` (
  `code` varchar(255) NOT NULL,
  `name` varchar(255) DEFAULT NULL,
  PRIMARY KEY (`code`)
) ENGINE=InnoDB DEFAULT CHARSET=utf8mb4 COLLATE=utf8mb4_0900_ai_ci;
/*!40101 SET character_set_client = @saved_cs_client */;

--
-- Dumping data for table `sido_code`
--

LOCK TABLES `sido_code` WRITE;
/*!40000 ALTER TABLE `sido_code` DISABLE KEYS */;
INSERT INTO `sido_code` VALUES ('11','서울특별시'),('26','부산광역시'),('27','대구광역시'),('28','인천광역시'),('29','광주광역시'),('30','대전광역시'),('31','울산광역시'),('36','세종특별자치시'),('41','경기도'),('42','강원도'),('43','충청북도'),('44','충청남도'),('45','전라북도'),('46','전라남도'),('47','경상북도'),('48','경상남도'),('50','제주특별자치도');
/*!40000 ALTER TABLE `sido_code` ENABLE KEYS */;
UNLOCK TABLES;

--
-- Table structure for table `test`
--

DROP TABLE IF EXISTS `test`;
/*!40101 SET @saved_cs_client     = @@character_set_client */;
/*!50503 SET character_set_client = utf8mb4 */;
CREATE TABLE `test` (
  `id` int NOT NULL,
  `lat` decimal(19,2) DEFAULT NULL,
  `log` decimal(19,2) DEFAULT NULL,
  `name` varchar(255) DEFAULT NULL,
  PRIMARY KEY (`id`)
) ENGINE=InnoDB DEFAULT CHARSET=utf8mb4 COLLATE=utf8mb4_0900_ai_ci;
/*!40101 SET character_set_client = @saved_cs_client */;

--
-- Dumping data for table `test`
--

LOCK TABLES `test` WRITE;
/*!40000 ALTER TABLE `test` DISABLE KEYS */;
INSERT INTO `test` VALUES (1,37.52,126.91,'영등포역'),(2,37.51,126.89,'신도림역'),(3,37.49,126.89,'대림역'),(4,37.56,126.93,'신촌역'),(5,37.52,126.92,'여의도역');
/*!40000 ALTER TABLE `test` ENABLE KEYS */;
UNLOCK TABLES;

--
-- Table structure for table `time`
--

DROP TABLE IF EXISTS `time`;
/*!40101 SET @saved_cs_client     = @@character_set_client */;
/*!50503 SET character_set_client = utf8mb4 */;
CREATE TABLE `time` (
  `time_id` bigint NOT NULL AUTO_INCREMENT,
  `time_code` int DEFAULT NULL,
  `shelter_id` bigint DEFAULT NULL,
  `active` bit(1) DEFAULT NULL,
  PRIMARY KEY (`time_id`),
  KEY `FK585mm6io1pcvrlc0wh0jqtrmi` (`shelter_id`),
  CONSTRAINT `FK585mm6io1pcvrlc0wh0jqtrmi` FOREIGN KEY (`shelter_id`) REFERENCES `shelter` (`shelter_id`)
) ENGINE=InnoDB AUTO_INCREMENT=1184 DEFAULT CHARSET=utf8mb4 COLLATE=utf8mb4_0900_ai_ci;
/*!40101 SET character_set_client = @saved_cs_client */;

--
-- Dumping data for table `time`
--

LOCK TABLES `time` WRITE;
/*!40000 ALTER TABLE `time` DISABLE KEYS */;
INSERT INTO `time` VALUES (31,10,335,_binary ''),(32,11,335,_binary ''),(33,14,335,_binary ''),(34,15,335,_binary ''),(35,16,335,_binary ''),(36,17,335,_binary ''),(50,10,333,_binary ''),(51,11,333,_binary ''),(52,14,333,_binary ''),(53,15,333,_binary ''),(54,16,333,_binary ''),(55,17,333,_binary ''),(56,10,324,_binary ''),(57,11,324,_binary ''),(58,14,324,_binary ''),(59,15,324,_binary ''),(60,16,324,_binary ''),(61,17,324,_binary ''),(62,10,358,_binary ''),(63,11,358,_binary ''),(64,14,358,_binary ''),(65,15,358,_binary ''),(66,16,358,_binary ''),(67,17,358,_binary ''),(68,10,383,_binary ''),(69,11,383,_binary ''),(70,14,383,_binary ''),(71,15,383,_binary ''),(72,16,383,_binary ''),(73,17,383,_binary ''),(74,10,316,_binary ''),(75,11,316,_binary ''),(76,14,316,_binary ''),(77,15,316,_binary ''),(78,16,316,_binary ''),(79,17,316,_binary ''),(80,10,317,_binary ''),(81,11,317,_binary ''),(82,14,317,_binary ''),(83,15,317,_binary ''),(84,16,317,_binary ''),(85,17,317,_binary ''),(86,10,318,_binary ''),(87,11,318,_binary ''),(88,14,318,_binary ''),(89,15,318,_binary ''),(90,16,318,_binary ''),(91,17,318,_binary ''),(92,10,319,_binary ''),(93,11,319,_binary ''),(94,14,319,_binary ''),(95,15,319,_binary ''),(96,16,319,_binary ''),(97,17,319,_binary ''),(98,10,320,_binary ''),(99,11,320,_binary ''),(100,14,320,_binary ''),(101,15,320,_binary ''),(102,16,320,_binary ''),(103,17,320,_binary ''),(104,10,321,_binary ''),(105,11,321,_binary ''),(106,14,321,_binary ''),(107,15,321,_binary ''),(108,16,321,_binary ''),(109,17,321,_binary ''),(110,10,322,_binary ''),(111,11,322,_binary ''),(112,14,322,_binary ''),(113,15,322,_binary ''),(114,16,322,_binary ''),(115,17,322,_binary ''),(116,10,323,_binary ''),(117,11,323,_binary ''),(118,14,323,_binary ''),(119,15,323,_binary ''),(120,16,323,_binary ''),(121,17,323,_binary ''),(122,10,325,_binary ''),(123,11,325,_binary ''),(124,14,325,_binary ''),(125,15,325,_binary ''),(126,16,325,_binary ''),(127,17,325,_binary ''),(128,10,326,_binary ''),(129,11,326,_binary ''),(130,14,326,_binary ''),(131,15,326,_binary ''),(132,16,326,_binary ''),(133,17,326,_binary ''),(134,10,327,_binary ''),(135,11,327,_binary ''),(136,14,327,_binary ''),(137,15,327,_binary ''),(138,16,327,_binary ''),(139,17,327,_binary ''),(140,10,328,_binary ''),(141,11,328,_binary ''),(142,14,328,_binary ''),(143,15,328,_binary ''),(144,16,328,_binary ''),(145,17,328,_binary ''),(146,10,329,_binary ''),(147,11,329,_binary ''),(148,14,329,_binary ''),(149,15,329,_binary ''),(150,16,329,_binary ''),(151,17,329,_binary ''),(152,10,330,_binary ''),(153,11,330,_binary ''),(154,14,330,_binary ''),(155,15,330,_binary ''),(156,16,330,_binary ''),(157,17,330,_binary ''),(158,10,331,_binary ''),(159,11,331,_binary ''),(160,14,331,_binary ''),(161,15,331,_binary ''),(162,16,331,_binary ''),(163,17,331,_binary ''),(164,10,332,_binary ''),(165,11,332,_binary ''),(166,14,332,_binary ''),(167,15,332,_binary ''),(168,16,332,_binary ''),(169,17,332,_binary ''),(170,10,334,_binary ''),(171,11,334,_binary ''),(172,14,334,_binary ''),(173,15,334,_binary ''),(174,16,334,_binary ''),(175,17,334,_binary ''),(176,10,336,_binary ''),(177,11,336,_binary ''),(178,14,336,_binary ''),(179,15,336,_binary ''),(180,16,336,_binary ''),(181,17,336,_binary ''),(182,10,337,_binary ''),(183,11,337,_binary ''),(184,14,337,_binary ''),(185,15,337,_binary ''),(186,16,337,_binary ''),(187,17,337,_binary ''),(188,10,338,_binary ''),(189,11,338,_binary ''),(190,14,338,_binary ''),(191,15,338,_binary ''),(192,16,338,_binary ''),(193,17,338,_binary ''),(194,10,339,_binary ''),(195,11,339,_binary ''),(196,14,339,_binary ''),(197,15,339,_binary ''),(198,16,339,_binary ''),(199,17,339,_binary ''),(200,10,340,_binary ''),(201,11,340,_binary ''),(202,14,340,_binary ''),(203,15,340,_binary ''),(204,16,340,_binary ''),(205,17,340,_binary ''),(206,10,341,_binary ''),(207,11,341,_binary ''),(208,14,341,_binary ''),(209,15,341,_binary ''),(210,16,341,_binary ''),(211,17,341,_binary ''),(212,10,342,_binary ''),(213,11,342,_binary ''),(214,14,342,_binary ''),(215,15,342,_binary ''),(216,16,342,_binary ''),(217,17,342,_binary ''),(218,10,343,_binary ''),(219,11,343,_binary ''),(220,14,343,_binary ''),(221,15,343,_binary ''),(222,16,343,_binary ''),(223,17,343,_binary ''),(224,10,344,_binary ''),(225,11,344,_binary ''),(226,14,344,_binary ''),(227,15,344,_binary ''),(228,16,344,_binary ''),(229,17,344,_binary ''),(230,10,345,_binary ''),(231,11,345,_binary ''),(232,14,345,_binary ''),(233,15,345,_binary ''),(234,16,345,_binary ''),(235,17,345,_binary ''),(236,10,346,_binary ''),(237,11,346,_binary ''),(238,14,346,_binary ''),(239,15,346,_binary ''),(240,16,346,_binary ''),(241,17,346,_binary ''),(242,10,347,_binary ''),(243,11,347,_binary ''),(244,14,347,_binary ''),(245,15,347,_binary ''),(246,16,347,_binary ''),(247,17,347,_binary ''),(248,10,348,_binary ''),(249,11,348,_binary ''),(250,14,348,_binary ''),(251,15,348,_binary ''),(252,16,348,_binary ''),(253,17,348,_binary ''),(254,10,349,_binary ''),(255,11,349,_binary ''),(256,14,349,_binary ''),(257,15,349,_binary ''),(258,16,349,_binary ''),(259,17,349,_binary ''),(260,10,350,_binary ''),(261,11,350,_binary ''),(262,14,350,_binary ''),(263,15,350,_binary ''),(264,16,350,_binary ''),(265,17,350,_binary ''),(266,10,351,_binary ''),(267,11,351,_binary ''),(268,14,351,_binary ''),(269,15,351,_binary ''),(270,16,351,_binary ''),(271,17,351,_binary ''),(272,10,352,_binary ''),(273,11,352,_binary ''),(274,14,352,_binary ''),(275,15,352,_binary ''),(276,16,352,_binary ''),(277,17,352,_binary ''),(278,10,353,_binary ''),(279,11,353,_binary ''),(280,14,353,_binary ''),(281,15,353,_binary ''),(282,16,353,_binary ''),(283,17,353,_binary ''),(284,10,354,_binary ''),(285,11,354,_binary ''),(286,14,354,_binary ''),(287,15,354,_binary ''),(288,16,354,_binary ''),(289,17,354,_binary ''),(290,10,355,_binary ''),(291,11,355,_binary ''),(292,14,355,_binary ''),(293,15,355,_binary ''),(294,16,355,_binary ''),(295,17,355,_binary ''),(296,10,356,_binary ''),(297,11,356,_binary ''),(298,14,356,_binary ''),(299,15,356,_binary ''),(300,16,356,_binary ''),(301,17,356,_binary ''),(302,10,357,_binary ''),(303,11,357,_binary ''),(304,14,357,_binary ''),(305,15,357,_binary ''),(306,16,357,_binary ''),(307,17,357,_binary ''),(308,10,359,_binary ''),(309,11,359,_binary ''),(310,14,359,_binary ''),(311,15,359,_binary ''),(312,16,359,_binary ''),(313,17,359,_binary ''),(314,10,360,_binary ''),(315,11,360,_binary ''),(316,14,360,_binary ''),(317,15,360,_binary ''),(318,16,360,_binary ''),(319,17,360,_binary ''),(320,10,361,_binary ''),(321,11,361,_binary ''),(322,14,361,_binary ''),(323,15,361,_binary ''),(324,16,361,_binary ''),(325,17,361,_binary ''),(398,10,362,_binary ''),(399,11,362,_binary ''),(400,14,362,_binary ''),(401,15,362,_binary ''),(402,16,362,_binary ''),(403,17,362,_binary ''),(404,10,363,_binary ''),(405,11,363,_binary ''),(406,14,363,_binary ''),(407,15,363,_binary ''),(408,16,363,_binary ''),(409,17,363,_binary ''),(410,10,365,_binary ''),(411,11,365,_binary ''),(412,14,365,_binary ''),(413,15,365,_binary ''),(414,16,365,_binary ''),(415,17,365,_binary ''),(416,10,366,_binary ''),(417,11,366,_binary ''),(418,14,366,_binary ''),(419,15,366,_binary ''),(420,16,366,_binary ''),(421,17,366,_binary ''),(422,10,367,_binary ''),(423,11,367,_binary ''),(424,14,367,_binary ''),(425,15,367,_binary ''),(426,16,367,_binary ''),(427,17,367,_binary ''),(428,10,368,_binary ''),(429,11,368,_binary ''),(430,14,368,_binary ''),(431,15,368,_binary ''),(432,16,368,_binary ''),(433,17,368,_binary ''),(434,10,369,_binary ''),(435,11,369,_binary ''),(436,14,369,_binary ''),(437,15,369,_binary ''),(438,16,369,_binary ''),(439,17,369,_binary ''),(440,10,370,_binary ''),(441,11,370,_binary ''),(442,14,370,_binary ''),(443,15,370,_binary ''),(444,16,370,_binary ''),(445,17,370,_binary ''),(446,10,371,_binary ''),(447,11,371,_binary ''),(448,14,371,_binary ''),(449,15,371,_binary ''),(450,16,371,_binary ''),(451,17,371,_binary ''),(452,10,372,_binary ''),(453,11,372,_binary ''),(454,14,372,_binary ''),(455,15,372,_binary ''),(456,16,372,_binary ''),(457,17,372,_binary ''),(458,10,373,_binary ''),(459,11,373,_binary ''),(460,14,373,_binary ''),(461,15,373,_binary ''),(462,16,373,_binary ''),(463,17,373,_binary ''),(464,10,374,_binary ''),(465,11,374,_binary ''),(466,14,374,_binary ''),(467,15,374,_binary ''),(468,16,374,_binary ''),(469,17,374,_binary ''),(470,10,375,_binary ''),(471,11,375,_binary ''),(472,14,375,_binary ''),(473,15,375,_binary ''),(474,16,375,_binary ''),(475,17,375,_binary ''),(476,10,376,_binary ''),(477,11,376,_binary ''),(478,14,376,_binary ''),(479,15,376,_binary ''),(480,16,376,_binary ''),(481,17,376,_binary ''),(482,10,377,_binary ''),(483,11,377,_binary ''),(484,14,377,_binary ''),(485,15,377,_binary ''),(486,16,377,_binary ''),(487,17,377,_binary ''),(488,10,378,_binary ''),(489,11,378,_binary ''),(490,14,378,_binary ''),(491,15,378,_binary ''),(492,16,378,_binary ''),(493,17,378,_binary ''),(494,10,379,_binary ''),(495,11,379,_binary ''),(496,14,379,_binary ''),(497,15,379,_binary ''),(498,16,379,_binary ''),(499,17,379,_binary ''),(500,10,380,_binary ''),(501,11,380,_binary ''),(502,14,380,_binary ''),(503,15,380,_binary ''),(504,16,380,_binary ''),(505,17,380,_binary ''),(506,10,381,_binary ''),(507,11,381,_binary ''),(508,14,381,_binary ''),(509,15,381,_binary ''),(510,16,381,_binary ''),(511,17,381,_binary ''),(512,10,382,_binary ''),(513,11,382,_binary ''),(514,14,382,_binary ''),(515,15,382,_binary ''),(516,16,382,_binary ''),(517,17,382,_binary ''),(518,10,384,_binary ''),(519,11,384,_binary ''),(520,14,384,_binary ''),(521,15,384,_binary ''),(522,16,384,_binary ''),(523,17,384,_binary ''),(524,10,385,_binary ''),(525,11,385,_binary ''),(526,14,385,_binary ''),(527,15,385,_binary ''),(528,16,385,_binary ''),(529,17,385,_binary ''),(530,10,386,_binary ''),(531,11,386,_binary ''),(532,14,386,_binary ''),(533,15,386,_binary ''),(534,16,386,_binary ''),(535,17,386,_binary ''),(536,10,387,_binary ''),(537,11,387,_binary ''),(538,14,387,_binary ''),(539,15,387,_binary ''),(540,16,387,_binary ''),(541,17,387,_binary ''),(542,10,388,_binary ''),(543,11,388,_binary ''),(544,14,388,_binary ''),(545,15,388,_binary ''),(546,16,388,_binary ''),(547,17,388,_binary ''),(548,10,389,_binary ''),(549,11,389,_binary ''),(550,14,389,_binary ''),(551,15,389,_binary ''),(552,16,389,_binary ''),(553,17,389,_binary ''),(554,10,390,_binary ''),(555,11,390,_binary ''),(556,14,390,_binary ''),(557,15,390,_binary ''),(558,16,390,_binary ''),(559,17,390,_binary ''),(560,10,391,_binary ''),(561,11,391,_binary ''),(562,14,391,_binary ''),(563,15,391,_binary ''),(564,16,391,_binary ''),(565,17,391,_binary ''),(566,10,392,_binary ''),(567,11,392,_binary ''),(568,14,392,_binary ''),(569,15,392,_binary ''),(570,16,392,_binary ''),(571,17,392,_binary ''),(572,10,393,_binary ''),(573,11,393,_binary ''),(574,14,393,_binary ''),(575,15,393,_binary ''),(576,16,393,_binary ''),(577,17,393,_binary ''),(578,10,394,_binary ''),(579,11,394,_binary ''),(580,14,394,_binary ''),(581,15,394,_binary ''),(582,16,394,_binary ''),(583,17,394,_binary ''),(584,10,395,_binary ''),(585,11,395,_binary ''),(586,14,395,_binary ''),(587,15,395,_binary ''),(588,16,395,_binary ''),(589,17,395,_binary ''),(590,10,396,_binary ''),(591,11,396,_binary ''),(592,14,396,_binary ''),(593,15,396,_binary ''),(594,16,396,_binary ''),(595,17,396,_binary ''),(596,10,397,_binary ''),(597,11,397,_binary ''),(598,14,397,_binary ''),(599,15,397,_binary ''),(600,16,397,_binary ''),(601,17,397,_binary ''),(602,10,398,_binary ''),(603,11,398,_binary ''),(604,14,398,_binary ''),(605,15,398,_binary ''),(606,16,398,_binary ''),(607,17,398,_binary ''),(608,10,399,_binary ''),(609,11,399,_binary ''),(610,14,399,_binary ''),(611,15,399,_binary ''),(612,16,399,_binary ''),(613,17,399,_binary ''),(614,10,400,_binary ''),(615,11,400,_binary ''),(616,14,400,_binary ''),(617,15,400,_binary ''),(618,16,400,_binary ''),(619,17,400,_binary ''),(620,10,401,_binary ''),(621,11,401,_binary ''),(622,14,401,_binary ''),(623,15,401,_binary ''),(624,16,401,_binary ''),(625,17,401,_binary ''),(626,10,402,_binary ''),(627,11,402,_binary ''),(628,14,402,_binary ''),(629,15,402,_binary ''),(630,16,402,_binary ''),(631,17,402,_binary ''),(632,10,403,_binary ''),(633,11,403,_binary ''),(634,14,403,_binary ''),(635,15,403,_binary ''),(636,16,403,_binary ''),(637,17,403,_binary ''),(638,10,404,_binary ''),(639,11,404,_binary ''),(640,14,404,_binary ''),(641,15,404,_binary ''),(642,16,404,_binary ''),(643,17,404,_binary ''),(644,10,405,_binary ''),(645,11,405,_binary ''),(646,14,405,_binary ''),(647,15,405,_binary ''),(648,16,405,_binary ''),(649,17,405,_binary ''),(650,10,406,_binary ''),(651,11,406,_binary ''),(652,14,406,_binary ''),(653,15,406,_binary ''),(654,16,406,_binary ''),(655,17,406,_binary ''),(656,10,407,_binary ''),(657,11,407,_binary ''),(658,14,407,_binary ''),(659,15,407,_binary ''),(660,16,407,_binary ''),(661,17,407,_binary ''),(662,10,408,_binary ''),(663,11,408,_binary ''),(664,14,408,_binary ''),(665,15,408,_binary ''),(666,16,408,_binary ''),(667,17,408,_binary ''),(668,10,409,_binary ''),(669,11,409,_binary ''),(670,14,409,_binary ''),(671,15,409,_binary ''),(672,16,409,_binary ''),(673,17,409,_binary ''),(674,10,410,_binary ''),(675,11,410,_binary ''),(676,14,410,_binary ''),(677,15,410,_binary ''),(678,16,410,_binary ''),(679,17,410,_binary ''),(680,10,411,_binary ''),(681,11,411,_binary ''),(682,14,411,_binary ''),(683,15,411,_binary ''),(684,16,411,_binary ''),(685,17,411,_binary ''),(686,10,412,_binary ''),(687,11,412,_binary ''),(688,14,412,_binary ''),(689,15,412,_binary ''),(690,16,412,_binary ''),(691,17,412,_binary ''),(692,10,413,_binary ''),(693,11,413,_binary ''),(694,14,413,_binary ''),(695,15,413,_binary ''),(696,16,413,_binary ''),(697,17,413,_binary ''),(698,10,414,_binary ''),(699,11,414,_binary ''),(700,14,414,_binary ''),(701,15,414,_binary ''),(702,16,414,_binary ''),(703,17,414,_binary ''),(704,10,415,_binary ''),(705,11,415,_binary ''),(706,14,415,_binary ''),(707,15,415,_binary ''),(708,16,415,_binary ''),(709,17,415,_binary ''),(710,10,416,_binary ''),(711,11,416,_binary ''),(712,14,416,_binary ''),(713,15,416,_binary ''),(714,16,416,_binary ''),(715,17,416,_binary ''),(716,10,417,_binary ''),(717,11,417,_binary ''),(718,14,417,_binary ''),(719,15,417,_binary ''),(720,16,417,_binary ''),(721,17,417,_binary ''),(722,10,418,_binary ''),(723,11,418,_binary ''),(724,14,418,_binary ''),(725,15,418,_binary ''),(726,16,418,_binary ''),(727,17,418,_binary ''),(728,10,419,_binary ''),(729,11,419,_binary ''),(730,14,419,_binary ''),(731,15,419,_binary ''),(732,16,419,_binary ''),(733,17,419,_binary ''),(734,10,420,_binary ''),(735,11,420,_binary ''),(736,14,420,_binary ''),(737,15,420,_binary ''),(738,16,420,_binary ''),(739,17,420,_binary ''),(740,10,421,_binary ''),(741,11,421,_binary ''),(742,14,421,_binary ''),(743,15,421,_binary ''),(744,16,421,_binary ''),(745,17,421,_binary ''),(746,10,422,_binary ''),(747,11,422,_binary ''),(748,14,422,_binary ''),(749,15,422,_binary ''),(750,16,422,_binary ''),(751,17,422,_binary ''),(752,10,423,_binary ''),(753,11,423,_binary ''),(754,14,423,_binary ''),(755,15,423,_binary ''),(756,16,423,_binary ''),(757,17,423,_binary ''),(758,10,424,_binary ''),(759,11,424,_binary ''),(760,14,424,_binary ''),(761,15,424,_binary ''),(762,16,424,_binary ''),(763,17,424,_binary ''),(764,10,425,_binary ''),(765,11,425,_binary ''),(766,14,425,_binary ''),(767,15,425,_binary ''),(768,16,425,_binary ''),(769,17,425,_binary ''),(770,10,426,_binary ''),(771,11,426,_binary ''),(772,14,426,_binary ''),(773,15,426,_binary ''),(774,16,426,_binary ''),(775,17,426,_binary ''),(776,10,427,_binary ''),(777,11,427,_binary ''),(778,14,427,_binary ''),(779,15,427,_binary ''),(780,16,427,_binary ''),(781,17,427,_binary ''),(782,10,428,_binary ''),(783,11,428,_binary ''),(784,14,428,_binary ''),(785,15,428,_binary ''),(786,16,428,_binary ''),(787,17,428,_binary ''),(788,10,429,_binary ''),(789,11,429,_binary ''),(790,14,429,_binary ''),(791,15,429,_binary ''),(792,16,429,_binary ''),(793,17,429,_binary ''),(794,10,430,_binary ''),(795,11,430,_binary ''),(796,14,430,_binary ''),(797,15,430,_binary ''),(798,16,430,_binary ''),(799,17,430,_binary ''),(800,10,431,_binary ''),(801,11,431,_binary ''),(802,14,431,_binary ''),(803,15,431,_binary ''),(804,16,431,_binary ''),(805,17,431,_binary ''),(806,10,432,_binary ''),(807,11,432,_binary ''),(808,14,432,_binary ''),(809,15,432,_binary ''),(810,16,432,_binary ''),(811,17,432,_binary ''),(812,10,433,_binary ''),(813,11,433,_binary ''),(814,14,433,_binary ''),(815,15,433,_binary ''),(816,16,433,_binary ''),(817,17,433,_binary ''),(818,10,434,_binary ''),(819,11,434,_binary ''),(820,14,434,_binary ''),(821,15,434,_binary ''),(822,16,434,_binary ''),(823,17,434,_binary ''),(824,10,435,_binary ''),(825,11,435,_binary ''),(826,14,435,_binary ''),(827,15,435,_binary ''),(828,16,435,_binary ''),(829,17,435,_binary ''),(830,10,436,_binary ''),(831,11,436,_binary ''),(832,14,436,_binary ''),(833,15,436,_binary ''),(834,16,436,_binary ''),(835,17,436,_binary ''),(836,10,437,_binary ''),(837,11,437,_binary ''),(838,14,437,_binary ''),(839,15,437,_binary ''),(840,16,437,_binary ''),(841,17,437,_binary ''),(842,10,438,_binary ''),(843,11,438,_binary ''),(844,14,438,_binary ''),(845,15,438,_binary ''),(846,16,438,_binary ''),(847,17,438,_binary ''),(848,10,439,_binary ''),(849,11,439,_binary ''),(850,14,439,_binary ''),(851,15,439,_binary ''),(852,16,439,_binary ''),(853,17,439,_binary ''),(854,10,440,_binary ''),(855,11,440,_binary ''),(856,14,440,_binary ''),(857,15,440,_binary ''),(858,16,440,_binary ''),(859,17,440,_binary ''),(860,10,441,_binary ''),(861,11,441,_binary ''),(862,14,441,_binary ''),(863,15,441,_binary ''),(864,16,441,_binary ''),(865,17,441,_binary ''),(866,10,442,_binary ''),(867,11,442,_binary ''),(868,14,442,_binary ''),(869,15,442,_binary ''),(870,16,442,_binary ''),(871,17,442,_binary ''),(872,10,443,_binary ''),(873,11,443,_binary ''),(874,14,443,_binary ''),(875,15,443,_binary ''),(876,16,443,_binary ''),(877,17,443,_binary ''),(878,10,444,_binary ''),(879,11,444,_binary ''),(880,14,444,_binary ''),(881,15,444,_binary ''),(882,16,444,_binary ''),(883,17,444,_binary ''),(884,10,445,_binary ''),(885,11,445,_binary ''),(886,14,445,_binary ''),(887,15,445,_binary ''),(888,16,445,_binary ''),(889,17,445,_binary ''),(890,10,446,_binary ''),(891,11,446,_binary ''),(892,14,446,_binary ''),(893,15,446,_binary ''),(894,16,446,_binary ''),(895,17,446,_binary ''),(896,10,447,_binary ''),(897,11,447,_binary ''),(898,14,447,_binary ''),(899,15,447,_binary ''),(900,16,447,_binary ''),(901,17,447,_binary ''),(902,10,448,_binary ''),(903,11,448,_binary ''),(904,14,448,_binary ''),(905,15,448,_binary ''),(906,16,448,_binary ''),(907,17,448,_binary ''),(908,10,449,_binary ''),(909,11,449,_binary ''),(910,14,449,_binary ''),(911,15,449,_binary ''),(912,16,449,_binary ''),(913,17,449,_binary ''),(914,10,450,_binary ''),(915,11,450,_binary ''),(916,14,450,_binary ''),(917,15,450,_binary ''),(918,16,450,_binary ''),(919,17,450,_binary ''),(920,10,451,_binary ''),(921,11,451,_binary ''),(922,14,451,_binary ''),(923,15,451,_binary ''),(924,16,451,_binary ''),(925,17,451,_binary ''),(926,10,452,_binary ''),(927,11,452,_binary ''),(928,14,452,_binary ''),(929,15,452,_binary ''),(930,16,452,_binary ''),(931,17,452,_binary ''),(932,10,453,_binary ''),(933,11,453,_binary ''),(934,14,453,_binary ''),(935,15,453,_binary ''),(936,16,453,_binary ''),(937,17,453,_binary ''),(938,10,454,_binary ''),(939,11,454,_binary ''),(940,14,454,_binary ''),(941,15,454,_binary ''),(942,16,454,_binary ''),(943,17,454,_binary ''),(944,10,455,_binary ''),(945,11,455,_binary ''),(946,14,455,_binary ''),(947,15,455,_binary ''),(948,16,455,_binary ''),(949,17,455,_binary ''),(950,10,456,_binary ''),(951,11,456,_binary ''),(952,14,456,_binary ''),(953,15,456,_binary ''),(954,16,456,_binary ''),(955,17,456,_binary ''),(956,10,457,_binary ''),(957,11,457,_binary ''),(958,14,457,_binary ''),(959,15,457,_binary ''),(960,16,457,_binary ''),(961,17,457,_binary ''),(962,10,458,_binary ''),(963,11,458,_binary ''),(964,14,458,_binary ''),(965,15,458,_binary ''),(966,16,458,_binary ''),(967,17,458,_binary ''),(968,10,459,_binary ''),(969,11,459,_binary ''),(970,14,459,_binary ''),(971,15,459,_binary ''),(972,16,459,_binary ''),(973,17,459,_binary ''),(974,10,460,_binary ''),(975,11,460,_binary ''),(976,14,460,_binary ''),(977,15,460,_binary ''),(978,16,460,_binary ''),(979,17,460,_binary ''),(980,10,461,_binary ''),(981,11,461,_binary ''),(982,14,461,_binary ''),(983,15,461,_binary ''),(984,16,461,_binary ''),(985,17,461,_binary ''),(986,10,462,_binary ''),(987,11,462,_binary ''),(988,14,462,_binary ''),(989,15,462,_binary ''),(990,16,462,_binary ''),(991,17,462,_binary ''),(992,10,463,_binary ''),(993,11,463,_binary ''),(994,14,463,_binary ''),(995,15,463,_binary ''),(996,16,463,_binary ''),(997,17,463,_binary ''),(998,10,464,_binary ''),(999,11,464,_binary ''),(1000,14,464,_binary ''),(1001,15,464,_binary ''),(1002,16,464,_binary ''),(1003,17,464,_binary ''),(1004,10,465,_binary ''),(1005,11,465,_binary ''),(1006,14,465,_binary ''),(1007,15,465,_binary ''),(1008,16,465,_binary ''),(1009,17,465,_binary ''),(1010,10,466,_binary ''),(1011,11,466,_binary ''),(1012,14,466,_binary ''),(1013,15,466,_binary ''),(1014,16,466,_binary ''),(1015,17,466,_binary ''),(1016,10,467,_binary ''),(1017,11,467,_binary ''),(1018,14,467,_binary ''),(1019,15,467,_binary ''),(1020,16,467,_binary ''),(1021,17,467,_binary ''),(1022,10,468,_binary ''),(1023,11,468,_binary ''),(1024,14,468,_binary ''),(1025,15,468,_binary ''),(1026,16,468,_binary ''),(1027,17,468,_binary ''),(1028,10,469,_binary ''),(1029,11,469,_binary ''),(1030,14,469,_binary ''),(1031,15,469,_binary ''),(1032,16,469,_binary ''),(1033,17,469,_binary ''),(1034,10,470,_binary ''),(1035,11,470,_binary ''),(1036,14,470,_binary ''),(1037,15,470,_binary ''),(1038,16,470,_binary ''),(1039,17,470,_binary ''),(1040,10,471,_binary ''),(1041,11,471,_binary ''),(1042,14,471,_binary ''),(1043,15,471,_binary ''),(1044,16,471,_binary ''),(1045,17,471,_binary ''),(1046,10,472,_binary ''),(1047,11,472,_binary ''),(1048,14,472,_binary ''),(1049,15,472,_binary ''),(1050,16,472,_binary ''),(1051,17,472,_binary ''),(1052,10,473,_binary ''),(1053,11,473,_binary ''),(1054,14,473,_binary ''),(1055,15,473,_binary ''),(1056,16,473,_binary ''),(1057,17,473,_binary ''),(1058,10,474,_binary ''),(1059,11,474,_binary ''),(1060,14,474,_binary ''),(1061,15,474,_binary ''),(1062,16,474,_binary ''),(1063,17,474,_binary ''),(1064,10,475,_binary ''),(1065,11,475,_binary ''),(1066,14,475,_binary ''),(1067,15,475,_binary ''),(1068,16,475,_binary ''),(1069,17,475,_binary ''),(1070,10,495,_binary ''),(1071,11,495,_binary ''),(1072,14,495,_binary ''),(1073,15,495,_binary ''),(1074,16,495,_binary ''),(1075,17,495,_binary ''),(1076,10,476,_binary ''),(1077,11,476,_binary ''),(1078,14,476,_binary ''),(1079,15,476,_binary ''),(1080,16,476,_binary ''),(1081,17,476,_binary ''),(1082,10,477,_binary ''),(1083,11,477,_binary ''),(1084,14,477,_binary ''),(1085,15,477,_binary ''),(1086,16,477,_binary ''),(1087,17,477,_binary ''),(1088,10,478,_binary ''),(1089,11,478,_binary ''),(1090,14,478,_binary ''),(1091,15,478,_binary ''),(1092,16,478,_binary ''),(1093,17,478,_binary ''),(1094,10,479,_binary ''),(1095,11,479,_binary ''),(1096,14,479,_binary ''),(1097,15,479,_binary ''),(1098,16,479,_binary ''),(1099,17,479,_binary ''),(1100,10,480,_binary ''),(1101,11,480,_binary ''),(1102,14,480,_binary ''),(1103,15,480,_binary ''),(1104,16,480,_binary ''),(1105,17,480,_binary ''),(1106,10,481,_binary ''),(1107,11,481,_binary ''),(1108,14,481,_binary ''),(1109,15,481,_binary ''),(1110,16,481,_binary ''),(1111,17,481,_binary ''),(1112,10,482,_binary ''),(1113,11,482,_binary ''),(1114,14,482,_binary ''),(1115,15,482,_binary ''),(1116,16,482,_binary ''),(1117,17,482,_binary ''),(1118,10,483,_binary ''),(1119,11,483,_binary ''),(1120,14,483,_binary ''),(1121,15,483,_binary ''),(1122,16,483,_binary ''),(1123,17,483,_binary ''),(1124,10,484,_binary ''),(1125,11,484,_binary ''),(1126,14,484,_binary ''),(1127,15,484,_binary ''),(1128,16,484,_binary ''),(1129,17,484,_binary ''),(1130,10,485,_binary ''),(1131,11,485,_binary ''),(1132,14,485,_binary ''),(1133,15,485,_binary ''),(1134,16,485,_binary ''),(1135,17,485,_binary ''),(1136,10,486,_binary ''),(1137,11,486,_binary ''),(1138,14,486,_binary ''),(1139,15,486,_binary ''),(1140,16,486,_binary ''),(1141,17,486,_binary ''),(1142,10,488,_binary ''),(1143,11,488,_binary ''),(1144,14,488,_binary ''),(1145,15,488,_binary ''),(1146,16,488,_binary ''),(1147,17,488,_binary ''),(1148,10,489,_binary ''),(1149,11,489,_binary ''),(1150,14,489,_binary ''),(1151,15,489,_binary ''),(1152,16,489,_binary ''),(1153,17,489,_binary ''),(1154,10,490,_binary ''),(1155,11,490,_binary ''),(1156,14,490,_binary ''),(1157,15,490,_binary ''),(1158,16,490,_binary ''),(1159,17,490,_binary ''),(1160,10,491,_binary ''),(1161,11,491,_binary ''),(1162,14,491,_binary ''),(1163,15,491,_binary ''),(1164,16,491,_binary ''),(1165,17,491,_binary ''),(1166,10,492,_binary ''),(1167,11,492,_binary ''),(1168,14,492,_binary ''),(1169,15,492,_binary ''),(1170,16,492,_binary ''),(1171,17,492,_binary ''),(1172,10,493,_binary ''),(1173,11,493,_binary ''),(1174,14,493,_binary ''),(1175,15,493,_binary ''),(1176,16,493,_binary ''),(1177,17,493,_binary ''),(1178,10,494,_binary ''),(1179,11,494,_binary ''),(1180,14,494,_binary ''),(1181,15,494,_binary ''),(1182,16,494,_binary ''),(1183,17,494,_binary '');
/*!40000 ALTER TABLE `time` ENABLE KEYS */;
UNLOCK TABLES;

--
-- Table structure for table `user`
--

DROP TABLE IF EXISTS `user`;
/*!40101 SET @saved_cs_client     = @@character_set_client */;
/*!50503 SET character_set_client = utf8mb4 */;
CREATE TABLE `user` (
  `user_id` bigint NOT NULL AUTO_INCREMENT,
  `age_range` varchar(255) DEFAULT NULL,
  `email` varchar(255) DEFAULT NULL,
  `exp` int DEFAULT '0',
  `nickname` varchar(255) DEFAULT NULL,
  `password` varchar(255) DEFAULT NULL,
  `provider` varchar(255) DEFAULT NULL,
  `provider_id` varchar(255) DEFAULT NULL,
  `image_id` bigint DEFAULT NULL,
  `missing_id` bigint DEFAULT NULL,
  PRIMARY KEY (`user_id`),
  KEY `FK9hpx11qlu8cqhrkjn0yor93h` (`image_id`),
  CONSTRAINT `FK9hpx11qlu8cqhrkjn0yor93h` FOREIGN KEY (`image_id`) REFERENCES `image` (`image_id`)
) ENGINE=InnoDB AUTO_INCREMENT=422 DEFAULT CHARSET=utf8mb4 COLLATE=utf8mb4_0900_ai_ci;
/*!40101 SET character_set_client = @saved_cs_client */;

--
-- Dumping data for table `user`
--

LOCK TABLES `user` WRITE;
/*!40000 ALTER TABLE `user` DISABLE KEYS */;
INSERT INTO `user` VALUES (1,'20~29','tjrghks96@naver.com',2,'문석환','$2a$10$P8LpgPzqbq.urX0xrwOg2ugMWCV2nbeQg1jkMvlaV/44167r/8Bga','kakao','2646324975',326,NULL),(2,'20~29','rudgns8285@naver.com',5,'경후니','$2a$10$eS/vxDB7qY.a04ebSGqGFO8WV40BV2ozCbrELWgxpE550bUBZU/ga','kakao','2645740430',305,NULL),(3,'20~29','indl1670@naver.com',28,'삼산보호센터','$2a$10$JQCLiPjbeowxDkFlqJZRWuqrJDuHWCbyT9aaNG6e.WJ3rM.E20N6a','kakao','2650440074',479,NULL),(4,'20~29','chang821514@gmail.com',146,'최창근','$2a$10$WwcgFDGu1R2XwpB2GC0mluz4U4mUNckm7OC6cJyVTBgRDiHuuKpEG','kakao','2657751603',24,NULL),(5,'20-29','youmean0427@naver.com',2,'유민감성','$2a$10$h9kbN/SvorBB0FmkzJO/N.wmIvFyD5cih0MnFshOIFTM04EnBRLQC','naver','qEcBktgQWM6pRzs4vzM-7MlqZGDfZ_Ym6MeT0kfhZK8',162,NULL),(6,'20-29','tjrghkstkfkd123@hanmail.net',38,'문석환','$2a$10$a3wZ/MtSP38X9U6wg5Zh6O.D4RKSK3upv69m373bPxvkmOBBHaeZW','naver','MSibjiFymybUIgvRsRh-czkYFRmNnt7p_5PcsEaFe7E',171,NULL),(7,'','kamoon2da@gmail.com',42,'문석환[부울경_1반_E104]팀장','$2a$10$.bgVHkVyGf.KbvR0Msy2zOCy4Jevp7aDkIWVjkoNWD4xbKz/au/Ve','google','102167243211693093810',192,NULL),(9,'','seokpi96@gmail.com',0,'[부울경_3반_문석환]','$2a$10$9mDNoJvHYfTlNc.X95w7B.mY.sidmVj0eqF0czAn0mlVsDtbhG9ue','google','106496653927428658223',215,NULL),(10,'','rudgns9334@gmail.com',0,'정경훈[부울경_1반_E104]팀원','$2a$10$4pf6VTwLbt2WhxS8IJrPh.uV1gbmu0o8WpqQn97Z552Z7qoiLNKxm','google','115290842268313724769',383,NULL),(11,'','junzzamg9@gmail.com',0,'박동준','$2a$10$H0yy6PYmzBrIlqbRB9sCzOTWsZjGDYE9tvyzygyigG5N777mbd4nu','google','103188488745868449356',1152,NULL),(12,'','hyoeunice92@gmail.com',0,'Cho Kim','$2a$10$5PHjjMmsnWqHIbf7M5iI2OWfHCQB0Ue5vx850dVYJvlhHoj8vVj1u','google','111818023739532919622',392,NULL),(13,'20~29','dlwogur9597@gmail.com',19,'이재혁','$2a$10$hBXSCTXRYtnPcX.eNLpQW.J5.eqDiBqDRcJMMXMAjAt4pDL2k7n8u','kakao','2646090855',839,NULL),(14,'','leeflection@gmail.com',0,'이재혁','$2a$10$tOSEv2VbNAPXb0hMr.LCgOLuikBzRTimCISQ209i9uCoRmj4CRGPy','google','109902782138298913894',559,NULL),(215,'20~29','user1@patpat.com',0,'user1','user1','user','user',NULL,NULL),(216,'20~29','user2@patpat.com',0,'user2','user2','user','user',NULL,NULL),(217,'20~29','user3@patpat.com',0,'user3','user3','user','user',NULL,NULL),(218,'20~29','user4@patpat.com',0,'user4','user4','user','user',NULL,NULL),(219,'20~29','user5@patpat.com',0,'user5','user5','user','user',NULL,NULL),(220,'20~29','user6@patpat.com',0,'user6','user6','user','user',NULL,NULL),(221,'20~29','user7@patpat.com',0,'user7','user7','user','user',NULL,NULL),(222,'20~29','user8@patpat.com',0,'user8','user8','user','user',NULL,NULL),(223,'20~29','user9@patpat.com',0,'user9','user9','user','user',NULL,NULL),(224,'20~29','user10@patpat.com',0,'user10','user10','user','user',NULL,NULL),(225,'20~29','user11@patpat.com',0,'user11','user11','user','user',NULL,NULL),(226,'20~29','user12@patpat.com',0,'user12','user12','user','user',NULL,NULL),(227,'20~29','user13@patpat.com',0,'user13','user13','user','user',NULL,NULL),(228,'20~29','user14@patpat.com',0,'user14','user14','user','user',NULL,NULL),(229,'20~29','user15@patpat.com',0,'user15','user15','user','user',NULL,NULL),(230,'20~29','user16@patpat.com',0,'user16','user16','user','user',NULL,NULL),(231,'20~29','user17@patpat.com',0,'user17','user17','user','user',NULL,NULL),(232,'20~29','user18@patpat.com',0,'user18','user18','user','user',NULL,NULL),(233,'20~29','user19@patpat.com',0,'user19','user19','user','user',NULL,NULL),(234,'20~29','user20@patpat.com',0,'user20','user20','user','user',NULL,NULL),(235,'20~29','user21@patpat.com',0,'user21','user21','user','user',NULL,NULL),(236,'20~29','user22@patpat.com',0,'user22','user22','user','user',NULL,NULL),(237,'20~29','user23@patpat.com',0,'user23','user23','user','user',NULL,NULL),(238,'20~29','user24@patpat.com',0,'user24','user24','user','user',NULL,NULL),(239,'20~29','user25@patpat.com',0,'user25','user25','user','user',NULL,NULL),(240,'20~29','user26@patpat.com',0,'user26','user26','user','user',NULL,NULL),(241,'20~29','user27@patpat.com',0,'user27','user27','user','user',NULL,NULL),(242,'20~29','user28@patpat.com',0,'user28','user28','user','user',NULL,NULL),(243,'20~29','user29@patpat.com',0,'user29','user29','user','user',NULL,NULL),(244,'20~29','user30@patpat.com',0,'user30','user30','user','user',NULL,NULL),(245,'20~29','user31@patpat.com',0,'user31','user31','user','user',NULL,NULL),(246,'20~29','user32@patpat.com',0,'user32','user32','user','user',NULL,NULL),(247,'20~29','user33@patpat.com',0,'user33','user33','user','user',NULL,NULL),(248,'20~29','user34@patpat.com',0,'user34','user34','user','user',NULL,NULL),(249,'20~29','user35@patpat.com',0,'user35','user35','user','user',NULL,NULL),(250,'20~29','user36@patpat.com',0,'user36','user36','user','user',NULL,NULL),(251,'20~29','user37@patpat.com',0,'user37','user37','user','user',NULL,NULL),(252,'20~29','user38@patpat.com',0,'user38','user38','user','user',NULL,NULL),(253,'20~29','user39@patpat.com',0,'user39','user39','user','user',NULL,NULL),(254,'20~29','user40@patpat.com',0,'user40','user40','user','user',NULL,NULL),(255,'20~29','user41@patpat.com',0,'user41','user41','user','user',NULL,NULL),(256,'20~29','user42@patpat.com',0,'user42','user42','user','user',NULL,NULL),(257,'20~29','user43@patpat.com',0,'user43','user43','user','user',NULL,NULL),(258,'20~29','user44@patpat.com',0,'user44','user44','user','user',NULL,NULL),(259,'20~29','user45@patpat.com',0,'user45','user45','user','user',NULL,NULL),(260,'20~29','user46@patpat.com',0,'user46','user46','user','user',NULL,NULL),(261,'20~29','user47@patpat.com',0,'user47','user47','user','user',NULL,NULL),(262,'20~29','user48@patpat.com',0,'user48','user48','user','user',NULL,NULL),(263,'20~29','user49@patpat.com',0,'user49','user49','user','user',NULL,NULL),(264,'20~29','user50@patpat.com',0,'user50','user50','user','user',NULL,NULL),(265,'20~29','user51@patpat.com',0,'user51','user51','user','user',NULL,NULL),(266,'20~29','user52@patpat.com',0,'user52','user52','user','user',NULL,NULL),(267,'20~29','user53@patpat.com',0,'user53','user53','user','user',NULL,NULL),(268,'20~29','user54@patpat.com',0,'user54','user54','user','user',NULL,NULL),(269,'20~29','user55@patpat.com',0,'user55','user55','user','user',NULL,NULL),(270,'20~29','user56@patpat.com',0,'user56','user56','user','user',NULL,NULL),(271,'20~29','user57@patpat.com',0,'user57','user57','user','user',NULL,NULL),(272,'20~29','user58@patpat.com',0,'user58','user58','user','user',NULL,NULL),(273,'20~29','user59@patpat.com',0,'user59','user59','user','user',NULL,NULL),(274,'20~29','user60@patpat.com',0,'user60','user60','user','user',NULL,NULL),(275,'20~29','user61@patpat.com',0,'user61','user61','user','user',NULL,NULL),(276,'20~29','user62@patpat.com',0,'user62','user62','user','user',NULL,NULL),(277,'20~29','user63@patpat.com',0,'user63','user63','user','user',NULL,NULL),(278,'20~29','user64@patpat.com',0,'user64','user64','user','user',NULL,NULL),(279,'20~29','user65@patpat.com',0,'user65','user65','user','user',NULL,NULL),(280,'20~29','user66@patpat.com',0,'user66','user66','user','user',NULL,NULL),(281,'20~29','user67@patpat.com',0,'user67','user67','user','user',NULL,NULL),(282,'20~29','user68@patpat.com',0,'user68','user68','user','user',NULL,NULL),(283,'20~29','user69@patpat.com',0,'user69','user69','user','user',NULL,NULL),(284,'20~29','user70@patpat.com',0,'user70','user70','user','user',NULL,NULL),(285,'20~29','user71@patpat.com',0,'user71','user71','user','user',NULL,NULL),(286,'20~29','user72@patpat.com',0,'user72','user72','user','user',NULL,NULL),(287,'20~29','user73@patpat.com',0,'user73','user73','user','user',NULL,NULL),(288,'20~29','user74@patpat.com',0,'user74','user74','user','user',NULL,NULL),(289,'20~29','user75@patpat.com',0,'user75','user75','user','user',NULL,NULL),(290,'20~29','user76@patpat.com',0,'user76','user76','user','user',NULL,NULL),(291,'20~29','user77@patpat.com',0,'user77','user77','user','user',NULL,NULL),(292,'20~29','user78@patpat.com',0,'user78','user78','user','user',NULL,NULL),(293,'20~29','user79@patpat.com',0,'user79','user79','user','user',NULL,NULL),(294,'20~29','user80@patpat.com',0,'user80','user80','user','user',NULL,NULL),(295,'20~29','user81@patpat.com',0,'user81','user81','user','user',NULL,NULL),(296,'20~29','user82@patpat.com',0,'user82','user82','user','user',NULL,NULL),(297,'20~29','user83@patpat.com',0,'user83','user83','user','user',NULL,NULL),(298,'20~29','user84@patpat.com',0,'user84','user84','user','user',NULL,NULL),(299,'20~29','user85@patpat.com',0,'user85','user85','user','user',NULL,NULL),(300,'20~29','user86@patpat.com',0,'user86','user86','user','user',NULL,NULL),(301,'20~29','user87@patpat.com',0,'user87','user87','user','user',NULL,NULL),(302,'20~29','user88@patpat.com',0,'user88','user88','user','user',NULL,NULL),(303,'20~29','user89@patpat.com',0,'user89','user89','user','user',NULL,NULL),(304,'20~29','user90@patpat.com',0,'user90','user90','user','user',NULL,NULL),(305,'20~29','user91@patpat.com',0,'user91','user91','user','user',NULL,NULL),(306,'20~29','user92@patpat.com',0,'user92','user92','user','user',NULL,NULL),(307,'20~29','user93@patpat.com',0,'user93','user93','user','user',NULL,NULL),(308,'20~29','user94@patpat.com',0,'user94','user94','user','user',NULL,NULL),(309,'20~29','user95@patpat.com',0,'user95','user95','user','user',NULL,NULL),(310,'20~29','user96@patpat.com',0,'user96','user96','user','user',NULL,NULL),(311,'20~29','user97@patpat.com',0,'user97','user97','user','user',NULL,NULL),(312,'20~29','user98@patpat.com',0,'user98','user98','user','user',NULL,NULL),(313,'20~29','user99@patpat.com',0,'user99','user99','user','user',NULL,NULL),(314,'20~29','user100@patpat.com',0,'user100','user100','user','user',NULL,NULL),(315,'20~29','user101@patpat.com',0,'user101','user101','user','user',NULL,NULL),(316,'20~29','user102@patpat.com',0,'user102','user102','user','user',NULL,NULL),(317,'20~29','user103@patpat.com',0,'user103','user103','user','user',NULL,NULL),(318,'20~29','user104@patpat.com',0,'user104','user104','user','user',NULL,NULL),(319,'20~29','user105@patpat.com',0,'user105','user105','user','user',NULL,NULL),(320,'20~29','user106@patpat.com',0,'user106','user106','user','user',NULL,NULL),(321,'20~29','user107@patpat.com',0,'user107','user107','user','user',NULL,NULL),(322,'20~29','user108@patpat.com',0,'user108','user108','user','user',NULL,NULL),(323,'20~29','user109@patpat.com',0,'user109','user109','user','user',NULL,NULL),(324,'20~29','user110@patpat.com',0,'user110','user110','user','user',NULL,NULL),(325,'20~29','user111@patpat.com',0,'user111','user111','user','user',NULL,NULL),(326,'20~29','user112@patpat.com',0,'user112','user112','user','user',NULL,NULL),(327,'20~29','user113@patpat.com',0,'user113','user113','user','user',NULL,NULL),(328,'20~29','user114@patpat.com',0,'user114','user114','user','user',NULL,NULL),(329,'20~29','user115@patpat.com',0,'user115','user115','user','user',NULL,NULL),(330,'20~29','user116@patpat.com',0,'user116','user116','user','user',NULL,NULL),(331,'20~29','user117@patpat.com',0,'user117','user117','user','user',NULL,NULL),(332,'20~29','user118@patpat.com',0,'user118','user118','user','user',NULL,NULL),(333,'20~29','user119@patpat.com',0,'user119','user119','user','user',NULL,NULL),(334,'20~29','user120@patpat.com',0,'user120','user120','user','user',NULL,NULL),(335,'20~29','user121@patpat.com',0,'user121','user121','user','user',NULL,NULL),(336,'20~29','user122@patpat.com',0,'user122','user122','user','user',NULL,NULL),(337,'20~29','user123@patpat.com',0,'user123','user123','user','user',NULL,NULL),(338,'20~29','user124@patpat.com',0,'user124','user124','user','user',NULL,NULL),(339,'20~29','user125@patpat.com',0,'user125','user125','user','user',NULL,NULL),(340,'20~29','user126@patpat.com',0,'user126','user126','user','user',NULL,NULL),(341,'20~29','user127@patpat.com',0,'user127','user127','user','user',NULL,NULL),(342,'20~29','user128@patpat.com',0,'user128','user128','user','user',NULL,NULL),(343,'20~29','user129@patpat.com',0,'user129','user129','user','user',NULL,NULL),(344,'20~29','user130@patpat.com',0,'user130','user130','user','user',NULL,NULL),(345,'20~29','user131@patpat.com',0,'user131','user131','user','user',NULL,NULL),(346,'20~29','user132@patpat.com',0,'user132','user132','user','user',NULL,NULL),(347,'20~29','user133@patpat.com',0,'user133','user133','user','user',NULL,NULL),(348,'20~29','user134@patpat.com',0,'user134','user134','user','user',NULL,NULL),(349,'20~29','user135@patpat.com',0,'user135','user135','user','user',NULL,NULL),(350,'20~29','user136@patpat.com',0,'user136','user136','user','user',NULL,NULL),(351,'20~29','user137@patpat.com',0,'user137','user137','user','user',NULL,NULL),(352,'20~29','user138@patpat.com',0,'user138','user138','user','user',NULL,NULL),(353,'20~29','user139@patpat.com',0,'user139','user139','user','user',NULL,NULL),(354,'20~29','user140@patpat.com',0,'user140','user140','user','user',NULL,NULL),(355,'20~29','user141@patpat.com',0,'user141','user141','user','user',NULL,NULL),(356,'20~29','user142@patpat.com',0,'user142','user142','user','user',NULL,NULL),(357,'20~29','user143@patpat.com',0,'user143','user143','user','user',NULL,NULL),(358,'20~29','user144@patpat.com',0,'user144','user144','user','user',NULL,NULL),(359,'20~29','user145@patpat.com',0,'user145','user145','user','user',NULL,NULL),(360,'20~29','user146@patpat.com',0,'user146','user146','user','user',NULL,NULL),(361,'20~29','user147@patpat.com',0,'user147','user147','user','user',NULL,NULL),(362,'20~29','user148@patpat.com',0,'user148','user148','user','user',NULL,NULL),(363,'20~29','user149@patpat.com',0,'user149','user149','user','user',NULL,NULL),(364,'20~29','user150@patpat.com',0,'user150','user150','user','user',NULL,NULL),(365,'20~29','user151@patpat.com',0,'user151','user151','user','user',NULL,NULL),(366,'20~29','user152@patpat.com',0,'user152','user152','user','user',NULL,NULL),(367,'20~29','user153@patpat.com',0,'user153','user153','user','user',NULL,NULL),(368,'20~29','user154@patpat.com',0,'user154','user154','user','user',NULL,NULL),(369,'20~29','user155@patpat.com',0,'user155','user155','user','user',NULL,NULL),(370,'20~29','user156@patpat.com',0,'user156','user156','user','user',NULL,NULL),(371,'20~29','user157@patpat.com',0,'user157','user157','user','user',NULL,NULL),(372,'20~29','user158@patpat.com',0,'user158','user158','user','user',NULL,NULL),(373,'20~29','user159@patpat.com',0,'user159','user159','user','user',NULL,NULL),(374,'20~29','user160@patpat.com',0,'user160','user160','user','user',NULL,NULL),(375,'20~29','user161@patpat.com',0,'user161','user161','user','user',NULL,NULL),(376,'20~29','user162@patpat.com',0,'user162','user162','user','user',NULL,NULL),(377,'20~29','user163@patpat.com',0,'user163','user163','user','user',NULL,NULL),(378,'20~29','user164@patpat.com',0,'user164','user164','user','user',NULL,NULL),(379,'20~29','user165@patpat.com',0,'user165','user165','user','user',NULL,NULL),(380,'20~29','user166@patpat.com',0,'user166','user166','user','user',NULL,NULL),(381,'20~29','user167@patpat.com',0,'user167','user167','user','user',NULL,NULL),(382,'20~29','user168@patpat.com',0,'user168','user168','user','user',NULL,NULL),(383,'20~29','user169@patpat.com',0,'user169','user169','user','user',NULL,NULL),(384,'20~29','user170@patpat.com',0,'user170','user170','user','user',NULL,NULL),(385,'20~29','user171@patpat.com',0,'user171','user171','user','user',NULL,NULL),(386,'20~29','user172@patpat.com',0,'user172','user172','user','user',NULL,NULL),(387,'20~29','user173@patpat.com',0,'user173','user173','user','user',NULL,NULL),(388,'20~29','user174@patpat.com',0,'user174','user174','user','user',NULL,NULL),(389,'20~29','user175@patpat.com',0,'user175','user175','user','user',NULL,NULL),(390,'20~29','user176@patpat.com',0,'user176','user176','user','user',NULL,NULL),(391,'20~29','user177@patpat.com',0,'user177','user177','user','user',NULL,NULL),(392,'20~29','user178@patpat.com',0,'user178','user178','user','user',NULL,NULL),(393,'20~29','user179@patpat.com',0,'user179','user179','user','user',NULL,NULL),(394,'20~29','user180@patpat.com',0,'user180','user180','user','user',NULL,NULL),(395,'20~29','user181@patpat.com',0,'user181','user181','user','user',NULL,NULL),(396,'20~29','user182@patpat.com',0,'user182','user182','user','user',NULL,NULL),(397,'20~29','user183@patpat.com',0,'user183','user183','user','user',NULL,NULL),(398,'20~29','user184@patpat.com',0,'user184','user184','user','user',NULL,NULL),(399,'20~29','user185@patpat.com',0,'user185','user185','user','user',NULL,NULL),(400,'20~29','user186@patpat.com',0,'user186','user186','user','user',NULL,NULL),(401,'20~29','user187@patpat.com',0,'user187','user187','user','user',NULL,NULL),(402,'20~29','user188@patpat.com',0,'user188','user188','user','user',NULL,NULL),(403,'20~29','user189@patpat.com',0,'user189','user189','user','user',NULL,NULL),(404,'20~29','user190@patpat.com',0,'user190','user190','user','user',NULL,NULL),(405,'20~29','user191@patpat.com',0,'user191','user191','user','user',NULL,NULL),(406,'20~29','user192@patpat.com',0,'user192','user192','user','user',NULL,NULL),(407,'20~29','user193@patpat.com',0,'user193','user193','user','user',NULL,NULL),(408,'20~29','user194@patpat.com',0,'user194','user194','user','user',NULL,NULL),(409,'20~29','user195@patpat.com',0,'user195','user195','user','user',NULL,NULL),(410,'20~29','user196@patpat.com',0,'user196','user196','user','user',NULL,NULL),(411,'20~29','user197@patpat.com',0,'user197','user197','user','user',NULL,NULL),(412,'20~29','user198@patpat.com',0,'user198','user198','user','user',NULL,NULL),(413,'20~29','user199@patpat.com',0,'user199','user199','user','user',NULL,NULL),(414,'20~29','user200@patpat.com',0,'user200','user200','user','user',NULL,NULL),(415,'','16110114@g.tu.ac.kr',0,'이재혁/정보보호학과','$2a$10$Cxmx/Iy9oL0lE6doutdYduVjxlyuVxb/A0o7hX.QhL.q9GMIYHLKe','google','114061845618529288221',573,NULL),(416,'','youmin0427@gmail.com',8,'유밍밍','$2a$10$9RCxKJHGNrOrfCmUusz9OubKDZgaUReZ5nEZiHRHHdV9UeUQo4NKm','google','102686949699898188747',764,NULL),(417,'20~29','tablemin@kakao.com',2,'박상민','$2a$10$YCupbt2WjIknCGuG40udEeXn36OQObMAdB0HZcrSwGHfePVFLCfcy','kakao','2667171634',765,NULL),(418,'','indl1670@gmail.com',39,'일반회원','$2a$10$/f7gvblPYFHH1R7Ev4N0Z.vU8oxT4nhfmOr4SFf6HVXVnA6XjDZGy','google','108490847211146678374',846,NULL),(419,'','sundaeluv98@gmail.com',2,'이지윤 (Patron)','$2a$10$mp5DxEO4jbEnWMykiepVU.0ac8oeuSgahO/FTCK5g4HqlB7WI3OLG','google','105938835946484441297',847,NULL),(420,'','ssm0224@gmail.com',0,'손수민[부울경_1반_E107]팀원','$2a$10$O0k5GlSvpVywA50OsTNo8OfteTl9yOTwDP5FuryS06UQypBMo5JUq','google','108555491367553225843',3007,NULL),(421,'','youmean0427@gmail.com',0,'김유민','$2a$10$OmBhNEMf6Z7mMG0yuy2ES.t90H/LjxBFIblOTiIuTXIvzhDQ75nTa','google','112407176696689162904',3923,NULL);
/*!40000 ALTER TABLE `user` ENABLE KEYS */;
UNLOCK TABLES;

--
-- Table structure for table `user_authority`
--

DROP TABLE IF EXISTS `user_authority`;
/*!40101 SET @saved_cs_client     = @@character_set_client */;
/*!50503 SET character_set_client = utf8mb4 */;
CREATE TABLE `user_authority` (
  `user_id` bigint NOT NULL,
  `authority_name` varchar(50) NOT NULL,
  KEY `FK6ktglpl5mjosa283rvken2py5` (`authority_name`),
  KEY `FKpqlsjpkybgos9w2svcri7j8xy` (`user_id`),
  CONSTRAINT `FK6ktglpl5mjosa283rvken2py5` FOREIGN KEY (`authority_name`) REFERENCES `authority` (`authority_name`),
  CONSTRAINT `FKpqlsjpkybgos9w2svcri7j8xy` FOREIGN KEY (`user_id`) REFERENCES `user` (`user_id`)
) ENGINE=InnoDB DEFAULT CHARSET=utf8mb4 COLLATE=utf8mb4_0900_ai_ci;
/*!40101 SET character_set_client = @saved_cs_client */;

--
-- Dumping data for table `user_authority`
--

LOCK TABLES `user_authority` WRITE;
/*!40000 ALTER TABLE `user_authority` DISABLE KEYS */;
INSERT INTO `user_authority` VALUES (1,'ROLE_USER'),(2,'ROLE_USER'),(3,'ROLE_USER'),(4,'ROLE_USER'),(5,'ROLE_USER'),(6,'ROLE_USER'),(7,'ROLE_USER'),(9,'ROLE_USER'),(10,'ROLE_USER'),(11,'ROLE_USER'),(1,'ROLE_ADMIN'),(7,'ROLE_ADMIN'),(9,'ROLE_ADMIN'),(6,'ROLE_ADMIN'),(2,'ROLE_ADMIN'),(12,'ROLE_USER'),(13,'ROLE_USER'),(14,'ROLE_USER'),(415,'ROLE_USER'),(416,'ROLE_USER'),(417,'ROLE_USER'),(418,'ROLE_USER'),(419,'ROLE_USER'),(420,'ROLE_USER'),(421,'ROLE_USER');
/*!40000 ALTER TABLE `user_authority` ENABLE KEYS */;
UNLOCK TABLES;

--
-- Table structure for table `user_favorite`
--

DROP TABLE IF EXISTS `user_favorite`;
/*!40101 SET @saved_cs_client     = @@character_set_client */;
/*!50503 SET character_set_client = utf8mb4 */;
CREATE TABLE `user_favorite` (
  `user_id` bigint NOT NULL,
  `sp_dog_id` bigint NOT NULL,
  PRIMARY KEY (`user_id`,`sp_dog_id`),
  KEY `FKo2kx46b7w4k6xjok0t85tuxgr` (`sp_dog_id`),
  CONSTRAINT `FK2eajkverwrmx1fdy0oovpxrx0` FOREIGN KEY (`user_id`) REFERENCES `user` (`user_id`),
  CONSTRAINT `FKo2kx46b7w4k6xjok0t85tuxgr` FOREIGN KEY (`sp_dog_id`) REFERENCES `shelter_protected_dog` (`sp_dog_id`)
) ENGINE=InnoDB DEFAULT CHARSET=utf8mb4 COLLATE=utf8mb4_0900_ai_ci;
/*!40101 SET character_set_client = @saved_cs_client */;

--
-- Dumping data for table `user_favorite`
--

LOCK TABLES `user_favorite` WRITE;
/*!40000 ALTER TABLE `user_favorite` DISABLE KEYS */;
/*!40000 ALTER TABLE `user_favorite` ENABLE KEYS */;
UNLOCK TABLES;

--
-- Table structure for table `user_shelter`
--

DROP TABLE IF EXISTS `user_shelter`;
/*!40101 SET @saved_cs_client     = @@character_set_client */;
/*!50503 SET character_set_client = utf8mb4 */;
CREATE TABLE `user_shelter` (
  `shelter_id` bigint DEFAULT NULL,
  `user_id` bigint NOT NULL,
  PRIMARY KEY (`user_id`),
  KEY `FKeu8stws6y0ge8q2w0wi6k47fh` (`shelter_id`),
  CONSTRAINT `FK3c54drmcturjqdcjqqwpl9eem` FOREIGN KEY (`user_id`) REFERENCES `user` (`user_id`),
  CONSTRAINT `FKeu8stws6y0ge8q2w0wi6k47fh` FOREIGN KEY (`shelter_id`) REFERENCES `shelter` (`shelter_id`)
) ENGINE=InnoDB DEFAULT CHARSET=utf8mb4 COLLATE=utf8mb4_0900_ai_ci;
/*!40101 SET character_set_client = @saved_cs_client */;

--
-- Dumping data for table `user_shelter`
--

LOCK TABLES `user_shelter` WRITE;
/*!40000 ALTER TABLE `user_shelter` DISABLE KEYS */;
INSERT INTO `user_shelter` VALUES (316,215),(317,216),(318,217),(319,218),(320,219),(321,220),(322,221),(323,222),(324,1),(325,224),(326,225),(327,226),(328,227),(329,228),(330,229),(331,230),(332,231),(333,13),(335,2),(336,235),(337,236),(338,237),(339,238),(340,239),(341,240),(342,241),(343,242),(344,243),(345,244),(346,245),(347,246),(348,247),(349,248),(350,249),(351,250),(352,251),(353,252),(354,253),(355,254),(356,255),(357,256),(358,14),(359,258),(360,259),(361,260),(362,261),(363,262),(365,264),(366,265),(367,266),(368,267),(369,268),(370,269),(371,270),(372,271),(373,272),(374,273),(375,274),(376,275),(377,276),(378,277),(379,278),(380,279),(381,280),(382,281),(383,415),(384,283),(385,284),(386,285),(387,286),(388,287),(389,288),(390,289),(391,3),(391,290),(392,291),(393,292),(394,293),(395,294),(396,295),(397,416),(398,297),(399,298),(400,299),(401,300),(402,301),(403,302),(404,303),(405,304),(406,305),(407,306),(408,307),(409,308),(410,309),(411,11),(412,311),(413,312),(414,313),(415,314),(416,315),(417,316),(418,317),(419,318),(420,319),(421,320),(422,321),(423,322),(424,323),(425,324),(426,325),(427,326),(428,327),(429,328),(430,329),(431,330),(432,331),(433,332),(434,333),(435,334),(436,335),(437,336),(438,337),(439,338),(440,339),(441,340),(442,341),(443,342),(444,343),(445,344),(446,345),(447,346),(448,347),(449,348),(450,349),(451,350),(452,351),(453,352),(454,353),(455,354),(456,355),(457,356),(458,357),(459,358),(460,359),(461,360),(462,361),(463,362),(464,363),(465,364),(466,365),(467,366),(468,367),(469,368),(470,369),(471,370),(472,371),(473,372),(474,373),(475,374),(476,375),(477,376),(478,377),(479,378),(480,379),(481,380),(482,381),(483,382),(484,383),(485,384),(486,385),(488,387),(489,388),(490,389),(491,390),(492,391),(493,392),(494,393),(495,6);
/*!40000 ALTER TABLE `user_shelter` ENABLE KEYS */;
UNLOCK TABLES;

--
-- Table structure for table `volunteer_notice`
--

DROP TABLE IF EXISTS `volunteer_notice`;
/*!40101 SET @saved_cs_client     = @@character_set_client */;
/*!50503 SET character_set_client = utf8mb4 */;
CREATE TABLE `volunteer_notice` (
  `notice_id` bigint NOT NULL AUTO_INCREMENT,
  `reservation_state_code` int DEFAULT NULL,
  `title` varchar(255) DEFAULT NULL,
  `volunteer_date` varchar(255) DEFAULT NULL,
  `shelter_id` bigint DEFAULT NULL,
  PRIMARY KEY (`notice_id`),
  KEY `FKmf74hcphajnj8a6n6fx55xhlh` (`shelter_id`),
  CONSTRAINT `FKmf74hcphajnj8a6n6fx55xhlh` FOREIGN KEY (`shelter_id`) REFERENCES `shelter` (`shelter_id`)
) ENGINE=InnoDB AUTO_INCREMENT=57 DEFAULT CHARSET=utf8mb4 COLLATE=utf8mb4_0900_ai_ci;
/*!40101 SET character_set_client = @saved_cs_client */;

--
-- Dumping data for table `volunteer_notice`
--

LOCK TABLES `volunteer_notice` WRITE;
/*!40000 ALTER TABLE `volunteer_notice` DISABLE KEYS */;
INSERT INTO `volunteer_notice` VALUES (3,0,'제목3','2022-02-09',317),(5,1,'제목5','2023-02-10',316),(8,0,'제목8','2023-02-12',369),(9,0,'제목9','2023-02-13',490),(13,0,'제목13','2023-02-14',317),(14,0,'제목14','2023-02-20',319),(15,0,'제목15','2023-02-17',490),(38,0,'궈궈궈','2023-03-09',324),(41,1,'봉사 활동 받습니다.','2023-02-16',324),(42,1,'경동 동물병원 봉사자 모집합니다.','2023-02-16',333),(43,1,'봉사 신청 받습니다.','2023-02-17',324),(44,1,'가정동물보호센터에서 봉사자가 필요합니다','2023-02-18',324),(45,1,'17일 봉사자 모집','2023-02-17',335),(47,0,'봉사갈사람~','2023-02-18',335),(48,0,'삼산보호소에서 자원봉사자 모집합니다.','2023-02-17',391),(49,0,'삼산보호소에서 자원봉사자 모집합니다.','2023-02-18',391),(50,0,'삼산보호소에서 자원봉사자 모집합니다.','2023-02-21',391),(51,0,'삼산보호소에서 자원봉사자 모집합니다.','2023-02-23',391),(52,0,' 삼산보호소에서 자원봉사자 모집합니다.','2023-02-25',391),(53,0,'제발올사람','2023-02-20',335),(55,0,'세림동물보호소 봉사인원모집','2023-02-18',397),(56,0,'세림동물보호소 봉사인원모집','2023-02-19',397);
/*!40000 ALTER TABLE `volunteer_notice` ENABLE KEYS */;
UNLOCK TABLES;

--
-- Table structure for table `volunteer_reservation`
--

DROP TABLE IF EXISTS `volunteer_reservation`;
/*!40101 SET @saved_cs_client     = @@character_set_client */;
/*!50503 SET character_set_client = utf8mb4 */;
CREATE TABLE `volunteer_reservation` (
  `reservation_id` bigint NOT NULL AUTO_INCREMENT,
  `capacity` int DEFAULT NULL,
  `reservation_state_code` int DEFAULT NULL,
  `volunteer_date` varchar(255) DEFAULT NULL,
  `user_id` bigint DEFAULT NULL,
  `schedule_id` bigint DEFAULT NULL,
  PRIMARY KEY (`reservation_id`),
  KEY `FK4evq3l6nediu92q4xe5kgyxbs` (`user_id`),
  KEY `FKpoycsr0tf548l8pmdybii3y1m` (`schedule_id`),
  CONSTRAINT `FK4evq3l6nediu92q4xe5kgyxbs` FOREIGN KEY (`user_id`) REFERENCES `user` (`user_id`),
  CONSTRAINT `FKpoycsr0tf548l8pmdybii3y1m` FOREIGN KEY (`schedule_id`) REFERENCES `volunteer_schedule` (`schedule_id`)
) ENGINE=InnoDB AUTO_INCREMENT=232 DEFAULT CHARSET=utf8mb4 COLLATE=utf8mb4_0900_ai_ci;
/*!40101 SET character_set_client = @saved_cs_client */;

--
-- Dumping data for table `volunteer_reservation`
--

LOCK TABLES `volunteer_reservation` WRITE;
/*!40000 ALTER TABLE `volunteer_reservation` DISABLE KEYS */;
INSERT INTO `volunteer_reservation` VALUES (50,2,2,'2023-02-16',6,42),(51,1,2,'2023-02-16',416,42),(56,1,4,'2023-02-16',416,43),(57,4,1,'2023-02-16',5,42),(58,1,2,'2023-02-16',5,43),(59,2,2,'2023-02-17',7,44),(60,1,2,'2023-02-18',2,45),(61,1,2,'2023-02-18',2,46),(62,1,2,'2023-02-18',2,47),(63,1,2,'2023-02-17',2,49),(64,4,2,'2023-02-18',7,45),(65,4,2,'2023-02-18',7,47),(66,4,2,'2023-02-17',7,49),(67,3,2,'2023-02-18',7,46),(68,3,2,'2023-02-18',7,47),(69,4,2,'2023-02-17',7,49),(70,2,2,'2023-02-18',7,45),(71,4,2,'2023-02-18',7,46),(72,4,2,'2023-02-18',7,46),(73,4,2,'2023-02-18',7,47),(74,7,1,'2023-02-17',418,49),(75,5,1,'2023-02-17',3,51),(76,2,2,'2023-02-18',2,45),(77,5,1,'2023-02-18',2,45),(78,4,2,'2023-02-18',6,46),(79,4,2,'2023-02-18',6,46),(80,4,2,'2023-02-18',6,46),(81,4,2,'2023-02-18',6,46),(82,4,2,'2023-02-18',6,46),(83,4,2,'2023-02-18',6,46),(84,4,2,'2023-02-18',6,46),(85,4,2,'2023-02-18',6,46),(86,4,2,'2023-02-18',6,46),(87,4,2,'2023-02-18',6,47),(88,4,2,'2023-02-18',6,47),(89,4,2,'2023-02-18',6,47),(90,4,2,'2023-02-18',6,47),(91,4,2,'2023-02-18',6,47),(92,4,2,'2023-02-18',6,47),(93,4,2,'2023-02-18',6,47),(94,4,2,'2023-02-18',6,47),(95,4,2,'2023-02-18',6,47),(96,4,2,'2023-02-18',6,47),(97,4,2,'2023-02-18',6,47),(98,4,2,'2023-02-18',6,47),(99,4,2,'2023-02-18',6,47),(100,4,2,'2023-02-18',6,47),(101,4,2,'2023-02-18',6,47),(102,4,2,'2023-02-18',6,47),(103,4,2,'2023-02-18',6,47),(104,4,2,'2023-02-18',6,47),(105,4,2,'2023-02-18',6,47),(106,4,2,'2023-02-18',6,47),(107,4,2,'2023-02-18',6,47),(108,4,2,'2023-02-18',6,47),(109,4,2,'2023-02-18',6,47),(110,4,2,'2023-02-18',6,47),(111,4,2,'2023-02-18',6,47),(112,4,2,'2023-02-18',6,47),(113,4,2,'2023-02-18',6,47),(114,4,2,'2023-02-18',6,47),(115,4,2,'2023-02-18',6,47),(116,4,2,'2023-02-18',6,47),(117,4,2,'2023-02-18',6,47),(118,4,2,'2023-02-18',6,47),(119,4,2,'2023-02-18',7,46),(120,4,2,'2023-02-18',7,46),(121,4,2,'2023-02-18',7,46),(122,4,2,'2023-02-18',6,47),(123,4,2,'2023-02-18',6,47),(124,4,2,'2023-02-18',6,47),(125,4,2,'2023-02-18',6,47),(126,4,2,'2023-02-18',6,47),(127,4,2,'2023-02-18',6,47),(128,4,2,'2023-02-18',6,47),(129,4,2,'2023-02-18',6,47),(130,4,2,'2023-02-18',6,47),(131,4,2,'2023-02-18',6,47),(132,3,2,'2023-02-18',6,47),(133,2,1,'2023-02-18',6,47),(134,4,1,'2023-02-17',6,44),(135,4,2,'2023-02-17',6,44),(136,4,2,'2023-02-17',6,44),(137,4,2,'2023-02-17',6,44),(138,4,2,'2023-02-17',6,44),(139,1,2,'2023-02-17',10,48),(140,2,2,'2023-02-17',10,48),(141,1,1,'2023-02-17',10,48),(142,1,2,'2023-02-17',10,48),(143,1,2,'2023-02-17',10,48),(144,1,2,'2023-02-17',10,48),(145,1,2,'2023-02-18',10,52),(146,4,2,'2023-02-17',6,44),(147,4,2,'2023-02-17',6,44),(148,4,2,'2023-02-17',6,44),(149,4,2,'2023-02-17',6,44),(150,4,2,'2023-02-17',6,44),(151,4,2,'2023-02-17',6,44),(152,4,2,'2023-02-17',6,44),(153,4,2,'2023-02-17',6,44),(154,4,2,'2023-02-17',6,44),(155,4,2,'2023-02-17',6,44),(156,4,2,'2023-02-17',6,44),(157,4,2,'2023-02-17',6,44),(158,4,2,'2023-02-17',6,44),(159,4,2,'2023-02-17',6,44),(160,4,2,'2023-02-17',6,44),(161,4,2,'2023-02-17',7,44),(162,3,2,'2023-02-18',7,46),(163,4,2,'2023-02-18',7,46),(164,1,1,'2023-02-18',7,46),(165,1,2,'2023-02-18',10,46),(166,1,2,'2023-02-18',10,46),(167,1,2,'2023-02-18',7,46),(168,1,2,'2023-02-18',7,46),(169,2,2,'2023-02-18',10,52),(170,2,2,'2023-02-18',10,52),(171,1,2,'2023-02-18',10,52),(172,1,2,'2023-02-18',10,52),(173,1,2,'2023-02-18',10,52),(174,1,2,'2023-02-18',10,52),(175,0,2,'2023-02-18',10,52),(176,1,2,'2023-02-18',10,52),(177,1,2,'2023-02-18',10,52),(178,1,2,'2023-02-18',10,52),(179,1,2,'2023-02-18',10,52),(180,1,2,'2023-02-18',10,52),(181,1,2,'2023-02-18',10,52),(182,1,2,'2023-02-18',10,52),(183,1,2,'2023-02-18',10,52),(184,1,2,'2023-02-18',10,52),(185,1,2,'2023-02-18',10,52),(186,1,2,'2023-02-18',10,52),(187,1,2,'2023-02-18',10,52),(188,1,2,'2023-02-18',10,52),(190,1,2,'2023-02-18',10,52),(191,1,2,'2023-02-18',10,52),(192,1,1,'2023-02-18',10,52),(193,1,2,'2023-02-20',10,64),(194,1,2,'2023-02-20',10,64),(195,1,2,'2023-02-20',10,64),(196,1,2,'2023-02-20',10,64),(200,1,2,'2023-02-20',10,64),(201,1,2,'2023-02-20',10,64),(205,1,1,'2023-02-20',10,64),(206,1,2,'2023-02-20',10,64),(207,1,2,'2023-02-20',10,64),(208,1,2,'2023-02-20',10,64),(213,2,0,'2023-02-17',418,53),(218,4,0,'2023-02-17',1,54),(219,4,0,'2023-02-21',1,57),(221,4,0,'2023-02-17',1,53),(224,2,0,'2023-02-25',2,61),(225,3,0,'2023-02-23',1,59),(226,1,1,'2023-02-18',416,65),(227,1,0,'2023-02-25',416,61),(228,1,0,'2023-02-23',416,60),(229,1,1,'2023-02-19',416,66),(230,5,1,'2023-02-18',1,65),(231,1,0,'2023-02-21',416,57);
/*!40000 ALTER TABLE `volunteer_reservation` ENABLE KEYS */;
UNLOCK TABLES;

--
-- Table structure for table `volunteer_schedule`
--

DROP TABLE IF EXISTS `volunteer_schedule`;
/*!40101 SET @saved_cs_client     = @@character_set_client */;
/*!50503 SET character_set_client = utf8mb4 */;
CREATE TABLE `volunteer_schedule` (
  `schedule_id` bigint NOT NULL AUTO_INCREMENT,
  `capacity` int DEFAULT NULL,
  `end_time` varchar(255) DEFAULT NULL,
  `guide_line` varchar(4000) DEFAULT NULL,
  `reservation_state_code` int DEFAULT NULL,
  `start_time` varchar(255) DEFAULT NULL,
  `total_capacity` int DEFAULT NULL,
  `notice_id` bigint DEFAULT NULL,
  PRIMARY KEY (`schedule_id`),
  KEY `FKj3oifsfur79ynxyu8xowgtfpk` (`notice_id`),
  CONSTRAINT `FKj3oifsfur79ynxyu8xowgtfpk` FOREIGN KEY (`notice_id`) REFERENCES `volunteer_notice` (`notice_id`)
) ENGINE=InnoDB AUTO_INCREMENT=67 DEFAULT CHARSET=utf8mb4 COLLATE=utf8mb4_0900_ai_ci;
/*!40101 SET character_set_client = @saved_cs_client */;

--
-- Dumping data for table `volunteer_schedule`
--

LOCK TABLES `volunteer_schedule` WRITE;
/*!40000 ALTER TABLE `volunteer_schedule` DISABLE KEYS */;
INSERT INTO `volunteer_schedule` VALUES (37,0,'11:00','<p>봉사 공고 가이드 템플릿 예시 입니다.</p><p>&nbsp;</p><p>시작 시간 : 00 : 00&nbsp;</p><p>종료 시간 : 00 : 00&nbsp;</p><p>&nbsp;</p><h3>해야할 일&nbsp;</h3><p>봉사 진행 순서를 적어주시면 됩니다.</p><p>&nbsp;</p><h3>주의 할 점&nbsp;</h3><p>봉사 진행하면서 주의할 점을 적어주시면 됩니다.</p><p>&nbsp;</p>',0,'10:00',1,38),(42,4,'11:00','<p>봉사 공고 가이드 템플릿 예시 입니다.</p><p>&nbsp;</p><p>시작 시간 : 00 : 00&nbsp;</p><p>종료 시간 : 00 : 00&nbsp;</p><p>&nbsp;</p><h3>해야할 일&nbsp;</h3><p>봉사 진행 순서를 적어주시면 됩니다.</p><p>&nbsp;</p><h3>주의 할 점&nbsp;</h3><p>봉사 진행하면서 주의할 점을 적어주시면 됩니다.</p><p>&nbsp;</p>',1,'10:00',4,41),(43,1,'11:00','<p>봉사 공고 가이드 템플릿 예시 입니다.</p><p>&nbsp;</p><p>시작 시간 : 00 : 00&nbsp;</p><p>종료 시간 : 00 : 00&nbsp;</p><p>&nbsp;</p><h3>해야할 일&nbsp;</h3><p>봉사 진행 순서를 적어주시면 됩니다.</p><p>&nbsp;</p><h3>주의 할 점&nbsp;</h3><p>봉사 진행하면서 주의할 점을 적어주시면 됩니다.</p><p>&nbsp;</p>',1,'10:00',1,42),(44,6,'11:00','<p>봉사 공고 가이드 템플릿 예시 입니다.</p><p>&nbsp;</p><p>시작 시간 : 00 : 00&nbsp;</p><p>종료 시간 : 00 : 00&nbsp;</p><p>&nbsp;</p><h3>해야할 일&nbsp;</h3><p>봉사 진행 순서를 적어주시면 됩니다.</p><p>&nbsp;</p><h3>주의 할 점&nbsp;</h3><p>봉사 진행하면서 주의할 점을 적어주시면 됩니다.</p><p>&nbsp;</p>',1,'10:00',6,43),(45,5,'11:00','<p>봉사 공고 가이드 템플릿 예시 입니다.</p><p>&nbsp;</p><p>시작 시간 : 00 : 00&nbsp;</p><p>종료 시간 : 00 : 00&nbsp;</p><p>&nbsp;</p><h3>해야할 일&nbsp;</h3><p>봉사 진행 순서를 적어주시면 됩니다.</p><p>&nbsp;</p><h3>주의 할 점&nbsp;</h3><p>봉사 진행하면서 주의할 점을 적어주시면 됩니다.</p><p>&nbsp;</p>',1,'10:00',5,44),(46,9,'17:00','<p>봉사 공고 가이드 템플릿 예시 입니다.</p><p>&nbsp;</p><p>시작 시간 : 00 : 00&nbsp;</p><p>종료 시간 : 00 : 00&nbsp;</p><p>&nbsp;</p><h3>해야할 일&nbsp;</h3><p>봉사 진행 순서를 적어주시면 됩니다.</p><p>&nbsp;</p><h3>주의 할 점&nbsp;</h3><p>봉사 진행하면서 주의할 점을 적어주시면 됩니다.</p><p>&nbsp;</p>',1,'14:00',9,44),(47,10,'20:00','<p>봉사 공고 가이드 템플릿 예시 입니다.</p><p>&nbsp;</p><p>시작 시간 : 00 : 00&nbsp;</p><p>종료 시간 : 00 : 00&nbsp;</p><p>&nbsp;</p><h3>해야할 일&nbsp;</h3><p>봉사 진행 순서를 적어주시면 됩니다.</p><p>&nbsp;</p><h3>주의 할 점&nbsp;</h3><p>봉사 진행하면서 주의할 점을 적어주시면 됩니다.</p><p>&nbsp;</p>',1,'18:00',10,44),(48,2,'11:00','<p>봉사 공고 가이드 템플릿 예시 입니다.</p><p>&nbsp;</p><p>시작 시간 : 10 : 00&nbsp;</p><p>종료 시간 : 11 : 00&nbsp;</p><p>&nbsp;</p><h3>해야할 일&nbsp;</h3><p>front 처리해주시고 back 개발좀 해주세요.</p><p>&nbsp;</p><h3>주의 할 점&nbsp;</h3><p>커밋을 조심하세요.</p><p>&nbsp;</p>',1,'10:00',2,45),(49,12,'10:00','<p>봉사 공고 가이드 템플릿 예시 입니다.</p><p>&nbsp;</p><p>시작 시간 : 00 : 00&nbsp;</p><p>종료 시간 : 00 : 00&nbsp;</p><p>&nbsp;</p><h3>해야할 일&nbsp;</h3><p>봉사 진행 순서를 적어주시면 됩니다.</p><p>&nbsp;</p><h3>주의 할 점&nbsp;</h3><p>봉사 진행하면서 주의할 점을 적어주시면 됩니다.</p><p>&nbsp;</p>',1,'09:00',12,43),(51,5,'15:00','<p>봉사 공고 가이드 템플릿 예시 입니다.</p><p>&nbsp;</p><p>시작 시간 : 00 : 00&nbsp;</p><p>종료 시간 : 00 : 00&nbsp;</p><p>&nbsp;</p><h3>해야할 일&nbsp;</h3><p>봉사 진행 순서를 적어주시면 됩니다.</p><p>&nbsp;</p><h3>주의 할 점&nbsp;</h3><p>봉사 진행하면서 주의할 점을 적어주시면 됩니다.</p><p>&nbsp;</p>',1,'13:00',5,43),(52,2,'11:00','<p>봉사 공고 가이드 템플릿 예시 입니다.</p><p>&nbsp;</p><p>시작 시간 : 10 : 00&nbsp;</p><p>종료 시간 : 11 : 00&nbsp;</p><p>&nbsp;</p><h3>해야할 일&nbsp;</h3><p>봉사 진행 순서를 적어주시면 됩니다.</p><p>&nbsp;</p><h3>주의 할 점&nbsp;</h3><p>봉사 진행하면서 주의할 점을 적어주시면 됩니다.</p><p>&nbsp;</p>',0,'10:00',10,47),(53,0,'12:00','<p>시작 시간 : 10 : 00&nbsp;</p><p>종료 시간 : 12 : 00&nbsp;</p><p>&nbsp;</p><h3>해야할 일&nbsp;</h3><ol><li>1. 대소변 치우기(바닥청소 포함)</li><li>2. 밥그릇 &amp; 물그릇 세척</li><li>3. 사료 &amp; 물 채우기</li></ol><p>&nbsp;</p><h3>주의 할 점&nbsp;</h3><ol><li>1. 하얀 풍산개의 경우 사람을 물 수도 있으니 만약 밖에 돌아다니고 있다면 우리 안으로 넣어주세요.</li><li>2. 노쇼 절대 허용하지 않으니 진심으로 봉사에 임하실 분만 신청주세요.</li></ol><p>&nbsp;</p>',0,'10:00',10,48),(54,0,'16:00','<p>시작 시간 : 14 : 00&nbsp;</p><p>종료 시간 : 16 : 00&nbsp;</p><p>&nbsp;</p><h3>해야할 일&nbsp;</h3><ol><li>1. 대변 &amp; 소변 치우기(바닥청소 포함)</li><li>2. 사료 &amp; 물 채우기</li><li>3. 30분씩 아이들 산책(한타임에 6마리씩)</li></ol><p>&nbsp;</p><h3>주의 할 점&nbsp;</h3><ol><li>1. 산책가실 때 가슴줄 착용 꼭 부탁드립니다.</li><li>2. 대형견의 경우 입마개 꼭 착용시켜주세요.</li><li>3. 노쇼 절대 허용하지 않습니다. 진심으로 봉사에 임하실 분만 신청주세요.</li></ol><p>&nbsp;</p>',0,'14:00',6,48),(55,0,'00:00','<p>시작 시간 : 10 : 00&nbsp;</p><p>종료 시간 : 12 : 00&nbsp;</p><p>&nbsp;</p><h3>해야할 일&nbsp;</h3><ol><li>1. 대소변 치우기(바닥청소 포함)</li><li>2. 밥그릇 &amp; 물그릇 세척</li><li>3. 사료 &amp; 물 채우기</li></ol><p>&nbsp;</p><h3>주의 할 점&nbsp;</h3><ol><li>1. 하얀 풍산개의 경우 사람을 물 수도 있으니 만약 밖에 돌아다니고 있다면 우리 안으로 넣어주세요.</li><li>2. 노쇼 절대 허용하지 않으니 진심으로 봉사에 임하실 분만 신청주세요.</li></ol><p>&nbsp;</p>',0,'10:00',10,49),(56,0,'16:00','<p>시작 시간 : 14 : 00&nbsp;</p><p>종료 시간 : 16 : 00&nbsp;</p><p>&nbsp;</p><h3>해야할 일&nbsp;</h3><ol><li>1. 대변 &amp; 소변 치우기(바닥청소 포함)</li><li>2. 사료 &amp; 물 채우기</li><li>3. 30분씩 아이들 산책(한타임에 6마리씩)</li></ol><p>&nbsp;</p><h3>주의 할 점&nbsp;</h3><ol><li>1. 산책가실 때 가슴줄 착용 꼭 부탁드립니다.</li><li>2. 대형견의 경우 입마개 꼭 착용시켜주세요.</li><li>3. 노쇼 절대 허용하지 않습니다. 진심으로 봉사에 임하실 분만 신청주세요.</li></ol><p>&nbsp;</p>',0,'14:00',6,49),(57,0,'00:00','<p>시작 시간 : 10 : 00&nbsp;</p><p>종료 시간 : 12 : 00&nbsp;</p><p>&nbsp;</p><h3>해야할 일&nbsp;</h3><ol><li>1. 대소변 치우기(바닥청소 포함)</li><li>2. 밥그릇 &amp; 물그릇 세척</li><li>3. 사료 &amp; 물 채우기</li></ol><p>&nbsp;</p><h3>주의 할 점&nbsp;</h3><ol><li>1. 하얀 풍산개의 경우 사람을 물 수도 있으니 만약 밖에 돌아다니고 있다면 우리 안으로 넣어주세요.</li><li>2. 노쇼 절대 허용하지 않으니 진심으로 봉사에 임하실 분만 신청주세요.</li></ol><p>&nbsp;</p>',0,'10:00',10,50),(58,0,'16:00','<p>시작 시간 : 14 : 00&nbsp;</p><p>종료 시간 : 16 : 00&nbsp;</p><p>&nbsp;</p><h3>해야할 일&nbsp;</h3><ol><li>1. 대변 &amp; 소변 치우기(바닥청소 포함)</li><li>2. 사료 &amp; 물 채우기</li><li>3. 30분씩 아이들 산책(한타임에 6마리씩)</li></ol><p>&nbsp;</p><h3>주의 할 점&nbsp;</h3><ol><li>1. 산책가실 때 가슴줄 착용 꼭 부탁드립니다.</li><li>2. 대형견의 경우 입마개 꼭 착용시켜주세요.</li><li>3. 노쇼 절대 허용하지 않습니다. 진심으로 봉사에 임하실 분만 신청주세요.</li></ol><p>&nbsp;</p>',0,'14:00',6,50),(59,0,'00:00','<p>시작 시간 : 10 : 00&nbsp;</p><p>종료 시간 : 12 : 00&nbsp;</p><p>&nbsp;</p><h3>해야할 일&nbsp;</h3><ol><li>1. 대소변 치우기(바닥청소 포함)</li><li>2. 밥그릇 &amp; 물그릇 세척</li><li>3. 사료 &amp; 물 채우기</li></ol><p>&nbsp;</p><h3>주의 할 점&nbsp;</h3><ol><li>1. 하얀 풍산개의 경우 사람을 물 수도 있으니 만약 밖에 돌아다니고 있다면 우리 안으로 넣어주세요.</li><li>2. 노쇼 절대 허용하지 않으니 진심으로 봉사에 임하실 분만 신청주세요.</li></ol><p>&nbsp;</p>',0,'10:00',10,51),(60,0,'16:00','<p>시작 시간 : 14 : 00&nbsp;</p><p>종료 시간 : 16 : 00&nbsp;</p><p>&nbsp;</p><h3>해야할 일&nbsp;</h3><ol><li>1. 대변 &amp; 소변 치우기(바닥청소 포함)</li><li>2. 사료 &amp; 물 채우기</li><li>3. 30분씩 아이들 산책(한타임에 6마리씩)</li></ol><p>&nbsp;</p><h3>주의 할 점&nbsp;</h3><ol><li>1. 산책가실 때 가슴줄 착용 꼭 부탁드립니다.</li><li>2. 대형견의 경우 입마개 꼭 착용시켜주세요.</li><li>3. 노쇼 절대 허용하지 않습니다. 진심으로 봉사에 임하실 분만 신청주세요.</li></ol><p>&nbsp;</p>',0,'14:00',6,51),(61,0,'00:00','<p>시작 시간 : 10 : 00&nbsp;</p><p>종료 시간 : 12 : 00&nbsp;</p><p>&nbsp;</p><h3>해야할 일&nbsp;</h3><ol><li>1. 대소변 치우기(바닥청소 포함)</li><li>2. 밥그릇 &amp; 물그릇 세척</li><li>3. 사료 &amp; 물 채우기</li></ol><p>&nbsp;</p><h3>주의 할 점&nbsp;</h3><ol><li>1. 하얀 풍산개의 경우 사람을 물 수도 있으니 만약 밖에 돌아다니고 있다면 우리 안으로 넣어주세요.</li><li>2. 노쇼 절대 허용하지 않으니 진심으로 봉사에 임하실 분만 신청주세요.</li></ol><p>&nbsp;</p>',0,'10:00',10,52),(62,0,'16:00','<p>시작 시간 : 14 : 00&nbsp;</p><p>종료 시간 : 16 : 00&nbsp;</p><p>&nbsp;</p><h3>해야할 일&nbsp;</h3><ol><li>1. 대소변 치우기(바닥청소 포함)</li><li>2. 사료 &amp; 물 채우기</li><li>3. 아이들과 놀아주기</li></ol><p>&nbsp;</p><h3>주의 할 점&nbsp;</h3><ol><li>1. 하얀 풍산개의 경우 사람을 물 수도 있으니 만약 밖에 돌아다니고 있다면 우리 안으로 넣어주세요.</li><li>2. 노쇼 절대 허용하지 않으니 진심으로 봉사에 임하실 분만 신청주세요.</li></ol><p>&nbsp;</p>',0,'14:00',10,52),(63,0,'20:00','<p>시작 시간 : 17 : 00&nbsp;</p><p>종료 시간 : 20 : 00&nbsp;</p><p>&nbsp;</p><h3>해야할 일&nbsp;</h3><ol><li>1. 대변 &amp; 소변 치우기(바닥청소 포함)</li><li>2. 사료 &amp; 물 채우기</li><li>3. 30분씩 아이들 산책(한타임에 10마리씩)</li></ol><p>&nbsp;</p><h3>주의 할 점&nbsp;</h3><ol><li>1. 산책가실 때 가슴줄 착용 꼭 부탁드립니다.</li><li>2. 대형견의 경우 입마개 꼭 착용시켜주세요.</li><li>3. 노쇼 절대 허용하지 않습니다. 진심으로 봉사에 임하실 분만 신청주세요.</li></ol><p>&nbsp;</p>',0,'17:00',10,52),(64,2,'11:00','<p>봉사 공고 가이드 템플릿 예시 입니다.</p><p>&nbsp;</p><p>시작 시간 : 00 : 00&nbsp;</p><p>종료 시간 : 00 : 00&nbsp;</p><p>&nbsp;</p><h3>해야할 일&nbsp;</h3><p>봉사 진행 순서를 적어주시면 됩니다.</p><p>&nbsp;</p><h3>주의 할 점&nbsp;</h3><p>봉사 진행하면서 주의할 점을 적어주시면 됩니다.</p><p>&nbsp;</p>',0,'10:00',10,53),(65,6,'11:00','<p>봉사 공고</p><p>&nbsp;</p><p>시작 시간 : 10 : 00&nbsp;</p><p>종료 시간 : 11 : 00&nbsp;</p><p>&nbsp;</p><h3>해야할 일&nbsp;</h3><ol><li>1. 강아지 배변 치우기</li><li>2. 강아지 사료 주기</li></ol><p>&nbsp;</p><h3>주의 할 점&nbsp;</h3><p>케이지 안에 있는 강아지들은 조심해서 주세요!!</p>',0,'10:00',10,55),(66,1,'15:00','<p>봉사 공고</p><p>&nbsp;</p><p>시작 시간 : 12 : 00&nbsp;</p><p>종료 시간 : 15 : 00&nbsp;</p><p>&nbsp;</p><h3>해야할 일&nbsp;</h3><ol><li>보호소 강아지 산책</li></ol><p>&nbsp;</p><h3>주의 할 점&nbsp;</h3><p>대형견 위주로 산책합니다.</p><p>&nbsp;</p><p>&nbsp;</p>',0,'00:00',10,56);
/*!40000 ALTER TABLE `volunteer_schedule` ENABLE KEYS */;
UNLOCK TABLES;
/*!40103 SET TIME_ZONE=@OLD_TIME_ZONE */;

/*!40101 SET SQL_MODE=@OLD_SQL_MODE */;
/*!40014 SET FOREIGN_KEY_CHECKS=@OLD_FOREIGN_KEY_CHECKS */;
/*!40014 SET UNIQUE_CHECKS=@OLD_UNIQUE_CHECKS */;
/*!40101 SET CHARACTER_SET_CLIENT=@OLD_CHARACTER_SET_CLIENT */;
/*!40101 SET CHARACTER_SET_RESULTS=@OLD_CHARACTER_SET_RESULTS */;
/*!40101 SET COLLATION_CONNECTION=@OLD_COLLATION_CONNECTION */;
/*!40111 SET SQL_NOTES=@OLD_SQL_NOTES */;

-- Dump completed on 2023-02-17 11:30:08
